CustomerID,Frequency,MonetaryValue,AverageOrderValue,TotalQuantity,ProductDiversity,RecencyDays,PrimaryCountry,IsUK,RepeatProbability,ConditionalFutureRevenue,PredictedCLV,CLVSegment,Location,BusinessAction
12346,11,372.86,33.89636363636364,70,26,155,United Kingdom,1,0.7630837949976447,529.6065189038529,404.134152300644,Medium,UK,Grow customer value
12347,1,611.53,611.53,509,40,30,Iceland,0,0.6302126794453203,1346.6471124817297,848.6740850244146,High,Non-UK,Win back now
12348,1,222.16,222.16,373,20,64,Finland,0,0.5329509119336875,605.6382116067858,322.7754371777241,Medium,Non-UK,Low-cost nurture
12349,3,2671.14,890.3800000000001,993,90,33,Italy,0,0.8296535747841717,3388.349600999004,2811.156359087345,Very High,Non-UK,Protect loyalty
12351,1,300.93,300.93,261,21,1,Unspecified,0,0.6017380475458942,810.4849469453767,487.6996295402486,Medium,Non-UK,Low-cost nurture
12352,2,343.8,171.9,188,18,1,Norway,0,0.685814088885905,771.3746278413514,529.0195875827204,Medium,Non-UK,Grow customer value
12353,1,317.76,317.76,192,20,34,Bahrain,0,0.5561538734304574,826.751852620624,459.80124520076674,Medium,Non-UK,Low-cost nurture
12355,1,488.21,488.21,303,22,193,Bahrain,0,0.4133855347498241,1042.2908068750748,430.8679425648784,Medium,Non-UK,Win back now
12356,3,3560.3,1186.7666666666669,1825,68,6,Portugal,0,0.859862685094593,4598.73939004437,3954.284399973823,Very High,Non-UK,Protect loyalty
12357,2,12079.99,6039.995,3879,165,14,Switzerland,0,0.8654760818221345,12216.67046349715,10573.236085659712,Very High,Non-UK,Protect loyalty
12358,3,2719.01,906.3366666666668,831,52,1,Austria,0,0.8405930844282208,3750.2739899615103,3152.454380672676,Very High,Non-UK,Protect loyalty
12359,6,2563.36,427.2266666666667,1130,110,51,Cyprus,0,0.8866576268690842,3097.565748773046,2746.480295878067,Very High,Non-UK,Protect loyalty
12360,5,1590.83,318.166,1294,74,5,Austria,0,0.8845531436043877,2259.4125010376947,1998.5704304919448,Very High,Non-UK,Protect loyalty
12361,3,321.35,107.11666666666667,144,14,88,Belgium,0,0.6459340632938533,663.8289860288344,428.78975427784354,Medium,Non-UK,Low-cost nurture
12362,1,130.0,130.0,1,1,364,Belgium,0,0.0976133460167918,370.1492532701984,36.13150713732101,Low,Non-UK,Low-cost nurture
12366,1,500.24,500.24,296,3,259,Cyprus,0,0.3146307316633641,1244.7159227669383,391.6258814932012,Medium,Non-UK,Win back now
12368,1,917.7,917.7,330,18,254,Cyprus,0,0.3704967555255187,1727.031131767279,639.8594310113415,High,Non-UK,Win back now
12369,3,1791.15,597.05,1241,90,39,Austria,0,0.8216533508523812,2422.88852086652,1990.7744719117456,Very High,Non-UK,Protect loyalty
12370,3,774.62,258.20666666666665,252,33,250,Austria,0,0.5376659230288381,1114.698839430284,599.3355804014582,Medium,Non-UK,Win back now
12371,3,2179.42,726.4733333333334,845,91,35,Switzerland,0,0.8206839564705473,2841.5090384098507,2331.980879989017,Very High,Non-UK,Protect loyalty
12373,2,763.0500000000001,381.525,319,31,250,Austria,0,0.4751911841743884,1171.2493935106866,556.5673862658774,Medium,Non-UK,Win back now
12374,3,2246.29,748.7633333333333,1020,47,47,Austria,0,0.8098919697132252,3130.813063502723,2535.620358804117,Very High,Non-UK,Protect loyalty
12376,2,503.15,251.575,240,11,15,Switzerland,0,0.6847334146166929,1112.4858226068754,761.7562160262663,High,Non-UK,Protect loyalty
12377,2,1798.2,899.1,1161,75,7,Switzerland,0,0.7975671510462935,2677.892096848745,2135.798770493039,Very High,Non-UK,Protect loyalty
12378,1,1407.7,1407.7,787,82,188,Switzerland,0,0.5168476725847333,2215.0931424583705,1144.865735238012,High,Non-UK,Win back now
12379,2,767.98,383.99,408,37,48,Belgium,0,0.7017216849532928,1357.3645576252306,952.4921444726576,High,Non-UK,Protect loyalty
12380,7,6951.49,993.07,2228,119,91,Belgium,0,0.9052584851528545,6968.077491436257,6307.911274325288,Very High,Non-UK,Protect loyalty
12385,1,1938.4,1938.4,612,65,5,Belgium,0,0.7074006894660694,3420.4024657450013,2419.5950625194578,Very High,Non-UK,Protect loyalty
12387,1,143.94,143.94,134,9,41,Australia,0,0.4916939939687473,460.8605727945381,226.6023757000711,Low,Non-UK,Low-cost nurture
12388,2,1120.45,560.225,539,36,71,Australia,0,0.7000676347997807,1843.3464740047168,1290.4672061729975,High,Non-UK,Protect loyalty
12389,3,1433.33,477.7766666666666,614,41,28,Australia,0,0.7995169434811239,2197.519324743537,1756.953933759656,Very High,Non-UK,Protect loyalty
12391,5,2285.18,457.03600000000006,911,159,90,Cyprus,0,0.8478122250190361,2597.684561221607,2202.348727746889,Very High,Non-UK,Protect loyalty
12392,1,234.75000000000003,234.75000000000003,73,7,217,Australia,0,0.2990773461355199,613.7659145783201,183.56348088052425,Low,Non-UK,Low-cost nurture
12393,2,816.85,408.425,495,38,8,Australia,0,0.7453313976482533,1475.1447273758777,1099.4716813885143,High,Non-UK,Protect loyalty
12395,3,1702.54,567.5133333333333,1087,80,32,Belgium,0,0.8210375338306514,2362.2206098526185,1939.471783877331,Very High,Non-UK,Protect loyalty
12396,1,931.43,931.43,591,65,300,RSA,0,0.3645171963465,1468.0958803779413,535.1461942832138,Medium,Non-UK,Win back now
12399,3,853.65,284.55,1020,40,11,Belgium,0,0.8102687161764183,1460.8628734706758,1183.6914849968778,High,Non-UK,Protect loyalty
12400,1,205.25,205.25,91,11,40,Australia,0,0.4958962980032507,602.7743780824712,298.91358262230926,Medium,Non-UK,Low-cost nurture
12402,5,1031.3,206.26,490,40,18,Belgium,0,0.849006000696166,1645.8946585768708,1397.3744416455309,High,Non-UK,Protect loyalty
12403,1,591.6600000000001,591.6600000000001,164,4,147,Denmark,0,0.4210371350474377,1507.2496309049989,634.6080663975487,Medium,Non-UK,Win back now
12404,1,63.24,63.24,1,1,308,Finland,0,0.1109413984175326,212.4383768658436,23.568210607047497,Low,Non-UK,Low-cost nurture
12406,3,2975.06,991.6866666666668,1598,44,25,Denmark,0,0.8389084119470869,4093.1169955315527,3433.7502786350065,Very High,Non-UK,Protect loyalty
12408,3,1452.22,484.07333333333344,820,41,11,Belgium,0,0.8180178965236214,2262.869508305598,1851.0677552915872,Very High,Non-UK,Protect loyalty
12409,4,12346.62,3086.655,7592,125,46,Switzerland,0,0.907696570733099,11838.342112392414,10745.622538583826,Very High,Non-UK,Protect loyalty
12410,1,320.38,320.38,130,14,128,Switzerland,0,0.4314760608229505,799.6408333599337,345.0258768513256,Medium,Non-UK,Low-cost nurture
12411,1,346.9,346.9,138,22,35,Australia,0,0.5483814422913529,874.3749057282091,479.490971906601,Medium,Non-UK,Low-cost nurture
12412,3,1370.05,456.6833333333333,1168,50,28,Denmark,0,0.8150938217704112,2090.7267663849657,1704.1384702904154,Very High,Non-UK,Protect loyalty
12413,1,241.35,241.35,33,13,28,Spain,0,0.4826546473434347,672.1888922545845,324.4350927393105,Medium,Non-UK,Low-cost nurture
12414,3,390.0,130.0,195,9,89,Austria,0,0.654443886455402,822.3126203029774,538.1574671124058,Medium,Non-UK,Low-cost nurture
12415,7,19543.84,2791.977142857143,14073,169,1,Australia,0,0.9572505664596688,17602.44202066336,16849.947595353475,Very High,Non-UK,Protect loyalty
12416,1,202.56,202.56,132,11,282,Australia,0,0.2591672784216,496.2163294290757,128.60303560648967,Low,Non-UK,Low-cost nurture
12417,11,3148.31,286.21,1332,144,36,Belgium,0,0.9369888516780436,3736.7746388934006,3501.316177876363,Very High,Non-UK,Protect loyalty
12418,3,1352.62,450.8733333333334,681,61,39,Switzerland,0,0.7973225176929122,1984.6558699054651,1582.4108149470424,Very High,Non-UK,Protect loyalty
12419,2,503.01,251.505,231,23,11,Spain,0,0.6986241095713455,1026.2471913230895,716.9610302381876,High,Non-UK,Protect loyalty
12421,2,291.56,145.78,168,18,41,Spain,0,0.63650731314408,650.2826148273332,413.9096399480525,Medium,Non-UK,Low-cost nurture
12422,14,4428.24,316.30285714285714,2226,109,20,Switzerland,0,0.9561192349981688,5363.844257923887,5128.474668535508,Very High,Non-UK,Protect loyalty
12423,2,763.08,381.54,454,38,13,Belgium,0,0.7366682970958106,1385.9395751902025,1020.9777467330576,High,Non-UK,Protect loyalty
12424,2,1579.07,789.535,1285,59,48,Australia,0,0.7620993547238111,2396.760723333967,1826.5698006801908,Very High,Non-UK,Protect loyalty
12425,1,964.21,964.21,651,55,74,Portugal,0,0.6139432271804225,1843.058352100192,1131.533192570223,High,Non-UK,Win back now
12426,1,762.48,762.48,326,47,288,Germany,0,0.3448281677355889,1288.52015146344,444.3180429195216,Medium,Non-UK,Win back now
12429,4,2454.01,613.5024999999999,1333,56,67,Denmark,0,0.8370174309606788,3210.492825091936,2687.2384565761445,Very High,Non-UK,Protect loyalty
12431,12,4012.27,334.3558333333333,1704,123,35,Belgium,0,0.9446973104037056,4721.124928124429,4460.034021679036,Very High,Non-UK,Protect loyalty
12433,3,3418.27,1139.4233333333334,2463,120,25,Norway,0,0.8591884061708341,4115.909275994281,3536.3415307852783,Very High,Non-UK,Protect loyalty
12434,1,297.29,297.29,138,20,7,Australia,0,0.5718437894847604,794.1556058895992,454.1329511124744,Medium,Non-UK,Low-cost nurture
12435,4,6096.04,1524.0100000000002,2903,68,22,Denmark,0,0.8911353368524482,7058.439950329166,6290.025262789359,Very High,Non-UK,Protect loyalty
12437,21,7731.99,368.19,5078,216,21,France,0,0.9754896308979798,8351.448077541674,8146.751002624771,Very High,Non-UK,Protect loyalty
12439,2,1142.88,571.44,478,69,308,Cyprus,0,0.4549920830398594,1439.14494245295,654.7995551629464,High,Non-UK,Win back now
12440,2,859.2,429.6,331,21,88,Austria,0,0.6506045450777956,1536.9793752302307,999.9657672156188,High,Non-UK,Win back now
12443,1,485.31,485.31,182,21,358,Norway,0,0.2374259789755296,908.0293480090048,215.58975688954988,Low,Non-UK,Low-cost nurture
12445,1,301.58000000000004,301.58000000000004,144,20,46,Spain,0,0.5306582116889519,780.0866569544513,413.959390341862,Medium,Non-UK,Low-cost nurture
12449,2,768.6,384.3,729,10,36,Denmark,0,0.7106115355988527,1606.392615908209,1141.5211235651907,High,Non-UK,Protect loyalty
12450,3,490.32,163.44000000000003,314,25,25,Spain,0,0.7504786766665887,941.0215875118516,706.216635710587,High,Non-UK,Grow customer value
12451,3,3634.36,1211.4533333333334,2784,147,89,Switzerland,0,0.8269102066474303,4031.32161055197,3333.540986043781,Very High,Non-UK,Protect loyalty
12454,4,13151.44,3287.86,6697,9,21,Spain,0,0.8999574578418931,17193.468503711985,15473.390206085296,Very High,Non-UK,Protect loyalty
12455,4,3413.09,853.2725,1213,121,71,Cyprus,0,0.8471880292397705,3845.133893242317,3257.551405179004,Very High,Non-UK,Protect loyalty
12457,1,632.6800000000001,632.6800000000001,251,22,61,Switzerland,0,0.5631786039134271,1431.4098690434887,806.1394116758134,High,Non-UK,Win back now
12458,2,830.09,415.045,480,44,53,Switzerland,0,0.7070403908081258,1418.042893080775,1002.6136013065164,High,Non-UK,Protect loyalty
12459,1,454.36,454.36,258,23,231,Spain,0,0.3656337032978954,945.15437758985,345.5802952663942,Medium,Non-UK,Low-cost nurture
12460,1,326.65,326.65,170,18,82,Belgium,0,0.4973924499980056,822.8752457479965,409.2919345253069,Medium,Non-UK,Low-cost nurture
12466,1,56.73,56.73,1,1,308,France,0,0.1093516496883423,194.1580606301601,21.2315042301972,Low,Non-UK,Low-cost nurture
12467,1,132.8,132.8,129,9,49,USA,0,0.4783507549395912,427.9422765990224,204.7065110817097,Low,Non-UK,Low-cost nurture
12468,3,2941.2,980.4,1835,102,152,Germany,0,0.7616801855609864,3332.093062125341,2537.989261866105,Very High,Non-UK,Protect loyalty
12469,2,3070.54,1535.27,2552,76,148,Thailand,0,0.717960770911538,3799.2422587997903,2727.70690100759,Very High,Non-UK,Protect loyalty
12470,1,211.95,211.95,95,23,315,Unspecified,0,0.2340652066002795,459.5591251762028,107.56680157941165,Low,Non-UK,Low-cost nurture
12471,49,20129.54,410.8069387755102,8658,159,0,Germany,0,0.9912407141525612,22156.1990297372,21962.126549142984,Very High,Non-UK,Protect loyalty
12472,12,9677.18,806.4316666666667,6230,280,22,Germany,0,0.963685334552966,9238.707728123454,8903.207147813722,Very High,Non-UK,Protect loyalty
12474,13,5048.66,388.3584615384616,3107,197,4,Germany,0,0.9609139214503296,5641.677288320284,5421.166246677107,Very High,Non-UK,Protect loyalty
12475,1,426.26,426.26,236,25,35,Germany,0,0.5772030574249926,1033.2848902728642,596.4151978565452,Medium,Non-UK,Win back now
12476,12,7267.49,605.6241666666666,3223,225,22,Germany,0,0.9578641750267828,7376.719544210061,7065.895380618716,Very High,Non-UK,Protect loyalty
12477,3,7056.63,2352.21,2466,209,25,Germany,0,0.8766108583988913,7071.738186532294,6199.162482068293,Very High,Non-UK,Protect loyalty
12480,3,2183.2200000000003,727.7400000000001,1245,79,25,Germany,0,0.8335598086906972,2936.0876344434714,2447.4046468658216,Very High,Non-UK,Protect loyalty
12481,5,6605.6900000000005,1321.138,3864,133,2,Germany,0,0.921812051360766,7088.2069282592165,6533.994569008222,Very High,Non-UK,Protect loyalty
12482,29,23691.4,816.944827586207,27042,42,202,Sweden,0,0.969057674532372,24056.312668878643,23311.954412727177,Very High,Non-UK,Protect loyalty
12483,11,2612.2000000000003,237.4727272727273,1050,35,4,Sweden,0,0.9354920755711236,3856.911580830505,3608.110220045433,Very High,Non-UK,Protect loyalty
12484,6,1826.78,304.4633333333333,1079,110,109,Spain,0,0.8505491851853815,2228.121438771118,1895.1268742408545,Very High,Non-UK,Protect loyalty
12485,1,708.1,708.1,414,34,155,Sweden,0,0.4883410914457418,1401.7612353721147,684.5376116279499,High,Non-UK,Win back now
12486,1,1037.28,1037.28,523,49,57,Sweden,0,0.625084783821751,2005.0832337748648,1253.3470197287788,High,Non-UK,Win back now
12487,1,285.3,285.3,174,2,356,Sweden,0,0.1984083084170527,739.519186379889,146.72675081158891,Low,Non-UK,Low-cost nurture
12490,11,4405.71,400.5190909090909,2842,117,4,France,0,0.9519859040685624,5269.48601567162,5016.476408605794,Very High,Non-UK,Protect loyalty
12492,1,452.0,452.0,252,22,29,Germany,0,0.5859235436634607,1107.739141690823,649.0504433542075,High,Non-UK,Win back now
12494,2,569.17,284.58500000000004,272,28,37,France,0,0.6858363857351631,1093.051511469332,749.654498048484,High,Non-UK,Protect loyalty
12495,1,357.4,357.4,130,17,266,Sweden,0,0.2964959007263508,769.370585724608,228.1152248067777,Low,Non-UK,Low-cost nurture
12496,2,45.34,22.67,30,10,246,Spain,0,0.2837532855644676,123.59629691557592,35.070855333396146,Low,Non-UK,Low-cost nurture
12497,2,5205.400000000001,2602.7000000000003,4449,30,26,Germany,0,0.8280701563726766,7323.008304305896,6063.964631664992,Very High,Non-UK,Protect loyalty
12499,1,393.72,393.72,302,27,186,Germany,0,0.4166118992553179,854.9429402204113,356.1794020801513,Medium,Non-UK,Low-cost nurture
12500,8,1697.39,212.17375,699,61,61,Germany,0,0.8879527904972472,2342.0160518792977,2079.599688655568,Very High,Non-UK,Protect loyalty
12503,1,1126.0,1126.0,561,2,210,Spain,0,0.4094667164791367,2670.2307966066323,1093.3706365279872,High,Non-UK,Win back now
12504,2,297.0,148.5,368,8,43,Germany,0,0.6478085916720969,730.9116604426555,473.49085338807055,Medium,Non-UK,Low-cost nurture
12505,1,955.2,955.2,324,42,34,Italy,0,0.6275451689965958,1923.9721418141955,1207.3794228795316,High,Non-UK,Win back now
12507,1,539.25,539.25,362,28,210,Spain,0,0.4090199935605455,1090.55327101566,446.05809188825714,Medium,Non-UK,Win back now
12510,7,4195.45,599.35,1696,85,85,Spain,0,0.8949886215794588,4751.48769694607,4252.527424341521,Very High,Non-UK,Protect loyalty
12511,1,3084.02,3084.02,1753,190,54,Greece,0,0.7242107304850146,4356.547180530593,3155.058216004492,Very High,Non-UK,Protect loyalty
12514,1,580.08,580.08,400,33,267,Italy,0,0.3575353659105892,1089.5900875841194,389.5669906569392,Medium,Non-UK,Win back now
12516,2,1336.56,668.28,1077,38,56,Germany,0,0.7398025575036989,2174.285624133831,1608.5420654777345,Very High,Non-UK,Protect loyalty
12519,1,385.7000000000001,385.7000000000001,212,22,102,Germany,0,0.4927880313192556,913.3297450988148,450.0779670325626,Medium,Non-UK,Low-cost nurture
12523,12,2562.58,213.5483333333333,1398,105,0,France,0,0.9471681701988196,3388.5311660398406,3209.508864199629,Very High,Non-UK,Protect loyalty
12524,9,6640.39,737.8211111111111,3479,65,14,Germany,0,0.9437929091615704,7811.569411884768,7372.503820360262,Very High,Non-UK,Protect loyalty
12525,3,973.73,324.57666666666665,509,56,124,France,0,0.7090016878681098,1417.585017575246,1005.0701701573936,High,Non-UK,Protect loyalty
12527,2,386.8,193.4,292,13,120,Germany,0,0.5756162075304171,810.2595506827786,466.3985296793208,Medium,Non-UK,Low-cost nurture
12529,1,316.48,316.48,192,21,154,France,0,0.4232510232567631,745.7813827261499,315.65273336468664,Medium,Non-UK,Low-cost nurture
12530,5,2096.98,419.396,1800,66,41,Germany,0,0.8760647689390834,2820.9203859665545,2471.3089661273398,Very High,Non-UK,Protect loyalty
12531,1,1807.98,1807.98,1074,110,312,Germany,0,0.4052202592916583,2407.095872084602,975.4040134260028,High,Non-UK,Win back now
12533,2,1367.89,683.945,704,63,253,Germany,0,0.5354448008178274,1777.2419001843832,951.6149352493242,High,Non-UK,Win back now
12537,1,732.94,732.94,449,43,34,Sweden,0,0.6294922801641112,1545.7281007421077,973.0239066498904,High,Non-UK,Win back now
12538,1,276.5,276.5,145,13,4,Spain,0,0.5666207461269457,787.1333729459627,446.0060990800608,Medium,Non-UK,Low-cost nurture
12539,3,5646.400000000001,1882.1333333333328,2468,127,76,Spain,0,0.8403332274928528,5980.939309107477,5025.982033061159,Very High,Non-UK,Protect loyalty
12540,16,8854.25,553.390625,4334,171,4,Spain,0,0.970783099844616,9424.958225606131,9149.590162159937,Very High,Non-UK,Protect loyalty
12542,2,481.88,240.94,522,39,110,Spain,0,0.6332227243217641,874.1029897671251,553.501876518138,Medium,Non-UK,Low-cost nurture
12543,1,980.25,980.25,688,43,74,Spain,0,0.6120662547445171,1925.233152955552,1178.3702454394827,High,Non-UK,Win back now
12547,1,175.78,175.78,175,13,126,Spain,0,0.4205712797051386,491.4930578499185,206.70786430613197,Low,Non-UK,Low-cost nurture
12549,6,1575.68,262.61333333333334,1366,38,201,USA,0,0.7787339808000855,2084.864535774704,1623.5548593727572,Very High,Non-UK,Protect loyalty
12553,2,916.47,458.235,360,39,11,France,0,0.7377234369048474,1606.5962813867925,1185.2237304232117,High,Non-UK,Protect loyalty
12554,1,468.5,468.5,240,26,74,Spain,0,0.5389357184296476,1080.0570449269449,582.0813194527052,Medium,Non-UK,Win back now
12555,1,129.23,129.23,1,1,308,Spain,0,0.121972018506838,384.8832428646175,46.94498602165497,Low,Non-UK,Low-cost nurture
12557,3,6105.18,2035.06,1998,15,58,Spain,0,0.8270351982877163,8273.348668235156,6842.350556337276,Very High,Non-UK,Protect loyalty
12562,2,1185.18,592.59,548,33,11,France,0,0.7541844668010006,2046.2705179090988,1543.265439479881,High,Non-UK,Protect loyalty
12563,1,249.24,249.24,113,13,34,Italy,0,0.5205772192369469,701.899453337905,365.3928656025798,Medium,Non-UK,Low-cost nurture
12567,5,2366.2,473.24,1003,86,14,France,0,0.8840131986502032,3058.2654417468334,2703.547015479995,Very High,Non-UK,Protect loyalty
12568,1,70.0,70.0,48,5,270,Germany,0,0.2054519198003279,220.6887612610475,45.34092967943846,Low,Non-UK,Low-cost nurture
12570,1,77.52,77.52,1,1,308,Spain,0,0.1139826389122266,251.5364027555676,28.670782968568265,Low,Non-UK,Low-cost nurture
12573,4,556.87,139.2175,395,83,7,France,0,0.8226982350121139,911.1415738851996,749.5945646815132,High,Non-UK,Grow customer value
12575,2,622.82,311.41,315,34,83,France,0,0.6510146652030173,1114.32848100823,725.4441829897597,High,Non-UK,Win back now
12576,3,826.89,275.63,527,51,18,Poland,0,0.7923065541043609,1359.367894806055,1077.0360924938848,High,Non-UK,Protect loyalty
12577,5,990.5,198.1,722,144,7,France,0,0.8723237445216127,1389.4022987165235,1212.008615863334,High,Non-UK,Protect loyalty
12578,2,1847.94,923.97,1184,53,11,Italy,0,0.7915328250160409,2846.096848648677,2252.779078880139,Very High,Non-UK,Protect loyalty
12580,1,637.2,637.2,331,34,202,Germany,0,0.4242421495461516,1232.0168510470733,522.6734771652913,Medium,Non-UK,Win back now
12582,2,1469.04,734.52,685,79,48,Finland,0,0.7474141412103587,2156.118322256425,1611.5133241772048,Very High,Non-UK,Protect loyalty
12583,12,6310.2,525.85,3475,85,11,France,0,0.95643559989479,7430.508742896951,7106.803087036128,Very High,Non-UK,Protect loyalty
12586,3,1865.73,621.91,608,76,0,Italy,0,0.8311122747296555,2604.5110957845063,2164.641141376089,Very High,Non-UK,Protect loyalty
12588,3,743.88,247.96,385,27,25,Finland,0,0.768408535187583,1325.445525779115,1018.4836549348656,High,Non-UK,Protect loyalty
12589,6,4048.98,674.83,1458,100,47,France,0,0.897875732690757,4627.1242733382405,4154.58259717476,Very High,Non-UK,Protect loyalty
12591,2,886.1,443.05,425,38,16,Italy,0,0.7366247235238712,1565.04200721568,1152.8486358684947,High,Non-UK,Protect loyalty
12592,3,2145.06,715.02,1585,32,145,Germany,0,0.738417904564966,2939.844189507648,2170.8335861637283,Very High,Non-UK,Protect loyalty
12594,5,1751.89,350.37800000000004,991,60,4,Italy,0,0.8809450007513405,2500.6873589340976,2202.9680272950663,Very High,Non-UK,Protect loyalty
12595,1,299.02,299.02,271,19,130,Germany,0,0.4579989147531179,737.4346451480731,337.74426717916805,Medium,Non-UK,Low-cost nurture
12598,3,1511.01,503.67,942,69,89,France,0,0.7717291376447994,2075.135900292312,1601.4428388283504,Very High,Non-UK,Protect loyalty
12599,6,1264.14,210.69000000000003,1233,37,7,France,0,0.8887238985291765,2022.1729509768245,1797.1534284923728,Very High,Non-UK,Protect loyalty
12600,11,2368.38,215.3072727272728,609,32,1,Germany,0,0.9300880952565704,3565.7860388074323,3316.495144926876,Very High,Non-UK,Protect loyalty
12601,1,104.2,104.2,45,6,30,Germany,0,0.4466157486802378,363.76395458340585,162.46271091915185,Low,Non-UK,Low-cost nurture
12605,4,1232.95,308.2375,929,63,2,Germany,0,0.8556959332199534,1861.8131451372767,1593.1459367094185,Very High,Non-UK,Protect loyalty
12606,1,21.0,21.0,1,1,308,Spain,0,0.0958831239150746,85.95345536952668,8.241485812125163,Low,Non-UK,Low-cost nurture
12608,1,415.79,415.79,323,16,30,United Kingdom,1,0.555237966974021,843.072790796986,468.10602237323263,Medium,UK,Low-cost nurture
12609,6,2309.01,384.835,905,84,0,Germany,0,0.9018207275027296,3038.159639682028,2739.875336527478,Very High,Non-UK,Protect loyalty
12613,5,3472.99,694.5980000000001,2513,132,14,Germany,0,0.9049464380086656,4072.09625251678,3685.028998943496,Very High,Non-UK,Protect loyalty
12615,4,3449.79,862.4475,1941,147,39,France,0,0.8743489817074017,3919.298923855079,3426.835023079604,Very High,Non-UK,Protect loyalty
12616,1,417.8,417.8,214,22,14,France,0,0.5936523066505237,1046.4545686378617,621.2301684768453,Medium,Non-UK,Win back now
12619,1,140.14,140.14,140,10,186,Germany,0,0.3376531406680622,397.9235581632712,134.3601391596388,Low,Non-UK,Low-cost nurture
12621,15,10621.53,708.1020000000001,6266,156,2,Germany,0,0.9715351694693992,11109.740662423495,10793.503777228683,Very High,Non-UK,Protect loyalty
12623,6,3442.74,573.7900000000001,1780,109,42,Germany,0,0.9008543300392072,4028.461167106832,3629.056685782988,Very High,Non-UK,Protect loyalty
12625,2,2481.06,1240.5300000000002,1697,85,135,Germany,0,0.7130229527023062,3145.97225008545,2243.1504228754457,Very High,Non-UK,Protect loyalty
12629,2,1558.22,779.11,722,40,11,Sweden,0,0.7714258498897874,2528.1803654737087,1950.3036871102288,Very High,Non-UK,Protect loyalty
12631,5,2841.07,568.214,1371,105,82,Finland,0,0.8598251074619049,3318.095564165096,2852.981875027124,Very High,Non-UK,Protect loyalty
12632,2,804.88,402.44,694,32,146,Germany,0,0.6198123527537146,1341.882807055635,831.7155397609121,High,Non-UK,Win back now
12633,3,3514.18,1171.3933333333332,2076,182,8,Germany,0,0.8694263218535574,4050.8282013001126,3521.8966635170186,Very High,Non-UK,Protect loyalty
12634,2,490.0,245.0,337,20,161,USA,0,0.5518774345964148,912.9371384837276,503.8294059341914,Medium,Non-UK,Low-cost nurture
12635,2,1241.23,620.615,777,77,18,Germany,0,0.7702863921229388,1927.018958068236,1484.3564807628863,High,Non-UK,Protect loyalty
12636,1,141.0,141.0,1,1,364,USA,0,0.0986968010866116,396.0932359002352,39.09313531539786,Low,Non-UK,Low-cost nurture
12637,4,2280.91,570.2275,1263,162,4,France,0,0.8786472651970236,2795.4976127977566,2456.256332349557,Very High,Non-UK,Protect loyalty
12638,1,249.8,249.8,86,9,265,Sweden,0,0.2655626875028166,607.8904696810405,161.43302683584656,Low,Non-UK,Low-cost nurture
12639,2,826.27,413.1350000000001,430,39,60,Sweden,0,0.6951371681864532,1422.0644634683642,988.5298641139868,High,Non-UK,Protect loyalty
12643,6,4960.18,826.6966666666667,2857,14,11,France,0,0.9103233806479244,7168.715183443537,6525.849040694426,Very High,Non-UK,Protect loyalty
12644,3,1440.58,480.1933333333333,707,76,56,Germany,0,0.7899890026268063,2012.8842298392872,1590.1564051339656,Very High,Non-UK,Protect loyalty
12645,4,1764.12,441.03,1041,72,35,Germany,0,0.8472042821907291,2414.4182155711296,2045.50545123116,Very High,Non-UK,Protect loyalty
12647,24,13232.73,551.36375,5202,212,11,Germany,0,0.9807291695104952,13444.332450886088,13185.248999180514,Very High,Non-UK,Protect loyalty
12648,3,793.95,264.65000000000003,358,32,63,Germany,0,0.7390385036957581,1330.369299085045,983.194136158586,High,Non-UK,Protect loyalty
12649,5,1671.14,334.228,1373,75,8,Germany,0,0.884915421145161,2347.527743178043,2077.363501504347,Very High,Non-UK,Protect loyalty
12651,3,263.75,87.91666666666667,187,21,4,France,0,0.7338329123396822,577.3834577491044,423.7029843367811,Medium,Non-UK,Grow customer value
12652,1,97.05,97.05,31,3,60,Germany,0,0.3883576716737474,355.86067940605614,138.2012248943739,Low,Non-UK,Low-cost nurture
12653,1,1950.98,1950.98,762,43,152,Israel,0,0.5561143809840731,3229.3178644204936,1795.8701051730116,Very High,Non-UK,Win back now
12655,1,261.35,261.35,80,16,49,France,0,0.4969904088327367,700.9864531138427,348.3835439192587,Medium,Non-UK,Low-cost nurture
12656,3,2356.66,785.5533333333333,1137,108,51,France,0,0.8200412907066257,2950.9760043335477,2419.9221714379632,Very High,Non-UK,Protect loyalty
12661,1,162.0,162.0,216,11,62,Sweden,0,0.4931277521339,493.56490937901015,243.39055429424332,Low,Non-UK,Low-cost nurture
12662,9,2876.76,319.64000000000004,1366,89,7,Germany,0,0.9317858273561443,3699.224146220244,3446.8846316616573,Very High,Non-UK,Protect loyalty
12663,2,239.4,119.7,181,9,250,Germany,0,0.390610770420687,506.394621346896,197.80319318120308,Low,Non-UK,Low-cost nurture
12664,2,1188.16,594.08,292,4,140,Finland,0,0.5761886289782963,2305.5645357118387,1328.4400688527865,High,Non-UK,Win back now
12665,2,250.6,125.3,128,13,43,Germany,0,0.6145024628961353,590.8500927609696,363.0788372040258,Medium,Non-UK,Low-cost nurture
12666,1,1248.42,1248.42,370,31,20,Israel,0,0.6505832581856034,2527.517987829525,1644.3608876448525,Very High,Non-UK,Win back now
12668,6,7575.88,1262.6466666666668,3415,233,4,Germany,0,0.9338800455084476,7422.349098807882,6931.5837141742895,Very High,Non-UK,Protect loyalty
12670,2,764.24,382.12,230,21,11,France,0,0.7103310500221286,1470.9381202794816,1044.8530194957002,High,Non-UK,Protect loyalty
12671,1,2622.481,2622.481,1460,45,232,Germany,0,0.5020913492235242,3909.443530792787,1962.8977770889287,Very High,Non-UK,Win back now
12672,1,211.15,211.15,60,12,221,France,0,0.2939113911983138,526.5930657140997,154.77170053941614,Low,Non-UK,Low-cost nurture
12673,1,619.5,619.5,349,32,27,Germany,0,0.6172630482558186,1391.2788862347152,858.7850462912005,High,Non-UK,Win back now
12675,2,957.25,478.625,336,111,179,Italy,0,0.5880955552567195,1289.8034548915352,758.5276789764727,High,Non-UK,Win back now
12676,5,1511.7,302.34000000000003,1197,47,34,Sweden,0,0.8645239918864691,2229.446559075838,1927.410038949797,Very High,Non-UK,Protect loyalty
12677,2,395.1,197.55,176,13,181,France,0,0.4905432525491593,779.3444044974203,382.3021390381522,Medium,Non-UK,Low-cost nurture
12678,9,16652.72,1850.3022222222223,11449,140,1,France,0,0.9625871058849904,15888.55447687649,15294.11767059255,Very High,Non-UK,Protect loyalty
12681,23,16047.22,697.7052173913044,9475,339,4,France,0,0.9832858318939218,15099.404865686702,14847.03087445988,Very High,Non-UK,Protect loyalty
12682,21,10670.4,508.1142857142857,4967,202,11,France,0,0.977454251535707,11102.641533564878,10852.324170259912,Very High,Non-UK,Protect loyalty
12683,6,3157.13,526.1883333333334,2032,108,82,France,0,0.8841774243348002,3643.605451360818,3221.593683276445,Very High,Non-UK,Protect loyalty
12687,2,2138.91,1069.455,1403,126,106,Sweden,0,0.7349586035962126,2703.7630480880057,1987.1539142778,Very High,Non-UK,Protect loyalty
12691,1,134.6,134.6,51,7,46,France,0,0.4452761485788255,438.4866521549339,195.2476476747721,Low,Non-UK,Low-cost nurture
12692,1,110.95,110.95,36,13,263,France,0,0.2265383916441856,292.59225258576754,66.2833783083291,Low,Non-UK,Low-cost nurture
12693,3,847.11,282.37,281,35,22,Germany,0,0.7696890333705639,1429.2375269834176,1100.068450600802,High,Non-UK,Protect loyalty
12694,1,973.68,973.68,846,46,47,France,0,0.6480998846156502,1946.9846867435508,1261.840550826933,High,Non-UK,Win back now
12695,3,825.02,275.00666666666666,234,28,154,France,0,0.638341830296821,1289.5164792850285,823.1523095847176,High,Non-UK,Win back now
12696,2,851.91,425.955,564,43,60,Finland,0,0.7057900938171416,1449.1628303533328,1022.8047699913932,High,Non-UK,Protect loyalty
12698,1,339.75,339.75,111,16,216,Germany,0,0.3375069075666888,770.1091158742759,259.91714618764365,Medium,Non-UK,Low-cost nurture
12699,1,638.11,638.11,373,41,43,Germany,0,0.6079204001234454,1369.9419086943462,832.8156332793435,High,Non-UK,Win back now
12701,4,1648.7,412.175,1049,80,155,Germany,0,0.7638007796744959,2051.374049903728,1566.8410987204957,Very High,Non-UK,Protect loyalty
12703,3,722.98,240.9933333333333,431,44,259,Germany,0,0.5494138478642229,1019.8627178587204,560.3267001120238,Medium,Non-UK,Win back now
12705,5,4893.81,978.762,3191,196,9,Germany,0,0.916224559999843,5219.315702659943,4782.0652331698775,Very High,Non-UK,Protect loyalty
12708,8,2404.75,300.59375,1125,79,30,Germany,0,0.9129060136310538,3139.192457398657,2865.78767230448,Very High,Non-UK,Protect loyalty
12709,19,20585.24,1083.4336842105265,9860,152,12,Germany,0,0.9792498168260342,19893.27287499923,19480.48381891331,Very High,Non-UK,Protect loyalty
12711,2,1339.05,669.5250000000001,770,56,237,Germany,0,0.5534334944570952,1795.3038781271296,993.5812988842724,High,Non-UK,Win back now
12712,8,2326.9,290.8625,1143,89,25,Germany,0,0.9151567845501216,3024.008214097251,2767.441633666396,Very High,Non-UK,Protect loyalty
12714,7,9384.85,1340.6928571428573,5705,324,14,France,0,0.9457636339024544,8586.918043820779,8121.194813146494,Very High,Non-UK,Protect loyalty
12717,1,277.93,277.93,94,16,216,Greece,0,0.3255324155892266,649.1553358494785,211.3211045717164,Low,Non-UK,Low-cost nurture
12720,5,2005.55,401.11,1346,112,37,Germany,0,0.8770588416665855,2548.13721645516,2234.86627547168,Very High,Non-UK,Protect loyalty
12721,2,1356.95,678.4749999999999,696,73,11,France,0,0.7746995251016981,2096.902277448324,1624.469198523886,Very High,Non-UK,Protect loyalty
12724,3,1286.11,428.7033333333333,934,66,9,France,0,0.8245804301231026,1940.598607931596,1600.1796348245296,Very High,Non-UK,Protect loyalty
12725,3,1838.96,612.9866666666667,978,72,40,Italy,0,0.8139920079167915,2530.555786773709,2059.8521860213878,Very High,Non-UK,Protect loyalty
12726,4,1405.5,351.375,1475,30,13,France,0,0.8534356374267303,2264.0138602228585,1932.1901119422475,Very High,Non-UK,Protect loyalty
12727,3,1698.8300000000002,566.2766666666668,734,44,68,France,0,0.7791341297070866,2442.5085107873697,1903.0417428544692,Very High,Non-UK,Protect loyalty
12728,1,233.84,233.84,124,15,9,France,0,0.5518561219053373,668.9574607420807,369.16827000476655,Medium,Non-UK,Low-cost nurture
12730,1,829.25,829.25,234,47,147,Germany,0,0.4888746443866785,1535.0917992244683,750.4674574467685,High,Non-UK,Win back now
12731,5,6879.8,1375.96,3204,72,68,France,0,0.8913337186406667,7464.247108853381,6653.1351323871295,Very High,Non-UK,Protect loyalty
12733,3,2040.92,680.3066666666667,759,106,15,USA,0,0.8315654436428107,2678.13581235586,2227.0451949374,Very High,Non-UK,Protect loyalty
12734,2,529.25,264.625,177,13,0,France,0,0.6939652758219971,1146.7075308563374,795.7752079378794,High,Non-UK,Protect loyalty
12737,2,3710.5,1855.25,2,2,124,France,0,0.4637407521439828,5946.568316209274,2757.666063634466,Very High,Non-UK,Win back now
12739,2,1713.69,856.845,465,51,11,United Arab Emirates,0,0.7659884971488983,2640.7634420074064,2022.794420269005,Very High,Non-UK,Protect loyalty
12741,2,406.07,203.035,214,16,155,USA,0,0.5313547534378268,797.8031176258842,423.9164788580312,Medium,Non-UK,Low-cost nurture
12742,1,1201.52,1201.52,1359,67,251,United Arab Emirates,0,0.4561662788274926,1908.992060144393,870.8178043872969,High,Non-UK,Win back now
12744,4,4037.77,1009.4425,1753,110,85,Singapore,0,0.8482773970081052,4456.053732119586,3779.969660810655,Very High,Non-UK,Protect loyalty
12745,3,925.41,308.47,468,21,112,United Kingdom,1,0.6751252021503157,1203.786888856633,812.7068666852339,High,UK,Protect loyalty
12746,1,254.55,254.55,97,17,166,United Kingdom,1,0.3476261802461857,488.8760658590325,169.9461193883582,Low,UK,Low-cost nurture
12747,15,4702.47,313.498,1365,67,14,United Kingdom,1,0.9502330020668812,4701.768714582044,4467.775800681437,Very High,UK,Protect loyalty
12748,127,20486.45,161.31062992125985,11822,1230,1,United Kingdom,1,0.9965459211429224,16072.858114699711,16017.341195312922,Very High,UK,Protect loyalty
12749,4,2806.48,701.62,889,121,25,United Kingdom,1,0.8486320506389226,2640.524944985001,2240.8340988258497,Very High,UK,Protect loyalty
12751,1,268.27,268.27,189,61,70,Brazil,0,0.5296323658807309,612.6620572576242,324.4856548707113,Medium,Non-UK,Low-cost nurture
12755,9,1424.31,158.25666666666666,802,31,11,Japan,0,0.9116881514982542,2299.6329714175185,2096.548132836075,Very High,Non-UK,Protect loyalty
12758,5,7111.650000000001,1422.33,4020,146,85,Portugal,0,0.892744574268232,6992.4379360511575,6242.461028317025,Very High,Non-UK,Protect loyalty
12759,5,3489.3,697.86,2300,151,12,Netherlands,0,0.9055567881705556,4023.45709726124,3643.468886337915,Very High,Non-UK,Protect loyalty
12760,1,347.8,347.8,198,21,81,Netherlands,0,0.5091197095556977,855.0550855863505,435.32539682784505,Medium,Non-UK,Low-cost nurture
12761,2,782.95,391.475,281,27,83,Netherlands,0,0.6513326250188017,1383.0779675218437,900.8438031916714,High,Non-UK,Win back now
12765,6,1404.58,234.09666666666664,1009,49,98,Netherlands,0,0.8426348967254849,1982.718158959837,1670.7075111108657,Very High,Non-UK,Protect loyalty
12766,2,1929.36,964.68,1376,85,14,Portugal,0,0.7996733456237672,2791.7570248850698,2232.4936802584984,Very High,Non-UK,Protect loyalty
12767,1,949.82,949.82,598,43,1,Korea,0,0.6809975266529427,1980.6338523355944,1348.8067546456296,High,Non-UK,Protect loyalty
12768,1,168.69,168.69,102,10,76,Korea,0,0.4507084283003356,503.646357421092,226.99765817244943,Low,Non-UK,Low-cost nurture
12770,1,1895.0,1895.0,1100,16,82,Japan,0,0.6260091259358556,3753.983333401106,2350.027825320196,Very High,Non-UK,Win back now
12771,1,282.3,282.3,104,15,111,Portugal,0,0.4388966249426015,720.6086566930604,316.27270732700606,Medium,Non-UK,Low-cost nurture
12773,1,124.25,124.25,109,6,190,Portugal,0,0.3143462274327353,377.1361638465366,118.55133033361273,Low,Non-UK,Low-cost nurture
12774,1,98.7,98.7,53,6,161,Netherlands,0,0.312873667552582,314.58088713742205,98.42407590063011,Low,Non-UK,Low-cost nurture
12775,2,300.08000000000004,150.04,206,13,14,Netherlands,0,0.6663117110659038,708.1734873229992,471.86428806969576,Medium,Non-UK,Low-cost nurture
12776,1,55.5,55.5,46,4,293,Portugal,0,0.1809095385491684,182.6248472109248,33.0385768365408,Low,Non-UK,Low-cost nurture
12777,1,519.45,519.45,458,26,83,United Kingdom,1,0.5257794279691621,927.5322456158908,487.6773735228754,Medium,UK,Low-cost nurture
12778,3,953.45,317.81666666666666,910,55,22,Netherlands,0,0.8063680789595623,1527.3518482686218,1231.6077757837054,High,Non-UK,Protect loyalty
12779,6,2492.75,415.4583333333333,1477,82,18,Poland,0,0.9017713053236996,3230.1568945895096,2912.86279923433,Very High,Non-UK,Protect loyalty
12780,1,337.4,337.4,285,20,224,Netherlands,0,0.3634109807458909,754.0697890540985,274.037241590997,Medium,Non-UK,Low-cost nurture
12782,6,2287.32,381.22,931,94,0,Portugal,0,0.90279825562453,2975.921990477035,2686.657181877346,Very High,Non-UK,Protect loyalty
12784,1,1230.33,1230.33,582,72,155,Portugal,0,0.535408387675493,2051.2425448682707,1098.252463679296,High,Non-UK,Win back now
12785,2,788.45,394.225,322,36,161,Portugal,0,0.578594327955397,1268.757368959113,734.0958172313556,High,Non-UK,Win back now
12786,1,728.5000000000001,728.5000000000001,324,18,235,Netherlands,0,0.3816510249244011,1444.288233514876,551.2140846072052,Medium,Non-UK,Win back now
12787,1,398.52,398.52,249,24,39,Netherlands,0,0.5714742729110093,979.1400375752318,559.5533410513639,Medium,Non-UK,Win back now
12788,4,444.9,111.225,194,20,89,Netherlands,0,0.7162138810925656,826.4337828435735,591.9033470764062,Medium,Non-UK,Grow customer value
12789,2,181.5,90.75,32,2,138,Netherlands,0,0.4203022924366048,492.4565950453499,206.9806358230853,Low,Non-UK,Low-cost nurture
12790,1,266.93,266.93,140,16,36,Netherlands,0,0.5322207297927899,727.7825239817772,387.3409460440201,Medium,Non-UK,Low-cost nurture
12791,5,670.91,134.182,256,17,18,Netherlands,0,0.8184330510955303,1254.9772665002542,1027.1148732773315,High,Non-UK,Protect loyalty
12792,1,426.47,426.47,177,22,160,Portugal,0,0.4256983426428817,946.3111041914372,402.8430686788502,Medium,Non-UK,Low-cost nurture
12793,1,340.05,340.05,166,20,27,Portugal,0,0.5612953418743802,877.5922522217837,492.5884432371335,Medium,Non-UK,Low-cost nurture
12796,1,381.0,381.0,182,7,254,Netherlands,0,0.3069909085747264,908.1014821276716,278.77889907642964,Medium,Non-UK,Low-cost nurture
12797,1,298.05,298.05,97,17,50,Portugal,0,0.5087667285384575,779.0288834209308,396.3439764550344,Medium,Non-UK,Low-cost nurture
12798,1,1533.89,1533.89,3199,25,47,Japan,0,0.695411996693644,3129.571599421275,2176.34163474927,Very High,Non-UK,Protect loyalty
12799,1,219.35,219.35,137,15,155,Japan,0,0.3913190877043176,566.4704258802062,221.67069026691857,Low,Non-UK,Low-cost nurture
12800,3,584.25,194.75,284,31,96,Portugal,0,0.6923103651490131,1003.155119095702,694.4946868022472,High,Non-UK,Protect loyalty
12801,1,1071.82,1071.82,505,50,126,Sweden,0,0.5506572233875774,1946.560647065517,1071.8876810686236,High,Non-UK,Win back now
12802,6,1988.84,331.4733333333333,1658,89,68,Netherlands,0,0.8788245851407459,2551.985300028173,2242.7474225825413,Very High,Non-UK,Protect loyalty
12803,1,1092.81,1092.81,872,55,19,Netherlands,0,0.683821562983691,2147.876945213445,1468.7645697724938,High,Non-UK,Protect loyalty
12804,2,325.37,162.685,270,60,91,Netherlands,0,0.6246423332706755,600.7907745108173,375.2793511979333,Medium,Non-UK,Low-cost nurture
12805,4,1434.95,358.7375,593,44,7,Netherlands,0,0.8441510502457867,2178.8007346739814,1839.2369284513327,Very High,Non-UK,Protect loyalty
12806,4,2878.96,719.74,2087,58,61,Netherlands,0,0.8524992737417937,3700.493570798947,3154.668081592279,Very High,Non-UK,Protect loyalty
12807,1,330.35,330.35,145,16,9,Sweden,0,0.571348076938299,888.9485422245584,507.8990400971058,Medium,Non-UK,Low-cost nurture
12808,2,293.05,146.525,134,19,61,Portugal,0,0.6089706195582248,636.4529038711127,387.5811191900228,Medium,Non-UK,Low-cost nurture
12809,2,1266.63,633.315,298,52,191,Portugal,0,0.5672680036193654,1762.7976583972168,999.9787084638812,High,Non-UK,Win back now
12810,2,534.99,267.495,389,32,160,Japan,0,0.5697933268923073,933.7999859470884,532.0730006447812,Medium,Non-UK,Low-cost nurture
12811,2,519.0500000000001,259.525,205,23,4,Portugal,0,0.702623620928626,1057.127956531498,742.7630726030403,High,Non-UK,Protect loyalty
12813,3,1687.8,562.6,1141,37,127,Netherlands,0,0.7399283632546741,2385.0490848702884,1764.7654656501309,Very High,Non-UK,Protect loyalty
12817,2,524.94,262.47,166,16,25,Austria,0,0.6706257519030018,1089.938233200942,730.9406471682111,High,Non-UK,Win back now
12819,1,540.52,540.52,344,19,84,United Kingdom,1,0.510226146040367,988.287021899562,504.24987836552526,Medium,UK,Win back now
12820,7,1747.18,249.59714285714287,1242,87,23,United Kingdom,1,0.8931976212544784,1866.0811704760883,1666.779262537015,Very High,UK,Protect loyalty
12821,1,128.08,128.08,92,7,237,United Kingdom,1,0.2458906077514362,286.7857931034978,70.51793296069674,Low,UK,Low-cost nurture
12823,13,4742.0,364.7692307692308,700,1,20,United Kingdom,1,0.919585172417362,7001.24640610796,6438.242383497224,Very High,UK,Protect loyalty
12825,2,518.63,259.315,139,20,147,United Kingdom,1,0.5080805566349142,747.6112882833401,379.8467594975448,Medium,UK,Low-cost nurture
12826,5,1326.03,265.206,857,50,30,United Kingdom,1,0.8438760961617398,1552.1387147622058,1309.8127593150305,High,UK,Protect loyalty
12829,1,92.3,92.3,174,8,176,United Kingdom,1,0.3107315897254507,228.26965556324896,70.93059295924941,Low,UK,Low-cost nurture
12831,2,236.06,118.03,168,13,89,United Kingdom,1,0.5421764938475807,427.2283199905924,231.63315260489165,Low,UK,Low-cost nurture
12835,41,5996.83,146.2641463414634,2349,138,53,United Kingdom,1,0.9787234184342596,5881.153423780434,5756.022583258736,Very High,UK,Protect loyalty
12836,11,3949.37,359.03363636363633,1169,173,15,United Kingdom,1,0.9371692663417872,3516.2331862367378,3295.3056754321283,Very High,UK,Protect loyalty
12837,1,528.5600000000001,528.5600000000001,170,73,195,United Kingdom,1,0.3866572988397218,750.9866135173413,290.3744554474053,Medium,UK,Low-cost nurture
12838,8,2303.96,287.995,1251,151,13,United Kingdom,1,0.9139387660559928,2234.3313842110365,2042.0420682460133,Very High,UK,Protect loyalty
12839,12,4077.7,339.80833333333334,2771,111,5,United Kingdom,1,0.9486497028207131,3923.806430269415,3722.317804001084,Very High,UK,Protect loyalty
12840,3,1315.2,438.4,747,57,63,United Kingdom,1,0.7586512046425586,1506.8596243836723,1143.1808692659065,High,UK,Protect loyalty
12841,15,2966.62,197.77466666666663,2288,129,5,United Kingdom,1,0.954480175242461,3009.923853744515,2872.912647388528,Very High,UK,Protect loyalty
12842,2,799.0,399.5,340,13,30,United Kingdom,1,0.6724849492638727,1253.9488780563993,843.2617476392478,High,UK,Win back now
12843,22,4881.1,221.86818181818185,2247,77,8,United Kingdom,1,0.9676195947206336,5051.236583545479,4887.675495808314,Very High,UK,Protect loyalty
12844,2,322.64,161.32,98,43,68,United Kingdom,1,0.5795496450065749,486.7817816776223,282.11420876693404,Medium,UK,Low-cost nurture
12846,1,15.58,15.58,1,1,308,United Kingdom,1,0.0826057319834618,52.82693282912634,4.36380745479115,Low,UK,Low-cost nurture
12847,1,765.36,765.36,624,34,13,United Kingdom,1,0.631773155429002,1321.2095116094877,834.7047021323367,High,UK,Win back now
12848,1,208.0,208.0,58,16,301,United Kingdom,1,0.2071098856719546,370.62816468440144,76.76075681459277,Low,UK,Low-cost nurture
12849,4,2032.18,508.045,1258,80,7,United Kingdom,1,0.8549842772076975,2159.5861181578543,1846.4121763009705,Very High,UK,Protect loyalty
12850,1,330.0,330.0,200,2,71,United Kingdom,1,0.4507984887351891,821.235742741716,370.2118317232861,Medium,UK,Low-cost nurture
12851,1,148.95,148.95,51,30,103,United Kingdom,1,0.3827978032510539,304.13711278259296,116.42301866029462,Low,UK,Low-cost nurture
12853,5,1950.4,390.08,868,58,53,United Kingdom,1,0.8396762317140034,2068.670786095993,1737.0136903259288,Very High,UK,Protect loyalty
12854,4,1654.72,413.68,1004,120,187,United Kingdom,1,0.7179420676200287,1499.296716592299,1076.4081846861952,High,UK,Protect loyalty
12855,3,574.74,191.58,210,63,20,United Kingdom,1,0.7384607255422798,754.2889357297307,557.012754747491,Medium,UK,Grow customer value
12857,4,2581.6,645.4,1077,46,62,United Kingdom,1,0.8176250951581395,2689.7880462834964,2199.23820729777,Very High,UK,Protect loyalty
12858,1,147.27,147.27,51,36,9,United Kingdom,1,0.4888621011249415,317.5600715548394,155.24308381368556,Low,UK,Low-cost nurture
12859,1,575.1,575.1,292,21,84,United Kingdom,1,0.5085210255993468,1026.2321764960896,521.8606388948413,Medium,UK,Win back now
12860,1,54.22,54.22,26,16,319,United Kingdom,1,0.1496347346684542,117.4897570717166,17.580548625687463,Low,UK,Low-cost nurture
12861,1,68.25,68.25,27,4,245,United Kingdom,1,0.1885848166679116,174.81434135549725,32.96733051544817,Low,UK,Low-cost nurture
12862,2,984.62,492.31,611,119,51,United Kingdom,1,0.7118612717510848,1147.7429704723384,817.0337706038066,High,UK,Protect loyalty
12863,5,2271.35,454.27,707,23,5,United Kingdom,1,0.8576974066485492,2707.2469669649545,2321.998702722992,Very High,UK,Protect loyalty
12864,1,152.45,152.45,231,4,134,United Kingdom,1,0.3688627344816904,386.574963994341,142.59309830111363,Low,UK,Low-cost nurture
12865,2,1755.24,877.6200000000001,1048,93,4,Austria,0,0.7993773201494563,2559.8171263764634,2046.2597545554995,Very High,Non-UK,Protect loyalty
12866,2,668.23,334.115,382,34,100,Belgium,0,0.6423545865476512,1170.1269132850923,751.6363895915248,High,Non-UK,Win back now
12867,6,3819.92,636.6533333333333,3592,260,23,United Kingdom,1,0.9132173456314748,3194.811323072906,2917.557116250019,Very High,UK,Protect loyalty
12868,2,436.7,218.35,242,26,6,United Kingdom,1,0.6762600836988096,708.6321449209746,479.2196336359253,Medium,UK,Grow customer value
12869,1,337.67,337.67,144,35,307,United Kingdom,1,0.2479051904773084,513.72769361465,127.35576173900814,Low,UK,Low-cost nurture
12870,3,1676.95,558.9833333333333,906,85,1,United Kingdom,1,0.8202119177523114,1855.5880763560333,1521.9754546663046,High,UK,Protect loyalty
12871,1,363.38,363.38,284,7,65,United Kingdom,1,0.4922011395025302,800.1710444179196,393.84509985942975,Medium,UK,Low-cost nurture
12872,10,2683.99,268.399,1323,189,9,United Kingdom,1,0.931797871576824,2518.0473220511085,2346.311135216944,Very High,UK,Protect loyalty
12873,2,1653.3,826.6499999999999,658,30,23,United Kingdom,1,0.7342517664551192,2131.5003981467744,1565.057932539059,Very High,UK,Protect loyalty
12874,2,948.42,474.21,623,44,11,Belgium,0,0.7552750692084653,1645.8004208177588,1243.032026736454,High,Non-UK,Protect loyalty
12875,3,1013.76,337.92,3168,2,97,United Kingdom,1,0.7181826881768395,1724.6676564132758,1238.6264536945362,High,UK,Protect loyalty
12876,2,1863.77,931.885,1106,70,20,Belgium,0,0.7868725165359854,2751.446506115724,2165.0376363814244,Very High,Non-UK,Protect loyalty
12877,8,1406.37,175.79625,1059,76,27,United Kingdom,1,0.8955911414859101,1583.1040709491806,1417.813981992368,High,UK,Protect loyalty
12880,2,640.13,320.065,279,32,7,United Kingdom,1,0.6954685424158084,953.9841451970732,663.4659629479994,High,UK,Grow customer value
12887,1,222.4,222.4,100,13,9,United Kingdom,1,0.5097777329552947,509.321065903137,259.64053832247544,Medium,UK,Low-cost nurture
12889,4,385.46,96.365,124,25,7,United Kingdom,1,0.7508537542545105,593.4882028837807,445.6228452410493,Medium,UK,Grow customer value
12890,1,329.3,329.3,201,56,13,United Kingdom,1,0.5712390583237291,603.1523042652137,344.54415431424803,Medium,UK,Low-cost nurture
12891,8,509.5,63.6875,1375,2,84,United Kingdom,1,0.8218982737558137,964.8597679545144,793.0165776982503,High,UK,Grow customer value
12892,1,263.38,263.38,140,18,22,United Kingdom,1,0.5193810058977741,563.1346859656373,292.4814596527599,Medium,UK,Low-cost nurture
12894,1,157.35,157.35,33,21,201,United Kingdom,1,0.269757834415931,304.90229658516967,82.2497832352593,Low,UK,Low-cost nurture
12897,2,297.75,148.875,139,9,7,United Kingdom,1,0.6269797615307435,573.7497947997322,359.72950952184914,Medium,UK,Low-cost nurture
12898,2,296.21,148.105,235,27,89,United Kingdom,1,0.5754772996509161,477.8512571856238,274.9925511199782,Medium,UK,Low-cost nurture
12899,1,366.4,366.4,108,17,39,United Kingdom,1,0.5025541659508764,733.8840342674866,368.8164787459612,Medium,UK,Low-cost nurture
12900,1,340.33000000000004,340.33000000000004,139,13,48,United Kingdom,1,0.4938850961021548,709.0800628621176,350.20407499077896,Medium,UK,Low-cost nurture
12903,1,833.5300000000001,833.5300000000001,493,41,54,United Kingdom,1,0.5863872432833437,1339.0559711874273,785.205339546696,High,UK,Win back now
12905,2,1018.42,509.21,532,52,202,United Kingdom,1,0.5375910015480199,1153.7433568527265,620.2420467398316,Medium,UK,Win back now
12907,2,508.91,254.455,177,23,21,United Kingdom,1,0.6545140404593007,802.800755553791,525.4443662012911,Medium,UK,Low-cost nurture
12908,3,1026.0,342.0,1800,1,6,United Kingdom,1,0.7743794646318917,1944.597998013963,1505.856756626301,High,UK,Protect loyalty
12909,3,924.52,308.17333333333335,668,49,50,United Kingdom,1,0.754491852720632,1151.709250926648,868.955246527138,High,UK,Protect loyalty
12910,5,2721.48,544.296,1940,38,5,United Kingdom,1,0.8813809633086122,3024.3098927945907,2665.569166655062,Very High,UK,Protect loyalty
12911,1,1651.72,1651.72,807,220,177,United Kingdom,1,0.5245737261732755,1783.3164854166223,935.4809737012272,High,UK,Win back now
12913,8,3799.61,474.95125,1667,26,6,United Kingdom,1,0.9152835596045548,4217.5630557394525,3860.2661265138695,Very High,UK,Protect loyalty
12914,1,223.98,223.98,336,9,26,United Kingdom,1,0.5278419701843985,537.5084602670702,283.7195246581528,Medium,UK,Low-cost nurture
12915,2,611.45,305.725,318,34,98,United Kingdom,1,0.6068590012596898,850.7986398239918,516.3148128366903,Medium,UK,Low-cost nurture
12916,3,1534.78,511.5933333333334,598,51,68,United Kingdom,1,0.7514043609647456,1723.7369414973573,1295.2234549971467,High,UK,Protect loyalty
12917,5,3765.2,753.0400000000001,984,44,26,United Kingdom,1,0.86694235455863,3792.4128400767663,3287.803317034533,Very High,UK,Protect loyalty
12918,1,10953.5,10953.5,1,1,252,United Kingdom,1,0.2367231207266817,12976.405161588727,3071.8151256651045,Very High,UK,Win back now
12920,3,323.86,107.95333333333332,292,32,197,United Kingdom,1,0.538449472786997,443.082361154325,238.5774637647641,Low,UK,Low-cost nurture
12921,37,18646.15,503.9500000000001,11802,200,11,United Kingdom,1,0.987357842404436,15197.67517256589,15005.543767948124,Very High,UK,Protect loyalty
12923,2,597.6,298.8,162,28,16,United Kingdom,1,0.665406589059228,899.7731855197367,598.7150063036439,Medium,UK,Low-cost nurture
12924,8,1535.7,191.9625,942,37,19,United Kingdom,1,0.8935866569633287,1861.6295604033537,1663.527335384944,Very High,UK,Protect loyalty
12925,1,35.28,35.28,108,5,218,United Kingdom,1,0.2266692399444585,103.65843509449547,23.496178696701275,Low,UK,Low-cost nurture
12926,4,1523.97,380.9925,754,202,37,United Kingdom,1,0.8309614678414298,1472.3638566017953,1223.4776314784965,High,UK,Protect loyalty
12927,1,197.31,197.31,145,11,20,United Kingdom,1,0.5032325073901399,468.3859376450224,235.70702982738635,Low,UK,Low-cost nurture
12928,7,2242.19,320.3128571428571,1427,62,4,United Kingdom,1,0.9039109577059552,2433.932983875474,2200.058694446993,Very High,UK,Protect loyalty
12931,42,50291.38,1197.4138095238095,34902,21,6,United Kingdom,1,0.9903565868190906,47295.5852654813,46839.49439513333,Very High,UK,Protect loyalty
12932,8,1698.56,212.32,1609,69,165,United Kingdom,1,0.833699967777811,1694.438240169875,1412.6531062311155,High,UK,Protect loyalty
12933,5,1029.1,205.82,450,152,6,United Kingdom,1,0.8516444490339512,1109.7661375485588,945.1261707690784,High,UK,Protect loyalty
12934,1,181.65,181.65,31,2,362,United Kingdom,1,0.1351503549940645,384.24295705253945,51.930572049619805,Low,UK,Low-cost nurture
12935,8,2083.16,260.395,1348,61,1,United Kingdom,1,0.9124308236094624,2311.113818130913,2108.7314845323986,Very High,UK,Protect loyalty
12937,5,1593.34,318.668,976,71,89,United Kingdom,1,0.8169291901414093,1661.7274918702212,1357.5136941692551,High,UK,Protect loyalty
12939,12,13683.0,1140.25,5452,12,5,United Kingdom,1,0.9540756932116686,14142.547642172436,13493.060945484716,Very High,UK,Protect loyalty
12941,1,377.49,377.49,381,27,350,United Kingdom,1,0.2376401021253901,571.4883143628049,135.808541388644,Low,UK,Low-cost nurture
12943,2,496.5,248.25,222,22,184,United Kingdom,1,0.4834157317148891,698.2843557394845,337.56164277486283,Medium,UK,Low-cost nurture
12945,1,437.16,437.16,281,28,282,United Kingdom,1,0.2932731531019086,675.1856615146951,198.0138278816126,Low,UK,Low-cost nurture
12946,1,324.45,324.45,149,20,62,United Kingdom,1,0.4865780919006138,642.6930136218477,312.7203402459739,Medium,UK,Low-cost nurture
12948,2,252.48,126.24,224,7,356,United Kingdom,1,0.2652122791187632,393.7487947281192,104.42701525011056,Low,UK,Low-cost nurture
12949,14,11359.48,811.3914285714285,5852,262,8,United Kingdom,1,0.9665224652185566,8559.162756707648,8272.623087819933,Very High,UK,Protect loyalty
12951,9,2149.65,238.85,1159,83,12,United Kingdom,1,0.9166882947777156,2278.638840198816,2088.8015528361243,Very High,UK,Protect loyalty
12953,1,498.96,498.96,280,31,148,United Kingdom,1,0.4373712158774586,827.9693143590857,362.12994573045904,Medium,UK,Low-cost nurture
12954,1,162.45,162.45,83,10,264,United Kingdom,1,0.2321431168455281,328.98835919453046,76.37238310931446,Low,UK,Low-cost nurture
12956,3,413.82,137.94000000000003,306,23,310,United Kingdom,1,0.4175847958184224,517.0625523731981,215.91746035811428,Low,UK,Low-cost nurture
12957,5,4689.43,937.886,2137,221,167,United Kingdom,1,0.8187914028047154,3417.629315709286,2798.325501676126,Very High,UK,Protect loyalty
12958,2,467.34,233.67,118,45,26,United Kingdom,1,0.6445658517907356,684.0895278297513,440.9407492067057,Medium,UK,Low-cost nurture
12959,1,150.95,150.95,109,8,110,United Kingdom,1,0.3790699952174766,359.4098928084058,136.2415063479962,Low,UK,Low-cost nurture
12960,4,1322.0700000000002,330.51750000000004,1379,49,39,United Kingdom,1,0.8237493046104017,1559.794233266215,1284.8794149883597,High,UK,Protect loyalty
12961,1,211.99,211.99,180,37,5,United Kingdom,1,0.5521985249926932,439.9701508834581,242.9508683586582,Low,UK,Low-cost nurture
12963,4,1379.16,344.79,756,65,61,United Kingdom,1,0.799731679720489,1520.433807229966,1215.9390825598389,High,UK,Protect loyalty
12964,1,132.24,132.24,56,26,63,United Kingdom,1,0.4222283702367057,289.3824996898176,122.18550121905568,Low,UK,Low-cost nurture
12967,1,1277.62,1277.62,474,46,9,United Kingdom,1,0.6498696067126732,1955.9378712236423,1271.104575126532,High,UK,Win back now
12969,1,122.45,122.45,55,5,228,United Kingdom,1,0.2347242118247763,285.42045492520447,66.99509132098773,Low,UK,Low-cost nurture
12970,6,1048.13,174.68833333333336,686,174,6,United Kingdom,1,0.8770800084920509,1119.672367778404,982.0422498393972,High,UK,Protect loyalty
12971,30,4514.6900000000005,150.4896666666667,5017,40,0,United Kingdom,1,0.9772727684166076,5430.70161149295,5307.2767983082485,Very High,UK,Protect loyalty
12972,4,1161.2,290.3,844,69,39,United Kingdom,1,0.814174976170025,1332.8517850276276,1085.174570313044,High,UK,Protect loyalty
12973,1,385.55,385.55,31,6,39,United Kingdom,1,0.4427591115357965,839.3911490043386,371.6480793641724,Medium,UK,Low-cost nurture
12974,1,264.15,264.15,80,24,191,United Kingdom,1,0.3233663310315569,473.7985445919018,153.21049701277482,Low,UK,Low-cost nurture
12975,6,2100.09,350.01500000000004,911,92,62,United Kingdom,1,0.8596475944476979,2075.196579554552,1783.9377476201614,Very High,UK,Protect loyalty
12976,7,2417.78,345.3971428571429,2123,94,4,United Kingdom,1,0.91223194139381,2485.1122502138905,2266.9987725941573,Very High,UK,Protect loyalty
12977,3,474.64,158.21333333333334,116,45,127,United Kingdom,1,0.6033418079964749,608.7524365378254,367.28579568299085,Medium,UK,Low-cost nurture
12978,5,2502.82,500.564,1394,126,11,United Kingdom,1,0.881665827243782,2422.9386195717884,2136.222182385668,Very High,UK,Protect loyalty
12979,1,517.7,517.7,520,56,355,United Arab Emirates,0,0.2847754232721339,873.0720790290746,248.62947085258668,Low,Non-UK,Low-cost nurture
12980,12,8870.880000000001,739.2400000000001,1024,7,12,United Kingdom,1,0.9345934790775008,10073.104663490916,9414.257932563773,Very High,UK,Protect loyalty
12982,7,2354.27,336.32428571428574,1441,117,20,United Kingdom,1,0.9025849503483488,2323.009580928815,2096.713487261373,Very High,UK,Protect loyalty
12983,1,490.08,490.08,638,30,224,United Kingdom,1,0.382335459840495,782.4520745735281,299.1591737352192,Medium,UK,Low-cost nurture
12986,10,2729.84,272.98400000000004,1164,61,54,United Kingdom,1,0.90986044102865,2812.4335372365854,2558.9220185538456,Very High,UK,Protect loyalty
12987,3,753.51,251.17,366,35,46,United Kingdom,1,0.7307307156276364,1002.2969811465678,732.409190304651,High,UK,Protect loyalty
12989,18,6627.64,368.2022222222223,3992,11,50,United Kingdom,1,0.953484233095635,7785.352364275452,7423.2107284304675,Very High,UK,Protect loyalty
12990,4,546.0,136.5,280,6,43,United Kingdom,1,0.7332888317066856,914.6833543019612,670.7270882576374,High,UK,Grow customer value
12991,1,261.06,261.06,78,14,15,United Kingdom,1,0.5016009593457855,572.3929520251364,287.1128538585746,Medium,UK,Low-cost nurture
12992,1,93.35,93.35,21,6,351,United Kingdom,1,0.1305039758455424,199.56826814281925,26.044452445247213,Low,UK,Low-cost nurture
12993,4,844.87,211.2175,511,44,71,United Kingdom,1,0.7649462919640125,1041.5552315932655,796.733812282987,High,UK,Protect loyalty
12996,1,355.5,355.5,122,22,1,United Kingdom,1,0.5528010430533652,717.4142646248624,396.5873537859869,Medium,UK,Low-cost nurture
12997,4,884.02,221.005,522,32,20,United Kingdom,1,0.8013837243950013,1168.825308209455,936.6775786600284,High,UK,Protect loyalty
12998,3,920.08,306.6933333333333,1124,58,118,United Kingdom,1,0.7118542131273687,1075.890664419169,765.8773023311895,High,UK,Protect loyalty
13000,1,497.65,497.65,169,31,351,United Kingdom,1,0.2254053937793961,698.3931162888138,157.4215753898997,Low,UK,Low-cost nurture
13001,20,14256.68,712.8340000000001,7958,261,30,United Kingdom,1,0.9747161012134556,10634.094791747986,10365.22341534691,Very High,UK,Protect loyalty
13002,2,293.18,146.59,128,14,42,United Kingdom,1,0.5936613322223088,524.1860436108274,311.188984982345,Medium,UK,Low-cost nurture
13004,18,5994.94,333.0522222222222,3946,230,12,United Kingdom,1,0.9676640266249068,5177.8802545434,5010.448456493064,Very High,UK,Protect loyalty
13005,2,485.98,242.99,290,27,57,United Kingdom,1,0.6348082852748217,743.5591092344818,472.0174831336152,Medium,UK,Low-cost nurture
13007,1,175.25,175.25,59,11,205,United Kingdom,1,0.2764707281449534,361.2038455111602,99.8622901772277,Low,UK,Low-cost nurture
13008,2,382.66,191.33,204,20,23,United Kingdom,1,0.6449332791022993,643.4211396605173,414.9637054449959,Medium,UK,Low-cost nurture
13009,1,234.0,234.0,120,4,298,United Kingdom,1,0.2139815686440327,480.67499194038186,102.85558878336067,Low,UK,Low-cost nurture
13010,2,330.12,165.06,323,10,0,United Kingdom,1,0.6668802671903495,630.7876557260657,420.6598403909729,Medium,UK,Low-cost nurture
13012,3,1310.99,436.9966666666666,739,54,55,United Kingdom,1,0.7640638471174716,1521.6299159868672,1162.6224074979607,High,UK,Protect loyalty
13013,16,6286.49,392.905625,3437,189,13,United Kingdom,1,0.963191116209495,5426.727719320978,5226.97592933778,Very High,UK,Protect loyalty
13014,1,1914.8,1914.8,1074,115,58,United Kingdom,1,0.6561623443910585,2405.2129056900403,1578.2101389572067,Very High,UK,Win back now
13015,6,3240.14,540.0233333333334,1918,156,64,United Kingdom,1,0.8824671471737313,2833.4820237040417,2500.454798026157,Very High,UK,Protect loyalty
13018,7,2485.46,355.0657142857143,1311,117,39,United Kingdom,1,0.8943326571144549,2390.872786011432,2138.235611536243,Very High,UK,Protect loyalty
13019,6,1229.95,204.99166666666667,397,46,5,United Kingdom,1,0.8600235609670777,1484.4267842145214,1276.6420089550804,High,UK,Protect loyalty
13020,2,618.96,309.48,278,38,188,United Kingdom,1,0.5053779738081097,788.7964913550735,398.64037254797313,Medium,UK,Low-cost nurture
13021,8,2270.86,283.8575,1194,87,0,United Kingdom,1,0.9145511048908264,2378.7798476729163,2175.515737981297,Very High,UK,Protect loyalty
13022,1,65.3,65.3,35,5,55,Belgium,0,0.3909205355636807,245.39864552128537,95.93136993378272,Low,Non-UK,Low-cost nurture
13023,1,759.13,759.13,299,36,154,United Kingdom,1,0.4514796713273433,1152.2645135243786,520.2240038481476,Medium,UK,Win back now
13024,2,555.87,277.935,181,26,96,United Kingdom,1,0.5813398955774371,803.7972157844854,467.27938948958746,Medium,UK,Low-cost nurture
13025,1,323.39,323.39,241,13,357,United Kingdom,1,0.2077152170393495,538.2437395710043,111.80141518506228,Low,UK,Low-cost nurture
13026,4,757.72,189.43,846,24,114,United Kingdom,1,0.7307198654814662,995.2316266873466,727.2355203758787,High,UK,Protect loyalty
13027,13,10327.2,794.4000000000001,25560,7,11,United Kingdom,1,0.9614854782842608,12195.010105671316,11725.32512413278,Very High,UK,Protect loyalty
13029,2,679.8,339.9,60,6,0,United Kingdom,1,0.6293567441285679,1182.5249519959368,744.2300536389539,High,UK,Win back now
13031,5,3292.84,658.568,2309,275,33,United Kingdom,1,0.8892249991536008,2754.6011970775185,2449.460247139764,Very High,UK,Protect loyalty
13032,7,1805.78,257.9685714285714,899,110,18,United Kingdom,1,0.8930744873803157,1862.506470893563,1663.3570117357897,Very High,UK,Protect loyalty
13033,1,30.0,30.0,15,2,55,United Kingdom,1,0.2996945405641074,108.51705341580906,32.5219684668216,Low,UK,Low-cost nurture
13034,1,114.05,114.05,37,7,27,United Kingdom,1,0.4193842857936005,302.3059186383743,126.78235177933291,Low,UK,Low-cost nurture
13035,1,442.32,442.32,282,15,57,United Kingdom,1,0.5215222322835221,873.5347278103031,455.5677812248082,Medium,UK,Low-cost nurture
13036,1,307.1,307.1,38,6,310,United Kingdom,1,0.1898743271571921,562.9234382997639,106.8847090881808,Low,UK,Low-cost nurture
13037,9,3033.88,337.09777777777776,1699,155,25,United Kingdom,1,0.9237419739205496,2811.814133557882,2597.390738030458,Very High,UK,Protect loyalty
13039,4,1010.73,252.6825,290,37,210,United Kingdom,1,0.6201324526518451,1096.156845243455,679.762432931933,High,UK,Win back now
13041,4,799.13,199.7825,335,23,76,United Kingdom,1,0.7390026200493328,1059.9388110349532,783.2975584468052,High,UK,Protect loyalty
13042,3,1488.59,496.19666666666666,812,164,224,United Kingdom,1,0.6303850145699109,1301.906525199743,820.7023638567023,High,UK,Win back now
13044,10,4287.58,428.758,2119,327,118,United Kingdom,1,0.9094067842948554,3229.960289309083,2937.347800100654,Very High,UK,Protect loyalty
13045,2,503.64,251.82,184,25,27,United Kingdom,1,0.6506946078680513,785.0855242166723,510.8509173230511,Medium,UK,Low-cost nurture
13046,1,319.94,319.94,241,21,82,United Kingdom,1,0.4817015662191349,627.0488552682817,302.05041567864697,Medium,UK,Low-cost nurture
13047,14,5190.99,370.785,1937,115,40,United Kingdom,1,0.9468137700751168,4689.985371235791,4440.542730936906,Very High,UK,Protect loyalty
13048,5,2229.7200000000003,445.9440000000001,1433,85,62,United Kingdom,1,0.8502330430264075,2215.4328024805163,1883.6341732735316,Very High,UK,Protect loyalty
13049,2,751.5600000000001,375.78,352,10,15,United Kingdom,1,0.6822265793641181,1241.483886189333,846.9733050106207,High,UK,Protect loyalty
13050,18,6149.66,341.6477777777778,3267,398,0,United Kingdom,1,0.969846214164769,4985.167297478432,4834.8456304374695,Very High,UK,Protect loyalty
13051,2,155.8,77.9,72,4,204,United Kingdom,1,0.352439025179806,308.0367859130444,108.56418454671396,Low,UK,Low-cost nurture
13052,6,2771.18,461.8633333333334,1202,150,46,United Kingdom,1,0.8810999442260709,2512.6717070913173,2213.914900976586,Very High,UK,Protect loyalty
13053,1,127.65,127.65,47,17,247,United Kingdom,1,0.2315967272221726,254.482079434206,58.937216733655085,Low,UK,Low-cost nurture
13055,1,1106.7,1106.7,927,78,55,United Kingdom,1,0.6285919084634912,1590.4919686855192,999.7703819918858,High,UK,Win back now
13056,1,209.48,209.48,158,18,177,United Kingdom,1,0.3464631343386127,412.5986139379682,142.95020900871566,Low,UK,Low-cost nurture
13057,3,709.59,236.53,456,34,156,United Kingdom,1,0.6284245076653863,880.772638341207,553.4991116147163,Medium,UK,Low-cost nurture
13059,9,2108.37,234.2633333333333,825,152,39,United Kingdom,1,0.9064481213755038,2031.1736497935872,1841.1535390428223,Very High,UK,Protect loyalty
13063,1,188.4,188.4,116,12,106,United Kingdom,1,0.4000418581401639,415.59363245070415,166.25484895680003,Low,UK,Low-cost nurture
13064,2,561.25,280.625,154,19,176,United Kingdom,1,0.4813134612345656,786.6387293225073,378.6198095513766,Medium,UK,Low-cost nurture
13065,4,849.19,212.2975,307,39,18,United Kingdom,1,0.7918953822443227,1096.1201043464223,868.0124490170971,High,UK,Protect loyalty
13067,2,393.05,196.525,99,13,35,United Kingdom,1,0.6018433028734284,675.7264084379233,406.681413493079,Medium,UK,Low-cost nurture
13069,14,4853.01,346.6435714285714,9298,401,2,United Kingdom,1,0.9664057607626416,4045.554672394817,3909.647340882572,Very High,UK,Protect loyalty
13070,3,522.9,174.29999999999998,262,11,85,United Kingdom,1,0.653974429332851,812.4789638075922,531.3404667010162,Medium,UK,Low-cost nurture
13071,1,129.22,129.22,30,12,238,United Kingdom,1,0.2236206316140894,267.18084341785965,59.747148960286914,Low,UK,Low-cost nurture
13073,2,418.08,209.04,261,25,37,United Kingdom,1,0.6454280884470507,670.7844254185334,432.9431094579372,Medium,UK,Low-cost nurture
13074,4,1378.74,344.685,826,26,137,United Kingdom,1,0.7288110166973357,1596.1753358225014,1163.3101693280084,High,UK,Protect loyalty
13076,1,135.4,135.4,44,9,83,United Kingdom,1,0.3753724304473697,325.9430215557349,122.35002418873565,Low,UK,Low-cost nurture
13077,7,2012.63,287.5185714285714,1606,143,7,United Kingdom,1,0.9081642513025192,2013.9514814745337,1828.9987393329195,Very High,UK,Protect loyalty
13078,31,16390.12,528.7135483870967,6402,108,0,United Kingdom,1,0.9836324837987028,14301.185392430829,14067.110508822465,Very High,UK,Protect loyalty
13079,1,199.08,199.08,96,11,43,United Kingdom,1,0.4631755721004715,460.1584995656284,213.1341762932045,Low,UK,Low-cost nurture
13080,3,222.65,74.21666666666667,73,11,27,United Kingdom,1,0.6421096273881369,408.7958250638613,262.491734909582,Medium,UK,Low-cost nurture
13081,17,28500.99,1676.528823529412,21009,506,14,United Kingdom,1,0.9797064414577564,17748.20578705647,17388.031533897054,Very High,UK,Protect loyalty
13082,12,3722.12,310.1766666666667,4142,48,50,United Kingdom,1,0.9367672498436824,3901.6004437202,3654.891517652662,Very High,UK,Protect loyalty
13083,1,91.68,91.68,120,4,51,United Kingdom,1,0.4170053878719966,267.02446233667,111.35063948801444,Low,UK,Low-cost nurture
13084,1,122.4,122.4,144,2,117,United Kingdom,1,0.3542642040486763,343.9770451237187,121.85875410176985,Low,UK,Low-cost nurture
13085,6,2017.2,336.2,728,33,305,United Kingdom,1,0.6475329816703925,1863.3339746452664,1206.570204449793,High,UK,Win back now
13086,1,439.33,439.33,155,47,8,United Kingdom,1,0.5751208705091807,783.2529815662259,450.4651365872791,Medium,UK,Low-cost nurture
13087,1,313.64,313.64,86,15,352,United Kingdom,1,0.1888075312885229,509.17717720155525,96.13648581588446,Low,UK,Low-cost nurture
13088,1,236.11,236.11,76,19,43,United Kingdom,1,0.4710064964053282,497.1807316060715,234.1753544740136,Low,UK,Low-cost nurture
13089,106,54654.83,515.6116037735849,27907,466,5,United Kingdom,1,0.9966058648028492,40270.95303094241,40134.26797183728,Very High,UK,Protect loyalty
13090,10,4180.92,418.092,984,91,0,United Kingdom,1,0.9324373924481968,3984.967154333242,3715.7323823782,Very High,UK,Protect loyalty
13091,2,1976.0,988.0,873,24,355,United Kingdom,1,0.3963434743291502,1967.116454848177,779.6537701245674,High,UK,Win back now
13092,7,1662.45,237.4928571428572,385,43,40,United Kingdom,1,0.8604867527601358,1880.5303045959372,1618.171415268787,Very High,UK,Protect loyalty
13093,47,46311.78,985.3570212765956,22010,172,0,United Kingdom,1,0.9921349054198638,34936.385529420186,34661.6075529432,Very High,UK,Protect loyalty
13094,1,282.12,282.12,180,5,15,United Kingdom,1,0.5168784125426358,691.4866941071753,357.4145447444719,Medium,UK,Low-cost nurture
13096,1,419.7000000000001,419.7000000000001,6,1,20,United Kingdom,1,0.3904160527056993,1034.8796450187388,404.03362603369135,Medium,UK,Win back now
13097,18,7320.88,406.7155555555556,2985,278,14,United Kingdom,1,0.96752933728234,5944.239360353707,5751.225968970623,Very High,UK,Protect loyalty
13101,3,594.21,198.07,365,41,124,United Kingdom,1,0.6511090572380454,759.0073908939104,494.1965867216426,Medium,UK,Low-cost nurture
13102,13,4956.01,381.2315384615385,2162,114,5,United Kingdom,1,0.951695776615202,4617.904045052262,4394.839776490495,Very High,UK,Protect loyalty
13103,2,465.7000000000001,232.85,344,21,63,United Kingdom,1,0.6284668497031383,737.2688824764601,463.34905195413415,Medium,UK,Low-cost nurture
13104,3,610.62,203.54,330,5,41,United Kingdom,1,0.6979767083254347,1044.1480611622046,728.7910267343802,High,UK,Protect loyalty
13105,1,72.0,72.0,100,1,62,United Kingdom,1,0.3737243319239831,240.97177877655145,90.05701703580053,Low,UK,Low-cost nurture
13106,1,526.96,526.96,213,15,39,United Kingdom,1,0.5382276250345236,1020.8331270820756,549.4405895459515,Medium,UK,Win back now
13107,5,3721.45,744.29,3023,102,39,United Kingdom,1,0.8847558078470341,3433.3573174658645,3037.682827042037,Very High,UK,Protect loyalty
13108,1,398.4,398.4,447,25,61,United Kingdom,1,0.5387444990641201,758.8249911883092,408.812789755081,Medium,UK,Low-cost nurture
13109,1,347.49,347.49,237,23,177,United Kingdom,1,0.381693317214677,617.017613916577,235.51149983570312,Low,UK,Low-cost nurture
13110,5,1468.8,293.76000000000005,375,77,63,United Kingdom,1,0.8128706988923734,1543.459486687344,1254.632991655605,High,UK,Protect loyalty
13111,1,321.88000000000005,321.88000000000005,180,12,344,United Kingdom,1,0.2094002225414608,543.7075094915248,113.8524734849887,Low,UK,Low-cost nurture
13112,1,20.6,20.6,11,2,167,United Kingdom,1,0.1904639596187351,72.74220826474922,13.854769017514815,Low,UK,Low-cost nurture
13113,13,5984.11,460.3161538461538,1390,106,1,United Kingdom,1,0.950659777088688,5428.360436791091,5160.523922796871,Very High,UK,Protect loyalty
13114,1,234.38,234.38,74,16,356,United Kingdom,1,0.1770482514363661,393.8827577446319,69.73625352962087,Low,UK,Low-cost nurture
13115,6,3199.92,533.32,2367,136,5,United Kingdom,1,0.9087468109856316,2995.895091649214,2722.5101105837293,Very High,UK,Protect loyalty
13117,10,1270.75,127.075,907,68,12,United Kingdom,1,0.9134146142102696,1510.248100965709,1379.4826865053851,High,UK,Protect loyalty
13118,4,1217.6,304.4,424,57,2,United Kingdom,1,0.8230882837611193,1442.6765454976994,1187.4501618561217,High,UK,Protect loyalty
13119,1,134.9,134.9,110,11,294,United Kingdom,1,0.2121360718682322,273.60109931472607,58.04066246745607,Low,UK,Low-cost nurture
13123,2,506.75,253.375,268,36,98,United Kingdom,1,0.5951659182393547,720.2025117582394,428.6399892288823,Medium,UK,Low-cost nurture
13124,1,885.33,885.33,619,56,11,United Kingdom,1,0.6472141649234138,1410.016996642651,912.5829730098932,High,UK,Win back now
13125,1,148.62,148.62,53,20,149,United Kingdom,1,0.3299447513252177,306.9962796976963,101.2918111626234,Low,UK,Low-cost nurture
13126,5,1675.17,335.034,1146,74,33,United Kingdom,1,0.8557560587671247,1806.7459935032775,1546.133830593658,High,UK,Protect loyalty
13128,1,263.5,263.5,31,1,257,United Kingdom,1,0.2042229916762704,597.7708281522356,122.07854686205128,Low,UK,Low-cost nurture
13129,2,233.25,116.625,296,10,78,United Kingdom,1,0.5693637948050415,443.5026601120496,252.5143575675271,Medium,UK,Low-cost nurture
13131,4,2240.4700000000003,560.1175000000001,1076,94,44,United Kingdom,1,0.8338131032117975,2227.294616011073,1857.147435543122,Very High,UK,Protect loyalty
13133,1,90.65,90.65,23,5,85,United Kingdom,1,0.3301034156547596,244.9550983857737,80.8605146591916,Low,UK,Low-cost nurture
13134,2,681.65,340.82500000000005,305,21,28,United Kingdom,1,0.6732948983538999,1039.813080189822,700.1008421334617,High,UK,Protect loyalty
13135,1,275.45,275.45,123,17,117,United Kingdom,1,0.4099685263184922,544.9392475071897,223.40794023363063,Low,UK,Low-cost nurture
13136,8,3666.95,458.36875,1781,140,1,United Kingdom,1,0.9263656819514124,3376.9519349589104,3128.2923821453523,Very High,UK,Protect loyalty
13137,8,3983.65,497.95625,2034,406,12,United Kingdom,1,0.9305480622546752,3168.344338296874,2948.296684557727,Very High,UK,Protect loyalty
13138,1,311.62,311.62,120,22,22,United Kingdom,1,0.5238723910785612,631.8563052515797,331.01207345021027,Medium,UK,Low-cost nurture
13139,1,3138.04,3138.04,2189,95,63,United Kingdom,1,0.6871026791028008,3753.355268064533,2578.940460311752,Very High,UK,Protect loyalty
13140,2,632.45,316.225,387,57,46,United Kingdom,1,0.6767566775268761,861.0600664960868,582.7281497529627,Medium,UK,Grow customer value
13141,12,5267.33,438.94416666666666,3611,231,11,United Kingdom,1,0.953549998135654,4454.480777207867,4247.570136801867,Very High,UK,Protect loyalty
13143,1,405.1,405.1,198,23,210,United Kingdom,1,0.3468793701508987,681.4954727566437,236.3967203505136,Low,UK,Low-cost nurture
13144,1,24.4,24.4,8,3,57,United Kingdom,1,0.279139330305469,87.51400415933608,24.428600513387103,Low,UK,Low-cost nurture
13145,3,510.0,170.0,120,1,46,United Kingdom,1,0.6364007212466308,1002.9815655167032,638.2981916919048,High,UK,Win back now
13148,14,4814.56,343.8971428571429,2522,297,15,United Kingdom,1,0.9564609754942888,4030.4684377676217,3854.985773686161,Very High,UK,Protect loyalty
13150,3,449.97,149.98999999999998,171,7,110,United Kingdom,1,0.6010419208684775,732.4177891564034,440.21379487280825,Medium,UK,Low-cost nurture
13151,2,1207.34,603.6700000000001,450,71,251,United Kingdom,1,0.4890327406276214,1230.5899540995842,601.7987778421385,Medium,UK,Win back now
13152,7,2146.38,306.6257142857143,977,114,43,United Kingdom,1,0.8860872655177148,2104.117341093327,1864.431581097791,Very High,UK,Protect loyalty
13154,3,1624.84,541.6133333333333,976,78,25,United Kingdom,1,0.8037067908465314,1793.945584168034,1441.8062484049967,High,UK,Protect loyalty
13155,2,398.72,199.36,244,23,39,United Kingdom,1,0.6380977219885464,649.1696257068566,414.2336593477025,Medium,UK,Low-cost nurture
13156,3,1586.54,528.8466666666667,914,94,11,United Kingdom,1,0.8135692786846718,1737.1220828725438,1413.26915994983,High,UK,Protect loyalty
13157,5,3946.14,789.2280000000001,3323,121,35,United Kingdom,1,0.8900800410075154,3550.7327225113117,3160.4363272595947,Very High,UK,Protect loyalty
13158,1,307.12,307.12,208,21,14,United Kingdom,1,0.5509118991749109,637.5367869289547,351.22660208090093,Medium,UK,Low-cost nurture
13161,1,359.38,359.38,76,25,126,United Kingdom,1,0.4001904151170811,641.5156166158005,256.72840091756746,Medium,UK,Low-cost nurture
13162,12,7587.2,632.2666666666667,4042,124,6,United Kingdom,1,0.9555895784164774,6547.036882673172,6256.280214590784,Very High,UK,Protect loyalty
13163,1,17.65,17.65,3,2,236,United Kingdom,1,0.1260413094142433,59.60377911621745,7.512538365845378,Low,UK,Low-cost nurture
13164,2,372.2,186.1,120,7,195,United Kingdom,1,0.4188370505902388,610.9749448013973,255.8989438651512,Medium,UK,Low-cost nurture
13165,1,429.68,429.68,360,7,39,United Kingdom,1,0.5361093808421367,943.4844386229204,505.8108582243248,Medium,UK,Low-cost nurture
13166,1,458.73,458.73,306,27,40,United Kingdom,1,0.5553043711499366,854.762761758562,474.6534979007213,Medium,UK,Low-cost nurture
13167,1,333.82,333.82,222,16,16,United Kingdom,1,0.5492667988003078,704.7059249523311,387.07156749417686,Medium,UK,Low-cost nurture
13168,1,541.14,541.14,228,45,168,United Kingdom,1,0.4179993714689609,832.3483094977538,347.92107021331327,Medium,UK,Low-cost nurture
13169,1,127.2,127.2,24,5,188,United Kingdom,1,0.2473799431160722,299.78915345468835,74.16182372843625,Low,UK,Low-cost nurture
13172,1,69.6,69.6,48,1,26,United Kingdom,1,0.3860679377143077,237.99217480799555,91.88114812026586,Low,UK,Low-cost nurture
13173,9,2046.17,227.35222222222225,1204,132,74,United Kingdom,1,0.8959632909963894,1972.9052029875852,1767.6506384926568,Very High,UK,Protect loyalty
13174,9,5252.54,583.6155555555556,2442,464,18,United Kingdom,1,0.9395900599856196,3951.4093149099767,3712.7049152240006,Very High,UK,Protect loyalty
13175,2,831.45,415.725,423,40,208,United Kingdom,1,0.5101419640415903,995.2859487969764,507.7371287022872,Medium,UK,Win back now
13177,1,229.75,229.75,89,13,56,United Kingdom,1,0.4543210385987879,503.38562222222566,228.69867870369865,Low,UK,Low-cost nurture
13178,10,8333.72,833.372,5208,160,23,United Kingdom,1,0.9482547575387652,6710.794579443016,6363.542886822198,Very High,UK,Protect loyalty
13179,1,572.3100000000001,572.3100000000001,368,34,244,United Kingdom,1,0.3508165201693314,856.2439510558407,300.3845233254494,Medium,UK,Low-cost nurture
13180,1,86.10000000000001,86.10000000000001,42,4,233,United Kingdom,1,0.2126545168557135,215.69038837435056,45.867535330168735,Low,UK,Low-cost nurture
13181,1,359.69,359.69,171,19,7,United Kingdom,1,0.5558681431082465,737.5398074004428,409.9748832080979,Medium,UK,Low-cost nurture
13183,6,3078.4,513.0666666666667,1819,31,20,United Kingdom,1,0.8886356493479916,3395.3226823272475,3017.204776555838,Very High,UK,Protect loyalty
13187,3,105.34,35.11333333333334,201,14,250,United Kingdom,1,0.4090274349316754,183.36375285237165,75.00080548865125,Low,UK,Low-cost nurture
13190,3,570.66,190.22,308,16,170,United Kingdom,1,0.5789462611929872,786.4056327268971,455.2866008483426,Medium,UK,Low-cost nurture
13191,1,164.69,164.69,115,58,284,United Kingdom,1,0.2479240410066599,269.3292026288537,66.77318427684693,Low,UK,Low-cost nurture
13192,4,1646.64,411.66,1034,92,161,United Kingdom,1,0.7377471809198671,1573.4568668661627,1160.8133678295185,High,UK,Protect loyalty
13194,1,412.08,412.08,300,7,47,United Kingdom,1,0.5190861126292531,902.4731493338504,468.4612788399879,Medium,UK,Low-cost nurture
13195,1,136.73,136.73,70,43,40,United Kingdom,1,0.4658529359645688,286.84945896729744,133.6296626397636,Low,UK,Low-cost nurture
13196,3,1271.06,423.68666666666667,782,74,69,United Kingdom,1,0.7575580607340149,1414.5535477483968,1071.6064424366962,High,UK,Protect loyalty
13197,1,373.0100000000001,373.0100000000001,204,19,235,United Kingdom,1,0.3171390217393646,637.7414476390729,202.2526988269018,Low,UK,Low-cost nurture
13198,2,1572.99,786.495,801,81,13,United Kingdom,1,0.7605635593318567,1840.531376001161,1399.8410943934032,High,UK,Protect loyalty
13199,29,6147.09,211.9686206896552,5391,26,0,United Kingdom,1,0.9771744560532396,7358.925955513716,7190.954467715183,Very High,UK,Protect loyalty
13201,4,1233.06,308.265,1036,65,128,United Kingdom,1,0.7525882508402394,1320.9280757346387,994.1149500028952,High,UK,Protect loyalty
13202,7,1580.3,225.7571428571429,572,55,20,United Kingdom,1,0.8782943579588642,1791.324113006526,1573.3098617292987,Very High,UK,Protect loyalty
13203,6,1778.79,296.465,1613,106,12,United Kingdom,1,0.8912843044584594,1865.6766866556009,1662.8483480102002,Very High,UK,Protect loyalty
13204,1,966.66,966.66,428,57,357,United Kingdom,1,0.2723986946333239,1147.362777825656,312.5401229505731,Medium,UK,Win back now
13205,1,2803.2,2803.2,256,1,69,United Kingdom,1,0.5350295540097313,5201.585480646736,2783.001959853917,Very High,UK,Win back now
13206,13,8308.19,639.0915384615384,7086,393,26,United Kingdom,1,0.9619211216805444,6165.971869530451,5931.178576989415,Very High,UK,Protect loyalty
13207,2,285.6,142.8,48,4,77,United Kingdom,1,0.4989078972175471,559.6046961037978,279.1912022062102,Medium,UK,Low-cost nurture
13208,3,758.65,252.88333333333333,540,92,75,United Kingdom,1,0.730527280884732,885.5231878953589,646.8988466135761,High,UK,Grow customer value
13209,5,2617.9,523.5799999999999,1528,42,140,United Kingdom,1,0.7970004150306664,2592.420272675712,2066.160033256456,Very High,UK,Protect loyalty
13211,7,1523.35,217.62142857142857,1011,75,7,United Kingdom,1,0.8941646274331313,1708.9582731318617,1528.0900375937183,High,UK,Protect loyalty
13213,6,2330.94,388.49,1602,109,9,United Kingdom,1,0.8965622586380231,2336.2116978203235,2094.55923645436,Very High,UK,Protect loyalty
13214,7,3264.23,466.3185714285714,2966,207,43,United Kingdom,1,0.9104891372784476,2837.353463215396,2583.3795068770014,Very High,UK,Protect loyalty
13215,1,81.6,81.6,96,1,28,United Kingdom,1,0.4131625365250046,274.4174115352428,113.37899381652696,Low,UK,Low-cost nurture
13217,1,132.5,132.5,250,1,281,United Kingdom,1,0.2183002134099817,342.41274378957775,74.74877504356223,Low,UK,Low-cost nurture
13219,1,76.23,76.23,11,11,244,United Kingdom,1,0.1834237645136543,170.09616188127927,31.1996783415882,Low,UK,Low-cost nurture
13220,1,516.8,516.8,200,32,201,United Kingdom,1,0.3705414398850103,810.2190428462228,300.21973075849434,Medium,UK,Low-cost nurture
13222,1,88.5,88.5,30,1,203,United Kingdom,1,0.2163460875865065,250.7870425839808,54.25679548043487,Low,UK,Low-cost nurture
13223,4,805.92,201.48,480,4,49,United Kingdom,1,0.749385689236947,1323.5835009601954,991.8745341297074,High,UK,Protect loyalty
13225,9,9796.23,1088.47,3985,50,47,United Kingdom,1,0.9315786012328005,8549.163607634959,7964.217875310936,Very High,UK,Protect loyalty
13226,1,204.25,204.25,99,12,19,United Kingdom,1,0.4935900541892484,474.7459672868007,234.32988771921916,Low,UK,Low-cost nurture
13230,16,3364.38,210.27375,1882,403,2,United Kingdom,1,0.960440293048618,2936.221893497103,2820.065815846125,Very High,UK,Protect loyalty
13233,2,571.34,285.67,600,33,46,United Kingdom,1,0.6782461691788151,849.5672367172346,576.215723763296,Medium,UK,Grow customer value
13234,2,346.5,173.25,159,56,298,United Kingdom,1,0.3519123546169039,421.6411249062386,148.38072106907453,Low,UK,Low-cost nurture
13237,1,643.0,643.0,128,24,13,United Kingdom,1,0.564920158930764,1156.5535789567964,653.3604316362173,High,UK,Win back now
13238,2,305.9,152.95,144,11,56,United Kingdom,1,0.5799650334369575,552.8231253001483,320.61808234942384,Medium,UK,Low-cost nurture
13239,4,1265.13,316.2825,824,69,63,United Kingdom,1,0.7988898124030667,1404.5790590823694,1122.10390101559,High,UK,Protect loyalty
13240,4,812.14,203.035,411,117,37,United Kingdom,1,0.7971389041410427,918.7541913946488,732.3747093033202,High,UK,Grow customer value
13241,1,112.53,112.53,46,40,37,United Kingdom,1,0.4458832437249074,244.7048702935466,109.1098013217693,Low,UK,Low-cost nurture
13242,4,429.0,107.25,220,12,77,United Kingdom,1,0.6973727535649915,673.8110367822244,469.8974581033016,Medium,UK,Grow customer value
13243,4,635.26,158.815,322,121,75,United Kingdom,1,0.7555379654482817,720.5633894306841,544.4129972269769,Medium,UK,Grow customer value
13245,1,558.72,558.72,246,29,58,United Kingdom,1,0.5362658774030993,982.1651207634771,526.7016402409471,Medium,UK,Win back now
13246,5,1390.23,278.046,1209,166,19,United Kingdom,1,0.8680082862236139,1421.7124079351734,1234.0581507146574,High,UK,Protect loyalty
13249,6,897.52,149.58666666666667,700,2,27,United Kingdom,1,0.8235982464479386,1574.6458668104103,1296.8755746815482,High,UK,Protect loyalty
13250,2,253.09,126.545,107,17,86,United Kingdom,1,0.5369114427692137,436.9388186457003,234.59745152093876,Low,UK,Low-cost nurture
13251,1,252.68,252.68,215,25,28,United Kingdom,1,0.5323355672481234,525.314168654238,279.6434159540301,Medium,UK,Low-cost nurture
13252,2,399.3,199.65,134,19,20,United Kingdom,1,0.6348377995902724,667.3137780110467,423.6360104688044,Medium,UK,Low-cost nurture
13253,2,1920.71,960.355,1443,39,56,United Kingdom,1,0.7355960436790311,2315.6219116253624,1703.3623168480915,Very High,UK,Protect loyalty
13254,1,51.41,51.41,43,4,2,United Kingdom,1,0.414042874046743,168.72365125274374,69.85882548434638,Low,UK,Low-cost nurture
13255,1,279.25,279.25,230,13,138,United Kingdom,1,0.4047034836454127,564.8654492715558,228.6030151111298,Low,UK,Low-cost nurture
13257,1,149.75,149.75,33,7,62,United Kingdom,1,0.3876615678313031,368.3925446009972,142.81163141738585,Low,UK,Low-cost nurture
13258,2,336.6,168.3,164,5,5,United Kingdom,1,0.629856825752159,678.6274023290641,427.4381014994176,Medium,UK,Low-cost nurture
13259,8,1119.36,139.92000000000002,377,181,23,United Kingdom,1,0.8859093380588595,1163.5543335339491,1030.8036494165783,High,UK,Protect loyalty
13262,2,373.16,186.58,122,38,15,United Kingdom,1,0.6462491139162673,583.516852268335,377.0972487336209,Medium,UK,Low-cost nurture
13263,4,1239.27,309.8175,604,137,19,United Kingdom,1,0.8292819932139437,1310.4603161389994,1086.741142995524,High,UK,Protect loyalty
13264,1,722.5600000000001,722.5600000000001,375,38,68,United Kingdom,1,0.5547260236544722,1179.911058958251,654.5273700018481,High,UK,Win back now
13266,7,2300.78,328.6828571428572,2409,83,39,United Kingdom,1,0.8989437606516804,2359.243744086183,2120.827443602784,Very High,UK,Protect loyalty
13267,17,4908.32,288.7247058823529,1990,100,0,United Kingdom,1,0.961251961876512,4793.866467534383,4608.113546891451,Very High,UK,Protect loyalty
13269,13,3194.04,245.69538461538465,2853,103,7,United Kingdom,1,0.9496501617617972,3248.4890812433587,3084.9281814841875,Very High,UK,Protect loyalty
13274,1,360.85,360.85,199,19,35,United Kingdom,1,0.5302243251485214,725.3655802474851,384.6064752726885,Medium,UK,Low-cost nurture
13275,2,238.86,119.43,138,48,9,United Kingdom,1,0.6449088552112665,394.0393205532167,254.11944712620024,Medium,UK,Low-cost nurture
13276,3,1300.98,433.66,679,184,23,United Kingdom,1,0.8017858129029105,1338.954718244695,1073.5548972080103,High,UK,Protect loyalty
13277,3,264.9,88.3,206,7,6,United Kingdom,1,0.6946706066638632,513.0338319544697,356.3895232828979,Medium,UK,Grow customer value
13278,3,893.12,297.70666666666665,821,48,25,United Kingdom,1,0.7786101214631256,1147.9363495073826,893.7948605218802,High,UK,Protect loyalty
13280,4,1494.87,373.7175,971,113,5,United Kingdom,1,0.8488206679901057,1598.782442241931,1357.0795805946484,High,UK,Protect loyalty
13281,1,350.85,350.85,201,22,65,United Kingdom,1,0.4985916372993364,680.662069375035,339.37241561725324,Medium,UK,Low-cost nurture
13282,1,181.05,181.05,103,14,32,United Kingdom,1,0.4786112956804106,417.9545266151402,200.0377575187649,Low,UK,Low-cost nurture
13283,2,279.7,139.85000000000002,114,13,193,United Kingdom,1,0.4190504053302218,450.4828404708468,188.775016893618,Low,UK,Low-cost nurture
13285,2,655.47,327.735,406,42,226,United Kingdom,1,0.4803936677781971,799.1335683584073,383.8987059483739,Medium,UK,Low-cost nurture
13286,1,734.91,734.91,274,46,226,United Kingdom,1,0.3736301311385894,1028.3705092023731,384.2302082123407,Medium,UK,Win back now
13287,3,781.59,260.53000000000003,429,46,229,United Kingdom,1,0.5564032594195079,869.5364781472606,483.81293062529545,Medium,UK,Low-cost nurture
13288,5,927.61,185.522,379,7,69,United Kingdom,1,0.7685740379318219,1374.595513231072,1056.47842412697,High,UK,Protect loyalty
13289,1,307.95,307.95,119,16,349,United Kingdom,1,0.198405316403567,501.7845159418419,99.55671565185187,Low,UK,Low-cost nurture
13290,1,208.63,208.63,1,1,64,United Kingdom,1,0.2832265834237925,545.222134163476,154.42140226614993,Low,UK,Low-cost nurture
13291,10,2909.68,290.968,1367,134,40,United Kingdom,1,0.9217712724761736,2740.2939753177893,2525.924264587471,Very High,UK,Protect loyalty
13292,3,415.57,138.52333333333334,183,28,41,United Kingdom,1,0.6931049175848943,620.9250241519713,430.3661876912506,Medium,UK,Grow customer value
13293,6,1192.94,198.82333333333327,555,51,18,United Kingdom,1,0.8591532291699665,1423.4297329747606,1222.9442515818089,High,UK,Protect loyalty
13294,1,815.79,815.79,543,48,272,United Kingdom,1,0.3529979273252403,1090.0871578857325,384.7985073375255,Medium,UK,Win back now
13295,3,900.77,300.25666666666666,651,49,2,United Kingdom,1,0.7908799777259753,1169.6203829437638,925.0293424104108,High,UK,Protect loyalty
13296,5,705.11,141.022,575,46,49,United Kingdom,1,0.8088592924529906,905.401290699174,732.3422473809584,High,UK,Grow customer value
13297,3,2278.77,759.5900000000001,1731,58,11,United Kingdom,1,0.8297406678457528,2517.7907735250983,2089.1133979205897,Very High,UK,Protect loyalty
13299,2,1076.2,538.1,386,56,49,United Kingdom,1,0.6909242397994134,1342.9732948747262,927.8928028322337,High,UK,Protect loyalty
13300,2,913.62,456.81,252,29,14,United Kingdom,1,0.6956368122927886,1289.9933611212143,897.3668696092218,High,UK,Protect loyalty
13302,1,95.45,95.45,7,2,152,United Kingdom,1,0.2295492452904385,258.61084864810465,59.36392513109224,Low,UK,Low-cost nurture
13303,1,61.72,61.72,26,4,26,United Kingdom,1,0.3780678493758938,190.974972246902,72.20149704200725,Low,UK,Low-cost nurture
13304,3,917.57,305.8566666666667,478,48,81,United Kingdom,1,0.7176981261457248,1113.193961357868,798.9372201032782,High,UK,Protect loyalty
13305,6,1615.55,269.2583333333333,996,105,12,United Kingdom,1,0.8828161435757251,1709.055122771695,1508.7814526436453,High,UK,Protect loyalty
13306,1,53.65,53.65,74,4,56,United Kingdom,1,0.3760413940569855,169.07066552043847,63.577568756448,Low,UK,Low-cost nurture
13307,2,258.34,129.17000000000002,136,14,113,United Kingdom,1,0.5125708876835925,446.6127538573765,228.92069569548923,Low,UK,Low-cost nurture
13308,1,284.86,284.86,230,17,222,United Kingdom,1,0.3229306119090656,521.7584924394121,168.4917892322109,Low,UK,Low-cost nurture
13309,1,249.58,249.58,370,23,18,United Kingdom,1,0.5607243509130377,534.0735123069848,299.4680235281803,Medium,UK,Low-cost nurture
13310,2,409.17,204.585,229,23,6,United Kingdom,1,0.6703789384951893,679.9983620510184,455.8565801302291,Medium,UK,Low-cost nurture
13312,1,124.75,124.75,41,5,77,United Kingdom,1,0.3673862517523226,324.7794540038228,119.31950625263036,Low,UK,Low-cost nurture
13313,7,1890.0,270.0,1457,78,105,United Kingdom,1,0.8560550240755345,1898.135973155672,1624.908836198417,Very High,UK,Protect loyalty
13315,1,310.26000000000005,310.26000000000005,232,22,315,United Kingdom,1,0.2451901507514805,505.9681547370661,124.05840813542969,Low,UK,Low-cost nurture
13316,6,7207.89,1201.315,14423,69,18,United Kingdom,1,0.9290371538261332,6543.969098539062,6079.590426032896,Very High,UK,Protect loyalty
13317,13,4212.411,324.0316153846154,2114,151,11,United Kingdom,1,0.9501261042394796,3879.1834514957127,3685.71346039988,Very High,UK,Protect loyalty
13319,32,10477.67,327.4271875,4250,213,5,United Kingdom,1,0.9824697751770266,9014.656914199952,8856.627951792058,Very High,UK,Protect loyalty
13320,2,679.4,339.70000000000005,423,37,60,United Kingdom,1,0.6609650181235203,952.6241698242196,629.6512516727688,Medium,UK,Low-cost nurture
13324,8,3391.52,423.94,3243,23,54,United Kingdom,1,0.903268099180874,3789.651270901138,3423.0711000252545,Very High,UK,Protect loyalty
13326,1,281.76,281.76,140,13,58,United Kingdom,1,0.4758081119897671,600.7938765727538,285.86260010709515,Medium,UK,Low-cost nurture
13327,12,5506.71,458.8925,2603,127,21,United Kingdom,1,0.9474248582671472,4897.144058067801,4639.676015128688,Very High,UK,Protect loyalty
13329,6,4019.77,669.9616666666667,2848,60,12,United Kingdom,1,0.9060837166110476,3985.232439091637,3610.95421997106,Very High,UK,Protect loyalty
13330,3,1655.17,551.7233333333334,1200,53,81,United Kingdom,1,0.7617161621506778,1831.426316744172,1395.027025252122,High,UK,Protect loyalty
13331,1,262.4,262.4,54,12,27,United Kingdom,1,0.4726475121705598,575.6592309753506,272.0839033785171,Medium,UK,Low-cost nurture
13333,3,1015.74,338.58,685,54,37,United Kingdom,1,0.7696150672796309,1245.0180197757873,958.1846270540954,High,UK,Protect loyalty
13334,2,2699.48,1349.74,1434,177,162,United Kingdom,1,0.6709190041871175,2370.405037912196,1590.3497875561768,Very High,UK,Win back now
13337,1,1575.26,1575.26,980,87,172,United Kingdom,1,0.5178495391588698,1927.4182345846368,998.1126445460566,High,UK,Win back now
13338,3,1958.6,652.8666666666667,895,101,167,United Kingdom,1,0.6917769926650609,1817.4296801196977,1257.256038493428,High,UK,Protect loyalty
13340,5,11364.08,2272.816,3866,77,43,United Kingdom,1,0.900610910673747,9050.51547610804,8150.992985004502,Very High,UK,Protect loyalty
13346,6,299.4,49.9,180,4,88,United Kingdom,1,0.7199289489883778,555.1725180202454,399.6847674055465,Medium,UK,Grow customer value
13357,4,3196.11,799.0275,1791,240,120,United Kingdom,1,0.813074095350582,2550.1067907978377,2073.425771975328,Very High,UK,Protect loyalty
13359,1,603.75,603.75,220,33,29,United Kingdom,1,0.569695335771365,1054.154946377345,600.5471561314868,Medium,UK,Win back now
13360,4,1553.65,388.4125,942,58,57,United Kingdom,1,0.8090247493154831,1714.2668779786734,1386.884331216532,High,UK,Protect loyalty
13361,2,1450.5,725.25,324,29,98,United Kingdom,1,0.6355696462546265,1786.1874468531712,1135.2465237409244,High,UK,Win back now
13362,3,2303.33,767.7766666666666,1099,106,4,United Kingdom,1,0.8315794331414559,2360.2319448948333,1962.7203428180012,Very High,UK,Protect loyalty
13363,1,731.36,731.36,436,42,35,United Kingdom,1,0.5983455374889206,1212.140890442614,725.2790926041846,High,UK,Win back now
13367,1,510.2,510.2,253,20,57,United Kingdom,1,0.5282005531230131,951.1235550512188,502.38398786638027,Medium,UK,Low-cost nurture
13368,2,498.1,249.05,279,22,40,United Kingdom,1,0.6484763782695051,787.0107962272815,510.357910796467,Medium,UK,Low-cost nurture
13371,2,2297.66,1148.83,1019,75,131,United Kingdom,1,0.6710807394658258,2335.395492156035,1567.238933821228,Very High,UK,Win back now
13373,3,4274.94,1424.9800000000002,2612,184,41,United Kingdom,1,0.8443331221378598,3659.2073623118586,3089.589976770614,Very High,UK,Protect loyalty
13374,2,422.8,211.4,135,17,40,United Kingdom,1,0.6142222575290261,697.8954234264459,428.6629024961672,Medium,UK,Low-cost nurture
13375,1,1013.58,1013.58,682,34,70,United Kingdom,1,0.5841059481997396,1601.099189633004,935.2115603224204,High,UK,Win back now
13377,2,1552.88,776.44,748,71,22,United Kingdom,1,0.7490890557169716,1834.165171316564,1373.9530562104824,High,UK,Protect loyalty
13380,1,62.4,62.4,48,3,58,United Kingdom,1,0.3610228791524384,195.05009232569307,70.41754591037065,Low,UK,Low-cost nurture
13381,6,4585.06,764.1766666666666,3096,112,5,United Kingdom,1,0.9150549341914708,4161.837936441494,3808.310339046037,Very High,UK,Protect loyalty
13382,4,1164.59,291.14750000000004,732,61,54,United Kingdom,1,0.7991376921466282,1336.4805032037025,1068.031944929171,High,UK,Protect loyalty
13383,1,305.28000000000003,305.28000000000003,288,1,169,United Kingdom,1,0.3481414471710806,752.6972120938606,262.0450966999944,Medium,UK,Low-cost nurture
13384,4,2528.9,632.225,1720,81,16,United Kingdom,1,0.8597180960535012,2585.285788070285,2222.616975473961,Very High,UK,Protect loyalty
13386,2,835.46,417.73,514,24,40,United Kingdom,1,0.6866961076376199,1213.6137541047417,833.3838411192057,High,UK,Protect loyalty
13387,1,186.94,186.94,123,71,43,United Kingdom,1,0.5036236184721157,353.741413687451,178.15253076471564,Low,UK,Low-cost nurture
13388,1,508.55,508.55,419,34,229,United Kingdom,1,0.3664423109801217,786.5504252706916,288.2253555385898,Medium,UK,Low-cost nurture
13392,1,91.14,91.14,82,8,303,United Kingdom,1,0.1861725381058369,201.7450026884732,37.559379200681946,Low,UK,Low-cost nurture
13393,4,1131.45,282.8625,662,53,209,United Kingdom,1,0.6585332069273114,1172.5336874135771,772.1523694027687,High,UK,Win back now
13394,11,4101.68,372.88000000000005,2962,167,5,United Kingdom,1,0.9470405963311302,3733.026609513636,3535.327746393771,Very High,UK,Protect loyalty
13395,2,872.51,436.255,1324,56,26,United Kingdom,1,0.7412555413937795,1172.0317159971692,868.775004172162,High,UK,Protect loyalty
13397,5,1647.74,329.548,906,47,63,United Kingdom,1,0.8286110948720093,1828.5077623116392,1515.1218189110152,High,UK,Protect loyalty
13398,1,213.0,213.0,60,13,74,United Kingdom,1,0.417941627324313,462.7407319364534,193.39861453476504,Low,UK,Low-cost nurture
13399,3,275.4,91.8,120,10,90,United Kingdom,1,0.5983263295795935,473.0423016968655,283.0336641101683,Medium,UK,Low-cost nurture
13400,1,310.83,310.83,284,23,208,United Kingdom,1,0.3515306565702482,550.2685712273834,193.4362721335345,Low,UK,Low-cost nurture
13402,2,605.62,302.81,438,34,131,United Kingdom,1,0.5819081998976928,827.0297832158014,481.2554124128861,Medium,UK,Low-cost nurture
13403,2,154.5,77.25,70,6,13,United Kingdom,1,0.5666537889709946,341.22096542300534,193.3541529332867,Low,UK,Low-cost nurture
13405,3,641.36,213.78666666666663,690,14,107,United Kingdom,1,0.6736427848073517,937.6544513653408,631.6441558047577,Medium,UK,Grow customer value
13406,2,568.92,284.46,292,7,53,United Kingdom,1,0.6225628015662924,988.6303912393532,615.4845060835515,Medium,UK,Win back now
13407,3,2244.7,748.2333333333332,1690,85,204,United Kingdom,1,0.6773328298335477,2042.2018672834304,1383.2503698584412,High,UK,Protect loyalty
13408,44,22057.742,501.3123181818182,12443,168,1,United Kingdom,1,0.9898238287329284,18458.29900552963,18270.464193550542,Very High,UK,Protect loyalty
13410,4,1198.9,299.725,726,18,19,United Kingdom,1,0.8101655587895215,1621.034742716928,1313.306518150488,High,UK,Protect loyalty
13412,1,487.35,487.35,176,33,246,United Kingdom,1,0.3194054335962167,740.3221002064413,236.46290141730017,Low,UK,Low-cost nurture
13413,6,429.44,71.57333333333334,455,38,265,United Kingdom,1,0.6212501005738228,517.1261929566053,321.26469938364914,Medium,UK,Low-cost nurture
13414,3,1103.64,367.88000000000005,1128,27,89,United Kingdom,1,0.7322088549622205,1401.0460313718283,1025.8583103801298,High,UK,Protect loyalty
13415,4,784.17,196.0425,496,85,98,United Kingdom,1,0.7488728790299997,886.2887122597041,663.7175796017156,High,UK,Grow customer value
13416,1,228.3,228.3,66,7,362,United Kingdom,1,0.1623451590156913,418.93307472567824,68.01175663327273,Low,UK,Low-cost nurture
13417,4,1028.66,257.165,370,35,173,United Kingdom,1,0.6658390988000885,1157.4381262434267,770.6675588947863,High,UK,Win back now
13418,13,5432.2300000000005,417.8638461538461,3436,156,19,United Kingdom,1,0.9535636886600166,4789.930664018227,4567.503952406943,Very High,UK,Protect loyalty
13421,6,2225.04,370.84,1223,124,32,United Kingdom,1,0.8829221055236827,2163.32274017881,1910.0454686859373,Very High,UK,Protect loyalty
13423,1,217.03,217.03,141,12,54,United Kingdom,1,0.4692895517231152,488.8901702385322,229.43104883307828,Low,UK,Low-cost nurture
13424,1,572.77,572.77,529,40,75,United Kingdom,1,0.5513959535294359,965.976983697127,532.6358000131657,Medium,UK,Win back now
13425,2,1766.22,883.11,1235,86,134,United Kingdom,1,0.6676499508187264,1845.383487067298,1232.0701943821714,High,UK,Win back now
13426,12,4526.06,377.1716666666667,2623,106,8,United Kingdom,1,0.948212520155182,4290.54072551577,4068.344434169752,Very High,UK,Protect loyalty
13427,3,423.93,141.31,335,18,103,United Kingdom,1,0.644307969110489,639.236532631835,411.86519212124847,Medium,UK,Low-cost nurture
13428,2,276.76,138.38,205,66,140,United Kingdom,1,0.5280056381954058,389.8262962602678,205.830482342254,Low,UK,Low-cost nurture
13431,6,2047.14,341.19,898,74,32,United Kingdom,1,0.8726442520069215,2133.355955857458,1861.6608123637425,Very High,UK,Protect loyalty
13432,2,439.1,219.55,217,98,197,United Kingdom,1,0.4911217558968396,523.5265446410375,257.11527586271154,Medium,UK,Low-cost nurture
13433,4,658.32,164.57999999999998,190,22,127,United Kingdom,1,0.6678119787356348,862.2308830698069,575.8081121498215,Medium,UK,Low-cost nurture
13434,3,1132.62,377.54,564,14,11,United Kingdom,1,0.7707469210420281,1620.3617536413708,1248.8888325933478,High,UK,Protect loyalty
13435,2,637.44,318.72,625,40,2,United Kingdom,1,0.7270437352111306,943.0138236724129,685.6122927185215,High,UK,Grow customer value
13438,1,46.5,46.5,10,1,173,United Kingdom,1,0.1981956078228101,147.88777997877665,29.310708442459656,Low,UK,Low-cost nurture
13439,2,702.9,351.45000000000005,710,101,14,United Kingdom,1,0.7365919950582699,911.0429405379068,671.0669371545695,High,UK,Grow customer value
13440,7,1295.25,185.03571428571428,573,49,49,United Kingdom,1,0.859086918394821,1503.557290950622,1291.686399712835,High,UK,Protect loyalty
13441,1,424.26,424.26,316,25,57,United Kingdom,1,0.5332148626920231,797.5353679055511,425.25771168979054,Medium,UK,Low-cost nurture
13442,3,419.87,139.95666666666668,115,33,293,United Kingdom,1,0.4091207756650882,500.1620811576468,204.62669860148125,Low,UK,Low-cost nurture
13443,6,1273.16,212.1933333333333,805,176,74,United Kingdom,1,0.8473093380143386,1250.3437361291926,1059.427923350001,High,UK,Protect loyalty
13444,2,619.08,309.54,331,51,0,United Kingdom,1,0.7132406388561139,886.0092353332712,631.9377930415193,Medium,UK,Grow customer value
13445,1,241.9,241.9,198,7,252,United Kingdom,1,0.2723676739840829,488.5500050613496,133.0652285034717,Low,UK,Low-cost nurture
13446,11,3881.89,352.89909090909094,2403,113,56,United Kingdom,1,0.9300390966023104,3574.9195744657363,3324.81497146203,Very High,UK,Protect loyalty
13448,7,5211.24,744.4628571428572,2547,248,25,United Kingdom,1,0.9215219562358634,4154.813500804544,3828.7518650565794,Very High,UK,Protect loyalty
13450,7,2076.32,296.6171428571429,2336,39,0,United Kingdom,1,0.9075356778570104,2438.324632160518,2212.866597883241,Very High,UK,Protect loyalty
13451,6,4191.8,698.6333333333333,3101,363,7,United Kingdom,1,0.9200919963901102,3351.791357889671,3083.9564019638256,Very High,UK,Protect loyalty
13452,1,139.8,139.8,4,1,98,United Kingdom,1,0.2670353635207306,386.1465424481782,103.11478233492252,Low,UK,Low-cost nurture
13453,1,424.71,424.71,207,23,28,United Kingdom,1,0.5489919119127908,818.4419462328974,449.3180088520239,Medium,UK,Low-cost nurture
13454,1,219.87,219.87,198,23,267,United Kingdom,1,0.2727419533887746,390.7976470049185,106.58691362385832,Low,UK,Low-cost nurture
13455,4,1154.65,288.6625,441,55,79,United Kingdom,1,0.7662280053167044,1305.57975253756,1000.3717695687312,High,UK,Protect loyalty
13457,2,148.22,74.11,96,9,314,United Kingdom,1,0.2659146091691949,250.6715839111133,66.65723626554673,Low,UK,Low-cost nurture
13458,2,2312.7000000000003,1156.35,1252,94,5,United Kingdom,1,0.7900834421871605,2532.715338125213,2001.0564524261863,Very High,UK,Protect loyalty
13459,2,1160.41,580.2049999999999,986,57,250,United Kingdom,1,0.512660592791709,1239.344218753171,635.362941858978,Medium,UK,Win back now
13461,3,2715.0,905.0,1962,25,33,United Kingdom,1,0.8126651892860178,3167.541989879806,2574.151110777082,Very High,UK,Protect loyalty
13462,4,1002.35,250.5875,635,55,36,United Kingdom,1,0.803870991898637,1207.4443152955569,970.62945939901,High,UK,Protect loyalty
13464,5,2422.96,484.592,1037,95,20,United Kingdom,1,0.8698099039709453,2408.771778671557,2095.17354949423,Very High,UK,Protect loyalty
13465,2,931.12,465.56,584,34,72,United Kingdom,1,0.6685473220059316,1247.5614834124567,834.0538887731453,High,UK,Win back now
13466,4,705.45,176.3625,401,34,34,United Kingdom,1,0.7798108397799803,946.569646238938,738.1452707438251,High,UK,Grow customer value
13468,35,7088.31,202.5231428571429,3028,200,7,United Kingdom,1,0.9817266016225742,6585.980340287313,6465.632097823349,Very High,UK,Protect loyalty
13469,1,82.4,82.4,52,6,279,United Kingdom,1,0.1875258902289807,193.31387693244585,36.25135686537252,Low,UK,Low-cost nurture
13472,2,592.24,296.12,310,24,89,United Kingdom,1,0.6083514441486915,868.1509298169696,528.1408718931827,Medium,UK,Low-cost nurture
13473,6,2235.12,372.52,734,44,200,United Kingdom,1,0.753431878170359,2131.983353191007,1606.3042220226405,Very High,UK,Protect loyalty
13474,2,419.75,209.875,189,62,69,United Kingdom,1,0.6171139789308834,587.0522539069186,362.27815224884176,Medium,UK,Low-cost nurture
13476,3,823.0,274.3333333333333,296,38,32,United Kingdom,1,0.7408096942010688,1076.5098647002717,797.4889436730422,High,UK,Protect loyalty
13477,5,1364.59,272.918,1070,65,81,United Kingdom,1,0.8197355627488706,1486.7930420771536,1218.777131038221,High,UK,Protect loyalty
13478,5,2215.78,443.15600000000006,1189,114,95,United Kingdom,1,0.8296082391086913,2067.503531153934,1715.2179638316163,Very High,UK,Protect loyalty
13479,2,550.42,275.21000000000004,582,34,78,United Kingdom,1,0.6443854387063626,799.8650671796144,515.42140222043,Medium,UK,Low-cost nurture
13480,2,627.82,313.91,362,40,42,United Kingdom,1,0.6725566397131069,893.8214000827298,601.1455173433053,Medium,UK,Low-cost nurture
13481,6,2026.28,337.7133333333333,913,87,0,United Kingdom,1,0.889039921185279,2128.436364305755,1892.26489757027,Very High,UK,Protect loyalty
13482,1,151.45,151.45,71,9,253,United Kingdom,1,0.2338123298891806,315.71530750740027,73.81813162998439,Low,UK,Low-cost nurture
13484,2,476.92,238.46,180,31,9,United Kingdom,1,0.6697745002542608,741.8334685573844,496.861140674907,Medium,UK,Low-cost nurture
13485,10,2564.98,256.498,1521,118,2,United Kingdom,1,0.9323618906858554,2584.335364033788,2409.535806176861,Very High,UK,Protect loyalty
13487,2,271.47,135.735,97,11,131,United Kingdom,1,0.4780205757739782,468.6112044579247,224.00579776911457,Low,UK,Low-cost nurture
13488,10,5237.65,523.765,2857,168,25,United Kingdom,1,0.9396990140155204,4469.336572767224,4199.831170732867,Very High,UK,Protect loyalty
13490,1,154.25,154.25,25,8,280,United Kingdom,1,0.1885412377229018,312.24381147971883,58.87083468770263,Low,UK,Low-cost nurture
13491,17,3251.84,191.2847058823529,1446,100,15,United Kingdom,1,0.9541469783196274,3341.460890628484,3188.2448119663786,Very High,UK,Protect loyalty
13495,5,2818.44,563.688,1636,49,6,United Kingdom,1,0.8808849806759137,3011.7464112145526,2653.002179243484,Very High,UK,Protect loyalty
13497,4,818.78,204.695,362,36,138,United Kingdom,1,0.6922329276704169,979.6328973858458,678.1341485996571,High,UK,Protect loyalty
13498,1,327.38,327.38,362,17,356,United Kingdom,1,0.2218268017096215,531.8326942035103,117.97474559977589,Low,UK,Low-cost nurture
13500,1,299.53,299.53,229,20,27,United Kingdom,1,0.5380535144136848,622.481984725318,334.92861954066296,Medium,UK,Low-cost nurture
13501,2,1544.79,772.395,693,52,112,Switzerland,0,0.684806304521124,2247.1982072586416,1538.895499839285,High,Non-UK,Protect loyalty
13502,2,488.5,244.25,226,14,41,United Kingdom,1,0.6323371058069581,811.3481195550967,513.0455217213877,Medium,UK,Low-cost nurture
13503,5,1642.39,328.478,857,148,105,United Kingdom,1,0.8123303431145446,1539.432605788073,1250.5278168615428,High,UK,Protect loyalty
13506,3,879.5600000000001,293.18666666666667,618,43,21,United Kingdom,1,0.77281240853028,1145.9717056989205,885.621153988736,High,UK,Protect loyalty
13508,1,176.07999999999998,176.07999999999998,156,16,268,United Kingdom,1,0.2536828824064632,336.6080288993864,85.39169501235442,Low,UK,Low-cost nurture
13509,1,135.0,135.0,108,5,133,United Kingdom,1,0.3439843481947706,337.52575324849084,116.10357623013113,Low,UK,Low-cost nurture
13510,7,2766.73,395.2471428571429,1658,126,1,United Kingdom,1,0.9138619617232616,2681.4795602157387,2450.502171219584,Very High,UK,Protect loyalty
13511,1,282.76,282.76,60,5,302,United Kingdom,1,0.201825487752699,542.7166390087924,109.53405037945502,Low,UK,Low-cost nurture
13512,3,462.18,154.06,276,20,13,United Kingdom,1,0.7292005907078701,725.9996235940807,529.399354378495,Medium,UK,Grow customer value
13513,2,619.49,309.745,255,24,67,United Kingdom,1,0.6266516745921002,914.0141355392484,572.7684886365209,Medium,UK,Low-cost nurture
13514,3,663.7,221.2333333333333,248,13,54,United Kingdom,1,0.6933069132257361,996.2723389956196,690.7225000812372,High,UK,Protect loyalty
13515,2,374.7,187.35,138,17,75,United Kingdom,1,0.572731904326347,614.085224267932,351.7061999136445,Medium,UK,Low-cost nurture
13516,1,295.85,295.85,129,17,43,United Kingdom,1,0.4963070121829854,613.5951561824697,304.53157865487384,Medium,UK,Low-cost nurture
13519,1,220.46,220.46,110,11,68,United Kingdom,1,0.4440216380360575,492.5272112975295,218.69273913766045,Low,UK,Low-cost nurture
13520,5,2981.65,596.33,1530,62,28,Switzerland,0,0.8848745406806453,3842.939322405035,3400.5191677767457,Very High,Non-UK,Protect loyalty
13523,1,569.69,569.69,237,29,28,United Kingdom,1,0.5689128706669939,1021.390336157728,581.082108215019,Medium,UK,Win back now
13526,2,1182.0,591.0,1911,29,364,United Kingdom,1,0.3982546767417176,1259.8706279117207,501.7493696553672,Medium,UK,Win back now
13527,5,2298.93,459.78600000000006,1053,152,44,United Kingdom,1,0.8607288004624367,2140.152844733086,1842.0911908533808,Very High,UK,Protect loyalty
13530,1,402.98,402.98,272,18,260,United Kingdom,1,0.303630285798896,674.6143291727986,204.8333415707674,Low,UK,Low-cost nurture
13531,4,949.27,237.3175,323,38,124,United Kingdom,1,0.7075471735276281,1111.3791217499652,786.3531563118055,High,UK,Protect loyalty
13534,10,1850.82,185.082,908,59,5,United Kingdom,1,0.9194048211255036,2112.1788271593628,1941.94739676953,Very High,UK,Protect loyalty
13535,1,89.5,89.5,10,1,28,United Kingdom,1,0.3430459394374586,285.2802177086532,97.86422028678764,Low,UK,Low-cost nurture
13537,2,717.85,358.925,337,38,51,United Kingdom,1,0.665011629251693,997.5187552859315,663.3615726618182,High,UK,Win back now
13538,5,1822.28,364.456,784,102,22,United Kingdom,1,0.8596321553877199,1870.0845938826944,1607.5848501967491,Very High,UK,Protect loyalty
13539,4,938.02,234.505,390,45,46,United Kingdom,1,0.7808976269536072,1150.6495242637566,898.5394829528645,High,UK,Protect loyalty
13540,3,632.39,210.79666666666665,189,26,93,United Kingdom,1,0.655783629128004,853.8742138014526,559.9567307455378,Medium,UK,Low-cost nurture
13541,2,785.25,392.625,279,10,53,United Kingdom,1,0.6380822761298385,1245.0332652786565,794.4336597663702,High,UK,Win back now
13542,17,3959.49,232.91117647058823,804,98,2,United Kingdom,1,0.9542565208863524,3947.3571491825887,3766.791299874848,Very High,UK,Protect loyalty
13543,2,1439.61,719.8050000000001,329,37,260,United Kingdom,1,0.4623219797371247,1520.1017842705744,702.7764663059077,High,UK,Win back now
13544,4,514.14,128.535,219,152,37,United Kingdom,1,0.7735693190471012,601.6967695696219,465.454160308813,Medium,UK,Grow customer value
13545,2,364.93,182.465,252,54,16,United Kingdom,1,0.6735921985051383,556.1676525642014,374.6301918281623,Medium,UK,Grow customer value
13546,2,465.15,232.575,230,47,8,United Kingdom,1,0.6843286745284871,695.5783006609403,476.0041765220788,Medium,UK,Grow customer value
13547,1,167.08,167.08,79,44,34,United Kingdom,1,0.4847996837228392,340.52082658785946,165.08438903083405,Low,UK,Low-cost nurture
13548,1,223.28,223.28,122,61,97,United Kingdom,1,0.4468814020872571,400.397190104236,178.93005770557903,Low,UK,Low-cost nurture
13549,1,87.6,87.6,96,8,13,United Kingdom,1,0.4604285784383217,245.90834921399775,113.22323165471538,Low,UK,Low-cost nurture
13550,1,342.55,342.55,430,40,9,United Kingdom,1,0.5973934407943043,659.159992228991,393.77785579162384,Medium,UK,Low-cost nurture
13551,1,152.39999999999998,152.39999999999998,24,1,292,United Kingdom,1,0.1631237392700846,366.4680826937047,59.779643972135695,Low,UK,Low-cost nurture
13552,10,3208.85,320.885,1213,87,54,United Kingdom,1,0.9144391347348269,3089.3455573276456,2825.018478339573,Very High,UK,Protect loyalty
13553,1,499.6,499.6,201,85,300,United Kingdom,1,0.2879723157140335,649.8423757033326,187.13661378039768,Low,UK,Low-cost nurture
13554,7,1629.35,232.7642857142857,578,156,6,United Kingdom,1,0.8931849842532005,1642.6866946283349,1467.2230894745512,High,UK,Protect loyalty
13555,9,4792.96,532.5511111111111,2126,175,4,United Kingdom,1,0.936987567488494,4146.154862262322,3884.895558821765,Very High,UK,Protect loyalty
13556,2,200.82,100.41,134,8,55,United Kingdom,1,0.5575254756429413,402.8118884696864,224.5778897136933,Low,UK,Low-cost nurture
13557,11,2448.2,222.5636363636364,1852,107,41,United Kingdom,1,0.9270937142493848,2466.0104673114542,2286.2228035176377,Very High,UK,Protect loyalty
13559,2,990.0,495.0,360,1,138,United Kingdom,1,0.5319595686956835,1741.4432248895264,926.3773868202526,High,UK,Win back now
13561,10,1661.54,166.154,1042,120,23,United Kingdom,1,0.9176068978471764,1754.4877360523724,1609.9300487899334,Very High,UK,Protect loyalty
13562,5,3038.85,607.7700000000001,846,65,27,United Kingdom,1,0.8634916323923569,3017.453286710941,2605.5456642097133,Very High,UK,Protect loyalty
13564,34,14774.3,434.53823529411767,8242,475,14,United Kingdom,1,0.985906951691293,11058.783241740344,10902.93127527898,Very High,UK,Protect loyalty
13565,1,174.57999999999998,174.57999999999998,88,22,37,United Kingdom,1,0.474178771396279,382.6458662797749,181.44254675240853,Low,UK,Low-cost nurture
13566,3,831.76,277.25333333333333,690,159,60,United Kingdom,1,0.7604127104933571,910.6607228265216,692.4779885843551,High,UK,Grow customer value
13567,4,1079.29,269.8225,643,180,54,United Kingdom,1,0.8072509584176433,1100.816476016533,888.6351553062789,High,UK,Protect loyalty
13569,2,387.92,193.96,189,85,7,United Kingdom,1,0.6828619498980019,555.9244297216837,379.61964007568366,Medium,UK,Grow customer value
13571,14,2448.32,174.88000000000002,1434,158,8,United Kingdom,1,0.9473083091855602,2459.955305856567,2330.3361014630323,Very High,UK,Protect loyalty
13573,4,614.27,153.5675,345,52,5,United Kingdom,1,0.7995557672585085,818.8602889665608,654.7244666221825,High,UK,Grow customer value
13574,1,404.45,404.45,304,84,37,United Kingdom,1,0.5744488093597087,675.0120706752907,387.75988030285225,Medium,UK,Low-cost nurture
13576,10,4485.25,448.525,1860,91,18,United Kingdom,1,0.9337724044117308,4213.317674313297,3934.2797752939696,Very High,UK,Protect loyalty
13577,7,1801.68,257.3828571428572,870,58,8,United Kingdom,1,0.8922799520944127,2019.549217486609,1802.00327903126,Very High,UK,Protect loyalty
13578,1,147.66,147.66,127,9,35,United Kingdom,1,0.4673401963701288,370.5546436130392,173.17507991198084,Low,UK,Low-cost nurture
13579,3,907.3,302.43333333333334,542,57,27,United Kingdom,1,0.7692843687675222,1129.9515565075314,869.2540698857755,High,UK,Protect loyalty
13580,1,107.75,107.75,45,5,32,United Kingdom,1,0.413212702483741,298.2690619503979,123.24856515581426,Low,UK,Low-cost nurture
13581,1,162.53,162.53,89,23,40,United Kingdom,1,0.4693445368285525,357.84740178942405,167.95372304815817,Low,UK,Low-cost nurture
13582,2,241.68,120.84,106,10,15,United Kingdom,1,0.6035792387678505,471.5097471627979,284.5934942641432,Medium,UK,Low-cost nurture
13583,1,664.001,664.001,372,43,305,United Kingdom,1,0.2999729726624023,899.6299404712885,269.8646675392725,Medium,UK,Low-cost nurture
13584,2,243.3,121.65,323,55,124,United Kingdom,1,0.5537249628029685,365.1186951947423,202.17533591537708,Low,UK,Low-cost nurture
13585,3,684.54,228.18,1386,29,156,United Kingdom,1,0.6610024971045285,887.6292944034415,586.7251801038055,Medium,UK,Low-cost nurture
13586,1,127.28,127.28,38,20,167,United Kingdom,1,0.2974995505738498,264.4361110730066,78.66962419971611,Low,UK,Low-cost nurture
13587,3,961.1,320.3666666666667,484,20,75,United Kingdom,1,0.7118428236701287,1286.9385754178252,916.0979894154376,High,UK,Protect loyalty
13589,4,741.09,185.2725,179,29,75,United Kingdom,1,0.7233452249312895,959.3582116332622,693.9471813835416,High,UK,Grow customer value
13590,12,4354.12,362.8433333333333,3423,225,1,United Kingdom,1,0.9538240222538864,3837.251005366593,3660.062188336533,Very High,UK,Protect loyalty
13591,4,976.81,244.2025,365,42,61,United Kingdom,1,0.7676701601229571,1184.5076719145493,909.3111941655131,High,UK,Protect loyalty
13593,9,3481.4100000000003,386.8233333333333,1451,174,13,United Kingdom,1,0.9279165019474755,3132.312251597248,2906.524227509339,Very High,UK,Protect loyalty
13594,1,136.35000000000002,136.35000000000002,37,7,111,United Kingdom,1,0.3373864405985429,328.4414726710156,110.81169940941756,Low,UK,Low-cost nurture
13595,3,784.48,261.49333333333334,341,114,142,United Kingdom,1,0.657530319728927,835.6539190663207,549.4677885864087,Medium,UK,Low-cost nurture
13597,2,396.71,198.355,231,17,26,United Kingdom,1,0.6444916341014081,675.3037073578545,435.2275898698027,Medium,UK,Low-cost nurture
13598,4,601.92,150.48000000000002,341,46,121,United Kingdom,1,0.7004865187240937,745.5848780270793,522.2721556225168,Medium,UK,Grow customer value
13599,12,4661.12,388.4266666666667,2955,100,21,United Kingdom,1,0.9461577277092876,4391.978396945778,4155.504300202496,Very High,UK,Protect loyalty
13600,1,298.9,298.9,275,22,260,United Kingdom,1,0.2975081969081072,513.566594145747,152.79027141653887,Low,UK,Low-cost nurture
13601,2,466.67,233.335,409,77,18,United Kingdom,1,0.7003053569891029,659.5109332355979,461.8590395377718,Medium,UK,Grow customer value
13602,3,596.28,198.76,271,29,7,United Kingdom,1,0.7466265236185996,864.184159744832,645.2228149565444,High,UK,Grow customer value
13604,1,717.62,717.62,242,21,284,United Kingdom,1,0.298218304112547,1052.5563519351938,313.8915702570027,Medium,UK,Win back now
13605,2,522.67,261.33500000000004,425,50,13,United Kingdom,1,0.7029835129607983,766.368669115121,538.7445392376394,Medium,UK,Grow customer value
13607,1,400.3,400.3,178,24,28,United Kingdom,1,0.5421918568804792,773.0606120107526,419.14716870726966,Medium,UK,Low-cost nurture
13608,1,232.05,232.05,110,31,166,United Kingdom,1,0.3585130783633249,423.245323216087,151.7389837290798,Low,UK,Low-cost nurture
13609,1,167.35,167.35,19,7,219,United Kingdom,1,0.2278630488954892,354.0183197246506,80.66769369731702,Low,UK,Low-cost nurture
13610,7,1021.38,145.91142857142856,381,157,13,United Kingdom,1,0.8767427857084078,1097.8169161510814,962.5030612641126,High,UK,Protect loyalty
13611,7,2143.53,306.21857142857147,1234,122,0,United Kingdom,1,0.907423456911496,2165.183593110874,1964.7383809087237,Very High,UK,Protect loyalty
13612,1,818.29,818.29,444,50,258,United Kingdom,1,0.3615881419679017,1095.833936512805,396.2405570090367,Medium,UK,Win back now
13613,5,1039.85,207.97,445,50,78,United Kingdom,1,0.7926892991661022,1206.3587062932977,956.26763743456,High,UK,Protect loyalty
13614,2,747.28,373.64,257,67,19,United Kingdom,1,0.6982005132575266,985.1122220234428,687.8058590330304,High,UK,Protect loyalty
13615,7,5854.84,836.4057142857143,2721,244,25,United Kingdom,1,0.9233780810075062,4594.390608529744,4242.359583503104,Very High,UK,Protect loyalty
13616,2,283.85,141.925,172,31,194,United Kingdom,1,0.448339992460886,415.6713861277765,186.36210612273337,Low,UK,Low-cost nurture
13617,5,734.57,146.914,293,31,34,United Kingdom,1,0.8006305747699174,980.9586026352048,785.385449853319,High,UK,Protect loyalty
13619,2,224.94,112.47,79,39,170,United Kingdom,1,0.4430230600515075,335.17136886168856,148.48864547475785,Low,UK,Low-cost nurture
13620,1,112.34,112.34,74,5,154,United Kingdom,1,0.3055298873590042,282.9824447273546,86.45959446212431,Low,UK,Low-cost nurture
13622,1,658.95,658.95,379,32,322,United Kingdom,1,0.2800926100793477,913.2440240244492,255.79290232837448,Medium,UK,Low-cost nurture
13623,5,1805.32,361.064,724,152,6,United Kingdom,1,0.870029295440328,1789.6100900118802,1557.0132057259382,High,UK,Protect loyalty
13624,1,462.08,462.08,820,22,14,United Kingdom,1,0.614466940020857,914.130513895786,561.7029796532371,Medium,UK,Low-cost nurture
13625,1,301.26,301.26,144,21,222,United Kingdom,1,0.3135656085158531,529.479732853413,166.02663462899176,Low,UK,Low-cost nurture
13626,1,449.81,449.81,189,25,5,United Kingdom,1,0.5748054258177664,864.672351132679,497.0183589856687,Medium,UK,Low-cost nurture
13627,2,607.43,303.71500000000003,363,37,114,United Kingdom,1,0.5954674271104986,829.2868831789783,493.8133266630708,Medium,UK,Low-cost nurture
13628,1,310.14,310.14,106,16,302,United Kingdom,1,0.2312975630065905,522.6935431514952,120.89774273022098,Low,UK,Low-cost nurture
13629,8,5578.5,697.3125,3350,7,39,United Kingdom,1,0.908714978129869,6634.3796174236695,6028.760128952398,Very High,UK,Protect loyalty
13632,3,1526.88,508.96,602,63,20,United Kingdom,1,0.7920384331111127,1738.6055618094645,1377.042424973834,High,UK,Protect loyalty
13634,11,3486.41,316.9463636363636,1390,153,0,United Kingdom,1,0.9408253797355968,3262.680225636702,3069.612362240472,Very High,UK,Protect loyalty
13635,3,1928.13,642.71,1207,89,68,United Kingdom,1,0.7830037791044026,1977.9546231578256,1548.745944829602,High,UK,Protect loyalty
13639,1,312.93,312.93,197,19,62,United Kingdom,1,0.494250403218085,630.2375368748933,311.4951567235888,Medium,UK,Low-cost nurture
13640,1,405.0,405.0,108,4,237,United Kingdom,1,0.2769496696620256,796.4555314003932,220.578096321832,Low,UK,Low-cost nurture
13641,5,1016.47,203.294,1098,41,266,United Kingdom,1,0.6478884825375483,1061.9870728395351,688.0491930964992,High,UK,Win back now
13642,3,159.92,53.30666666666667,80,41,58,United Kingdom,1,0.6232654470909444,261.49900244360947,162.98329267185224,Low,UK,Low-cost nurture
13643,7,1637.33,233.9042857142857,629,57,8,United Kingdom,1,0.886135169589148,1857.832614866948,1646.2908192433729,Very High,UK,Protect loyalty
13646,2,326.25,163.125,79,58,25,United Kingdom,1,0.6241204062036166,488.82660046030736,305.08665644242006,Medium,UK,Low-cost nurture
13647,4,1393.56,348.39,908,50,120,United Kingdom,1,0.7555409995952389,1515.0561066430696,1144.6870052559757,High,UK,Protect loyalty
13648,8,1764.02,220.5025,960,95,26,United Kingdom,1,0.8994241420176036,1860.994711364052,1673.82357156791,Very High,UK,Protect loyalty
13649,4,1107.08,276.77,643,82,23,United Kingdom,1,0.8199154618839614,1264.7497239043605,1036.9878540426564,High,UK,Protect loyalty
13650,4,1451.66,362.915,824,62,0,United Kingdom,1,0.842197907850177,1676.507795307156,1411.9513577021996,High,UK,Protect loyalty
13651,1,132.65,132.65,29,8,7,United Kingdom,1,0.4408048447533244,342.0235667460035,150.76564524145036,Low,UK,Low-cost nurture
13652,2,1166.97,583.485,880,77,54,United Kingdom,1,0.7183621481695741,1398.7076732666142,1004.7786488290716,High,UK,Protect loyalty
13653,1,152.2,152.2,72,9,113,United Kingdom,1,0.3643369494338389,353.96967944948653,128.96423320269977,Low,UK,Low-cost nurture
13654,5,3600.67,720.134,2580,133,6,United Kingdom,1,0.8982963306402291,3312.042787586938,2975.1958830127824,Very High,UK,Protect loyalty
13655,4,1347.54,336.885,620,55,0,United Kingdom,1,0.8339104839744587,1589.8311554432523,1325.7768682733554,High,UK,Protect loyalty
13656,2,699.2,349.6,372,38,125,United Kingdom,1,0.5900424497992375,922.3585907942752,544.2307225056265,Medium,UK,Low-cost nurture
13658,4,3386.33,846.5825,1152,92,9,United Kingdom,1,0.8630325145281331,3246.9370159414875,2802.212217382455,Very High,UK,Protect loyalty
13659,10,3321.68,332.168,1645,137,42,United Kingdom,1,0.9245674127217828,3057.945712030229,2827.276955215459,Very High,UK,Protect loyalty
13660,1,306.64,306.64,136,39,26,United Kingdom,1,0.5337300090994621,582.8631725994302,311.0915664152352,Medium,UK,Low-cost nurture
13661,1,325.24,325.24,118,17,229,United Kingdom,1,0.300074491330962,573.1118778034536,171.97625520760377,Low,UK,Low-cost nurture
13662,8,1352.35,169.04375,636,77,11,United Kingdom,1,0.8949896147215756,1535.521585325088,1374.2758720467634,High,UK,Protect loyalty
13663,4,1858.04,464.51,802,75,6,United Kingdom,1,0.8449675353171812,2004.791868566199,1693.9840440063072,Very High,UK,Protect loyalty
13665,3,1711.66,570.5533333333333,1652,97,12,United Kingdom,1,0.827461371260242,1861.809881650192,1540.5757576961369,High,UK,Protect loyalty
13666,2,43.25,21.625,13,7,46,United Kingdom,1,0.4266331862916145,111.79636663605226,47.69604011376452,Low,UK,Low-cost nurture
13668,14,6638.650000000001,474.1892857142857,2374,192,9,United Kingdom,1,0.9578560645904514,5573.775373592198,5338.874544260196,Very High,UK,Protect loyalty
13669,1,195.0,195.0,156,5,33,United Kingdom,1,0.4776619008417629,499.4652341861999,238.5755131657565,Low,UK,Low-cost nurture
13671,1,172.6,172.6,95,61,20,United Kingdom,1,0.5143489042129473,341.5164187015844,175.65859572989007,Low,UK,Low-cost nurture
13672,1,233.53,233.53,81,12,356,United Kingdom,1,0.1758660211898874,406.1472620330903,71.42750299092621,Low,UK,Low-cost nurture
13674,1,240.68,240.68,102,14,58,United Kingdom,1,0.4599515719982219,519.4302451010667,238.91275777765733,Low,UK,Low-cost nurture
13676,2,243.9,121.95000000000002,104,13,165,United Kingdom,1,0.4415189939169984,410.1643436100792,181.09534833134825,Low,UK,Low-cost nurture
13677,2,551.24,275.62,217,98,30,United Kingdom,1,0.6786610923262851,721.8098330646268,489.86424975949313,Medium,UK,Grow customer value
13679,3,281.26,93.75333333333332,102,44,119,United Kingdom,1,0.5880026973899297,396.3595366030501,233.06047665881604,Low,UK,Low-cost nurture
13680,8,7700.55,962.56875,3310,244,97,United Kingdom,1,0.912580585712898,5514.547915144191,5032.469366344126,Very High,UK,Protect loyalty
13683,1,258.6,258.6,180,10,83,United Kingdom,1,0.4490887778899716,566.8673727420124,254.5737756504094,Medium,UK,Low-cost nurture
13684,3,529.75,176.58333333333334,196,58,16,United Kingdom,1,0.7364263694886999,712.9594032511739,525.0421049290919,Medium,UK,Grow customer value
13686,2,337.04,168.52,308,23,6,United Kingdom,1,0.6732430887544961,581.341171709455,391.3839260618314,Medium,UK,Low-cost nurture
13687,1,11880.84,11880.84,87167,45,64,United Kingdom,1,0.811140924556234,13323.241573968984,10807.026488395257,Very High,UK,Protect loyalty
13688,1,375.5,375.5,130,5,261,United Kingdom,1,0.2614582474285417,720.1268325507808,188.28309956499405,Low,UK,Low-cost nurture
13689,1,349.5,349.5,210,3,70,United Kingdom,1,0.4612239502289997,833.8370913002477,384.5856370969593,Medium,UK,Low-cost nurture
13691,1,212.78,212.78,145,54,22,United Kingdom,1,0.5327444931091007,415.0595162315434,221.12067158488213,Low,UK,Low-cost nurture
13692,2,1626.08,813.04,875,43,34,United Kingdom,1,0.7373032671800145,2008.4754124566991,1480.855483655051,High,UK,Protect loyalty
13693,9,2011.82,223.5355555555556,880,78,0,United Kingdom,1,0.9166514501990478,2181.9525531012755,2000.089972065799,Very High,UK,Protect loyalty
13694,93,130601.07,1404.3125806451617,124889,653,6,United Kingdom,1,0.9973559151071182,80606.62495020613,80393.4941909091,Very High,UK,Protect loyalty
13695,1,266.6,266.6,188,6,203,United Kingdom,1,0.3173779939252253,559.0867220939998,177.4418222884236,Low,UK,Low-cost nurture
13696,3,2020.4,673.4666666666667,552,24,47,United Kingdom,1,0.7640149085814958,2404.2502787421217,1836.883056920198,Very High,UK,Protect loyalty
13698,2,451.73,225.865,227,31,222,United Kingdom,1,0.4445431823946215,602.2573567796874,267.7294020034152,Medium,UK,Low-cost nurture
13699,1,455.57,455.57,153,23,176,United Kingdom,1,0.3776785969900409,768.7743581724623,290.3496209964948,Medium,UK,Low-cost nurture
13700,3,348.34,116.11333333333334,505,41,43,United Kingdom,1,0.7215909866453878,521.0962972070383,376.018391238885,Medium,UK,Grow customer value
13701,1,161.0,161.0,80,9,72,United Kingdom,1,0.4135333525729443,383.8154889132948,158.72050589973855,Low,UK,Low-cost nurture
13702,1,135.18,135.18,74,5,71,United Kingdom,1,0.3962391079688785,352.462555365184,139.65944853033196,Low,UK,Low-cost nurture
13703,1,326.06,326.06,118,35,41,United Kingdom,1,0.5122292686924184,612.6076732181672,313.79558044790576,Medium,UK,Low-cost nurture
13705,4,1005.33,251.3325,543,37,68,United Kingdom,1,0.7713108465058035,1233.140845621983,951.134909497574,High,UK,Protect loyalty
13706,1,300.38,300.38,112,18,252,United Kingdom,1,0.2757984896953237,522.7546508761493,144.17494319284822,Low,UK,Low-cost nurture
13707,3,2559.45,853.15,1859,102,55,United Kingdom,1,0.8110439974956476,2511.214881547176,2036.7057561005809,Very High,UK,Protect loyalty
13709,5,1263.7,252.74,614,64,72,United Kingdom,1,0.8118951731221915,1393.3103776574746,1131.2219702811617,High,UK,Protect loyalty
13710,2,329.04,164.51999999999998,160,7,49,United Kingdom,1,0.5864402912693595,621.2483329123085,364.32505330369816,Medium,UK,Low-cost nurture
13711,7,1540.2,220.02857142857144,679,71,32,United Kingdom,1,0.8767904240360379,1690.486965029169,1482.2027828953198,High,UK,Protect loyalty
13712,1,537.58,537.58,776,23,236,United Kingdom,1,0.3750054663024888,866.5492648167398,324.9607111266804,Medium,UK,Low-cost nurture
13713,3,740.76,246.92,284,70,34,United Kingdom,1,0.7436193122134428,915.5583029313502,680.8268355171176,High,UK,Grow customer value
13714,1,161.35,161.35,50,30,91,United Kingdom,1,0.3978037450074942,328.1141863473247,130.5250521190526,Low,UK,Low-cost nurture
13715,12,7075.650000000001,589.6375,4238,226,21,United Kingdom,1,0.954487439251877,5687.931972624191,5429.059623188941,Very High,UK,Protect loyalty
13717,2,318.29,159.14499999999998,185,21,83,United Kingdom,1,0.571872135696145,522.5500293749343,298.831801306727,Medium,UK,Low-cost nurture
13719,6,1741.4,290.2333333333333,979,149,19,United Kingdom,1,0.883225883484259,1735.512547557944,1532.8496031148825,High,UK,Protect loyalty
13721,1,217.4,217.4,196,14,21,United Kingdom,1,0.5207647397236226,496.72275311264025,258.67569523950533,Medium,UK,Low-cost nurture
13722,7,3260.0,465.7142857142857,1658,84,46,United Kingdom,1,0.8960790864551141,3115.297131993261,2791.552608072758,Very High,UK,Protect loyalty
13723,5,994.23,198.846,550,46,18,United Kingdom,1,0.8358286985367792,1234.4909781661606,1031.8229876360176,High,UK,Protect loyalty
13724,1,213.01,213.01,130,39,263,United Kingdom,1,0.2711447877713598,356.4903378883824,96.6604970092858,Low,UK,Low-cost nurture
13727,6,740.6700000000001,123.445,206,55,237,United Kingdom,1,0.6496828160861249,785.0911674403918,510.06024054701714,Medium,UK,Low-cost nurture
13728,10,1839.03,183.903,811,56,13,United Kingdom,1,0.9150829426882726,2096.546551621544,1918.513987940793,Very High,UK,Protect loyalty
13729,3,724.73,241.57666666666668,419,36,61,United Kingdom,1,0.7204381644991977,957.9748318894126,690.1616295228359,High,UK,Grow customer value
13733,2,487.03,243.515,335,28,36,United Kingdom,1,0.6616580415660993,755.9908592899322,500.2074313996491,Medium,UK,Low-cost nurture
13734,4,6695.6900000000005,1673.9225,302,24,134,United Kingdom,1,0.7487534651084208,5956.584385782293,4460.013199065206,Very High,UK,Protect loyalty
13735,9,6879.2300000000005,764.3588888888889,3007,272,2,United Kingdom,1,0.9451316642010542,5363.924040547044,5069.61445509027,Very High,UK,Protect loyalty
13736,5,2022.67,404.534,1053,225,51,United Kingdom,1,0.8581724108215636,1825.1255387251124,1566.272383619735,Very High,UK,Protect loyalty
13738,1,434.78,434.78,237,88,22,United Kingdom,1,0.5856677126112972,718.534150472342,420.8222523402382,Medium,UK,Low-cost nurture
13739,1,75.3,75.3,22,3,153,United Kingdom,1,0.2540120074496231,208.7667094171748,53.02925094770871,Low,UK,Low-cost nurture
13740,4,1232.02,308.005,562,62,41,United Kingdom,1,0.8039325340612274,1406.0288662799385,1130.3523494316655,High,UK,Protect loyalty
13745,1,477.32,477.32,650,31,172,United Kingdom,1,0.4389436596536888,794.4546071794517,348.7208127040823,Medium,UK,Low-cost nurture
13746,1,176.69,176.69,83,9,39,United Kingdom,1,0.4545786550296681,425.970951993098,193.63730243872985,Low,UK,Low-cost nurture
13747,1,90.2,90.2,52,4,50,United Kingdom,1,0.3889742622626662,259.86811472858017,101.08200821213936,Low,UK,Low-cost nurture
13748,4,1116.1,279.025,589,22,8,United Kingdom,1,0.8136731108116202,1499.9035088181238,1220.4311539373073,High,UK,Protect loyalty
13750,6,1954.92,325.82,854,34,6,United Kingdom,1,0.8774939696045889,2292.8891130134925,2011.9963696413545,Very High,UK,Protect loyalty
13752,1,404.4500000000001,404.4500000000001,131,19,153,United Kingdom,1,0.3892784406792592,722.2256290044259,281.1468666774401,Medium,UK,Low-cost nurture
13753,3,1353.31,451.1033333333333,938,37,224,United Kingdom,1,0.6054942842084475,1436.5576753471933,869.8274613585002,High,UK,Win back now
13754,1,164.45,164.45,101,9,63,United Kingdom,1,0.4322399813833606,395.0270527615589,170.74648593158005,Low,UK,Low-cost nurture
13756,9,3466.4300000000003,385.1588888888889,1950,103,11,United Kingdom,1,0.9286596249599204,3343.7567562924805,3105.2118952557744,Very High,UK,Protect loyalty
13757,1,195.55,195.55,54,8,300,United Kingdom,1,0.1969076134546658,379.699078875119,74.76563945223461,Low,UK,Low-cost nurture
13758,8,5507.58,688.4475,2823,130,2,United Kingdom,1,0.9340131314419062,4822.700638827964,4504.465725678589,Very High,UK,Protect loyalty
13760,3,1076.85,358.95,426,53,30,United Kingdom,1,0.7643884543088505,1306.6114905727777,998.7587376611089,High,UK,Protect loyalty
13761,4,881.52,220.38,437,50,128,United Kingdom,1,0.7146393204233196,1013.8752804433692,724.5551414100519,High,UK,Protect loyalty
13762,4,2165.76,541.44,2336,21,219,United Kingdom,1,0.6949311869436162,2278.825880401788,1583.6271739054455,Very High,UK,Protect loyalty
13763,2,3502.48,1751.24,2496,35,43,United Kingdom,1,0.7761437387284451,3955.909640536623,3070.354498477994,Very High,UK,Protect loyalty
13764,3,1400.2,466.73333333333335,1158,141,195,United Kingdom,1,0.6668766721529795,1296.236668791263,864.4299960061813,High,UK,Win back now
13765,1,352.821,352.821,297,17,279,United Kingdom,1,0.2835554150123108,599.4194818001422,169.9686399283036,Low,UK,Low-cost nurture
13766,1,190.35,190.35,137,16,121,United Kingdom,1,0.3948766607133734,402.3275431815137,158.86975676453167,Low,UK,Low-cost nurture
13767,36,16683.21,463.4225,7273,101,0,United Kingdom,1,0.9858648316260628,14963.49174008671,14751.980264878566,Very High,UK,Protect loyalty
13768,2,875.97,437.985,373,30,352,United Kingdom,1,0.3460777945611354,958.1701886261372,331.60142569396066,Medium,UK,Low-cost nurture
13769,10,2681.61,268.161,1289,80,36,United Kingdom,1,0.9187052533287589,2726.6612111977256,2504.9979787751067,Very High,UK,Protect loyalty
13770,4,785.37,196.3425,468,48,48,United Kingdom,1,0.7800342194581402,986.1739241447128,769.2494071701924,High,UK,Protect loyalty
13771,5,3094.37,618.874,1663,85,159,United Kingdom,1,0.7978254364296031,2708.022260527805,2160.529041866677,Very High,UK,Protect loyalty
13772,5,1977.39,395.478,906,290,26,United Kingdom,1,0.8706222752235674,1767.316746004189,1538.665326446879,High,UK,Protect loyalty
13773,2,301.54,150.77,174,19,22,United Kingdom,1,0.6315183180121675,529.4582728932525,334.36259795517395,Medium,UK,Low-cost nurture
13775,1,1049.66,1049.66,455,63,216,United Kingdom,1,0.4202703951224225,1358.412918246482,570.9007338908522,Medium,UK,Win back now
13776,2,623.98,311.99,2,1,54,United Kingdom,1,0.4369309536535405,1163.1240796302884,508.2049133302585,Medium,UK,Win back now
13777,28,23661.1,845.0392857142857,10293,35,20,United Kingdom,1,0.981217146335976,21740.89011622249,21332.53415864385,Very High,UK,Protect loyalty
13778,3,945.79,315.2633333333333,441,27,117,United Kingdom,1,0.673086651882905,1185.163728438244,797.7178859075581,High,UK,Win back now
13779,1,161.13,161.13,53,27,141,United Kingdom,1,0.3455853928443769,319.3001165230603,110.34545620387712,Low,UK,Low-cost nurture
13780,1,372.06,372.06,161,35,33,United Kingdom,1,0.5372008783067875,692.1618805000708,371.8299701351157,Medium,UK,Low-cost nurture
13781,2,650.99,325.495,270,39,218,United Kingdom,1,0.4731338762788599,800.8228520123557,378.8964201852976,Medium,UK,Low-cost nurture
13782,7,877.22,125.31714285714284,274,106,79,United Kingdom,1,0.8272160186805981,956.7558386362982,791.4437556861354,High,UK,Grow customer value
13783,4,1542.09,385.5225,3437,4,113,United Kingdom,1,0.7666719940668458,2240.100000613957,1717.4219343798454,Very High,UK,Protect loyalty
13784,3,447.44,149.14666666666668,334,9,60,United Kingdom,1,0.6782691769656713,746.7836433826569,506.52032716858014,Medium,UK,Grow customer value
13785,4,542.49,135.6225,151,26,54,United Kingdom,1,0.7262118035276321,759.2472982976478,551.3743498202169,Medium,UK,Grow customer value
13786,5,2897.59,579.518,1379,79,9,United Kingdom,1,0.8810920610650438,2898.4472261149053,2553.7988403458407,Very High,UK,Protect loyalty
13787,4,913.46,228.365,661,50,84,United Kingdom,1,0.7649505082744932,1088.9288512699798,832.976678253731,High,UK,Protect loyalty
13788,1,3.75,3.75,1,1,131,United Kingdom,1,0.141393790741021,20.691196460565315,2.925606702526528,Low,UK,Low-cost nurture
13789,1,239.46,239.46,258,18,14,United Kingdom,1,0.5464608102520458,528.8882174642538,289.0166838482764,Medium,UK,Low-cost nurture
13792,1,188.4,188.4,64,10,48,United Kingdom,1,0.439686985438168,439.2286013169358,193.12309963126643,Low,UK,Low-cost nurture
13793,1,96.0,96.0,52,7,272,United Kingdom,1,0.1975465814421306,217.2380329669733,42.91463077183845,Low,UK,Low-cost nurture
13794,1,126.03,126.03,63,9,172,United Kingdom,1,0.2955848613196881,288.03570617537764,85.13899426496742,Low,UK,Low-cost nurture
13795,4,836.3,209.075,1250,23,14,United Kingdom,1,0.8197248864274358,1182.5293460460446,969.3487338847038,High,UK,Protect loyalty
13796,1,289.7,289.7,218,22,125,United Kingdom,1,0.4275205101257733,553.9910407727917,236.84253235629205,Low,UK,Low-cost nurture
13797,3,1179.45,393.15,573,71,62,United Kingdom,1,0.7524358838462395,1335.364603252897,1004.7762455055764,High,UK,Protect loyalty
13798,53,38275.02,722.1701886792453,24239,121,1,United Kingdom,1,0.9926009882818791,31626.492673106317,31392.48788321494,Very High,UK,Protect loyalty
13799,7,2114.71,302.1014285714286,1137,44,70,United Kingdom,1,0.8674371405435839,2282.2285136648825,1979.6897759604992,Very High,UK,Protect loyalty
13800,2,1121.24,560.62,560,40,56,United Kingdom,1,0.691590230850597,1447.1415890273142,1000.8289856289,High,UK,Protect loyalty
13802,16,21659.69,1353.730625,11557,197,0,United Kingdom,1,0.9755908941933702,15688.399698192005,15305.459890022135,Very High,UK,Protect loyalty
13803,2,1061.84,530.9200000000001,710,58,57,United Kingdom,1,0.7019378489324886,1328.2086468923,932.3199205331124,High,UK,Protect loyalty
13804,2,572.73,286.365,335,32,61,United Kingdom,1,0.6440639819735631,835.8432997031672,538.3365639127442,Medium,UK,Low-cost nurture
13807,2,309.6,154.8,80,17,200,United Kingdom,1,0.4076045660512019,470.28008580515024,191.68831029713024,Low,UK,Low-cost nurture
13809,2,524.65,262.325,252,13,20,Cyprus,0,0.6853032991219383,1127.5412471302147,772.707736554401,High,Non-UK,Protect loyalty
13813,4,1398.61,349.65250000000003,740,50,153,Germany,0,0.7450420618190118,1880.9460628544389,1401.3839328394238,High,Non-UK,Protect loyalty
13814,1,678.2,678.2,350,22,153,Germany,0,0.4749674512840443,1419.7437016243368,674.332047437086,High,Non-UK,Win back now
13815,4,3448.38,862.095,2821,124,32,Germany,0,0.8820647286812282,4046.089183459134,3568.912557827933,Very High,Non-UK,Protect loyalty
13818,1,61.28,61.28,60,5,55,United Kingdom,1,0.3780398946997883,184.14304726326336,69.61341819710222,Low,UK,Low-cost nurture
13819,3,1502.0,500.6666666666667,1200,34,295,United Kingdom,1,0.538687885560689,1503.718370021004,810.0348692253804,High,UK,Win back now
13820,3,652.75,217.5833333333333,285,68,44,United Kingdom,1,0.7308912833490147,820.1720399626766,599.4565948553001,Medium,UK,Grow customer value
13821,4,993.44,248.36,324,132,19,United Kingdom,1,0.8107458886745843,1082.4271066277263,877.573326488355,High,UK,Protect loyalty
13823,5,2445.79,489.158,1125,91,6,United Kingdom,1,0.8778167673728678,2470.548604265058,2168.688989433504,Very High,UK,Protect loyalty
13824,7,1615.82,230.83142857142852,674,34,5,United Kingdom,1,0.8844012995745518,1958.7928225857256,1732.3589178921202,Very High,UK,Protect loyalty
13825,2,255.59,127.79500000000002,182,38,247,United Kingdom,1,0.3922752150741362,357.12264432815755,140.09036211167228,Low,UK,Low-cost nurture
13829,1,102.0,102.0,12,1,47,United Kingdom,1,0.3337472628018822,314.2639017085995,104.88471699268484,Low,UK,Low-cost nurture
13830,1,156.85000000000002,156.85000000000002,47,11,207,United Kingdom,1,0.2650674382457125,327.4433308564608,86.79456488076534,Low,UK,Low-cost nurture
13831,12,4387.09,365.59083333333336,1650,78,47,United Kingdom,1,0.9332815226554688,4170.33167028426,3892.093491221219,Very High,UK,Protect loyalty
13832,1,557.69,557.69,392,51,48,United Kingdom,1,0.5740563777446925,932.926173562162,535.552219898311,Medium,UK,Low-cost nurture
13833,1,316.56,316.56,126,16,30,United Kingdom,1,0.5115080040327306,660.2209019511143,337.7082757777036,Medium,UK,Low-cost nurture
13834,2,324.19,162.095,221,15,202,United Kingdom,1,0.4402915925213042,503.640092464654,221.74849836883945,Low,UK,Low-cost nurture
13835,3,260.7,86.89999999999999,78,15,145,United Kingdom,1,0.5276839457468644,410.8045492950538,216.77496550277624,Low,UK,Low-cost nurture
13836,2,620.37,310.185,273,29,25,United Kingdom,1,0.6748055451706142,926.4297170305464,625.1599102630557,Medium,UK,Grow customer value
13838,6,1015.25,169.20833333333334,440,205,51,United Kingdom,1,0.8464740558903496,1024.230227384681,866.984314739806,High,UK,Protect loyalty
13839,1,139.95000000000002,139.95000000000002,25,7,112,United Kingdom,1,0.3251873797596313,333.1855656662072,108.34774107272452,Low,UK,Low-cost nurture
13840,1,651.4,651.4,358,40,42,United Kingdom,1,0.5787830318849735,1096.592352554391,634.6890465533062,Medium,UK,Win back now
13842,9,1933.72,214.85777777777776,948,105,41,United Kingdom,1,0.9038640747463056,1976.200843586827,1786.2169470014762,Very High,UK,Protect loyalty
13843,1,319.75,319.75,145,18,7,United Kingdom,1,0.5446681210998546,670.5658470096679,365.2358399644884,Medium,UK,Low-cost nurture
13846,1,442.73,442.73,317,26,25,United Kingdom,1,0.5710856743749764,843.7319926264202,481.8432540008017,Medium,UK,Low-cost nurture
13847,1,310.72,310.72,96,19,345,United Kingdom,1,0.1985772670231503,495.53227068075887,98.40144403356106,Low,UK,Low-cost nurture
13848,5,1760.0,352.0,5500,1,32,United Kingdom,1,0.8509428985821722,2987.065162085318,2541.8218872787065,Very High,UK,Protect loyalty
13849,3,1931.35,643.7833333333333,867,108,23,United Kingdom,1,0.8103558264115833,1993.862033401722,1615.7377158279326,Very High,UK,Protect loyalty
13851,5,1955.0,391.0,820,45,5,United Kingdom,1,0.8634517196670372,2215.0459524183434,1912.5852367571288,Very High,UK,Protect loyalty
13852,1,187.35,187.35,85,11,236,United Kingdom,1,0.2613028940491098,375.0882800704534,98.01165310631252,Low,UK,Low-cost nurture
13854,14,3835.04,273.93142857142857,1346,35,6,United Kingdom,1,0.9450287156453884,4274.542462573108,4039.56537337714,Very High,UK,Protect loyalty
13855,4,1310.34,327.585,575,64,126,United Kingdom,1,0.7398215871283333,1380.3160449140876,1021.1876070870442,High,UK,Protect loyalty
13856,8,753.53,94.19125,611,27,89,United Kingdom,1,0.8348245251851766,1003.012767068054,837.3396570222582,High,UK,Protect loyalty
13857,6,1001.01,166.835,782,99,19,United Kingdom,1,0.8671519855844451,1143.0666688598249,991.2125315571944,High,UK,Protect loyalty
13859,1,314.7,314.7,38,8,155,United Kingdom,1,0.3244977211057213,629.6345957329404,204.31499144466127,Low,UK,Low-cost nurture
13861,2,273.26,136.63,225,21,55,United Kingdom,1,0.6034478498433596,471.9507884215788,284.79768850488006,Medium,UK,Low-cost nurture
13862,1,346.73,346.73,239,21,15,United Kingdom,1,0.5592452283334822,706.7883537936486,395.2680143007751,Medium,UK,Low-cost nurture
13863,3,933.77,311.25666666666666,329,43,91,United Kingdom,1,0.6961835107218053,1127.964145208022,785.2700385792409,High,UK,Protect loyalty
13864,1,662.4000000000001,662.4000000000001,192,1,12,United Kingdom,1,0.5339244864340162,1616.4839772099317,863.0803773606289,High,UK,Win back now
13869,6,4913.22,818.87,2593,359,7,United Kingdom,1,0.9199146478152154,3821.481196957159,3515.436529431313,Very High,UK,Protect loyalty
13870,7,2941.14,420.1628571428572,2124,86,13,United Kingdom,1,0.9108467217432688,2937.6899556241465,2675.7852655783827,Very High,UK,Protect loyalty
13871,4,1482.6,370.65,696,48,54,United Kingdom,1,0.8009865083480955,1680.586483822692,1346.127099654141,High,UK,Protect loyalty
13872,3,919.57,306.5233333333333,339,51,153,United Kingdom,1,0.6378218313958356,1040.311159347797,663.5331688767368,High,UK,Win back now
13873,5,649.32,129.864,332,36,9,United Kingdom,1,0.8194252414716321,889.0845286461348,728.5383045745513,High,UK,Grow customer value
13874,6,1508.7,251.45,684,33,130,United Kingdom,1,0.7924221334520983,1674.8998127979853,1327.2276829758996,High,UK,Protect loyalty
13875,9,3027.58,336.3977777777778,1756,114,13,United Kingdom,1,0.926172705665224,2940.3564277415685,2723.277868301541,Very High,UK,Protect loyalty
13877,2,332.44,166.22,370,20,96,United Kingdom,1,0.5826021647344094,545.8879655019437,318.035510403895,Medium,UK,Low-cost nurture
13878,3,1145.33,381.7766666666666,464,59,173,United Kingdom,1,0.6377186897607765,1216.2439412444355,775.6214926398844,High,UK,Win back now
13879,1,395.5,395.5,204,25,271,United Kingdom,1,0.2891508157991113,630.9875689265048,182.45057031419685,Low,UK,Low-cost nurture
13880,4,1074.09,268.52250000000004,693,46,34,United Kingdom,1,0.806800195761552,1310.3609955189474,1057.199507702989,High,UK,Protect loyalty
13881,23,28019.58,1218.2426086956525,19642,148,1,United Kingdom,1,0.9836017127914596,21163.813320268026,20816.76303101433,Very High,UK,Protect loyalty
13883,10,3885.54,388.554,2148,136,29,United Kingdom,1,0.9325137407281676,3541.3338261877907,3302.342453425571,Very High,UK,Protect loyalty
13884,5,1037.43,207.486,452,87,2,United Kingdom,1,0.848807802567188,1197.5305863982403,1016.4733055476868,High,UK,Protect loyalty
13888,5,1405.92,281.184,541,96,30,United Kingdom,1,0.842793894351171,1497.2385525827365,1261.863510503915,High,UK,Protect loyalty
13889,5,1574.3300000000002,314.866,833,50,8,United Kingdom,1,0.8591198450071934,1821.76643587842,1565.1156980311753,Very High,UK,Protect loyalty
13890,4,1043.57,260.8925,561,48,0,United Kingdom,1,0.8249494632194967,1302.4124908406814,1074.4244852093875,High,UK,Protect loyalty
13891,3,859.21,286.40333333333336,476,97,4,United Kingdom,1,0.7892458720732876,1030.1193456101862,813.0174412656758,High,UK,Protect loyalty
13892,2,634.68,317.34000000000003,2142,8,103,United Kingdom,1,0.6428371957669549,1063.2701780178254,683.5096195796098,High,UK,Win back now
13895,2,1415.45,707.725,695,67,141,United Kingdom,1,0.6297981897875501,1554.689010154535,979.1403242779244,High,UK,Win back now
13896,1,388.55,388.55,149,21,251,United Kingdom,1,0.2952292149688348,640.7856062979463,189.17863151067152,Low,UK,Low-cost nurture
13897,2,849.5600000000001,424.78,620,42,64,United Kingdom,1,0.6787008921497181,1135.6060018085084,770.736806558009,High,UK,Protect loyalty
13898,1,530.47,530.47,411,34,37,United Kingdom,1,0.5785488760976496,946.9499924241824,547.8568538376884,Medium,UK,Low-cost nurture
13900,3,869.64,289.88000000000005,508,46,15,United Kingdom,1,0.7731780321664276,1127.699875473167,871.9127705926684,High,UK,Protect loyalty
13901,10,2809.14,280.914,1605,148,0,United Kingdom,1,0.9353038015148566,2721.0809782041274,2545.037383144085,Very High,UK,Protect loyalty
13902,5,34095.26,6819.051999999999,220600,58,258,Denmark,0,0.8896736194226891,27145.03895526195,24150.22505669779,Very High,Non-UK,Protect loyalty
13903,1,165.45000000000002,165.45000000000002,103,10,26,United Kingdom,1,0.4760432366539585,404.2334832443253,192.43261572753232,Low,UK,Low-cost nurture
13905,1,312.65,312.65,135,12,358,United Kingdom,1,0.1920462126185417,522.2219646362818,100.29075045461197,Low,UK,Low-cost nurture
13906,1,42.0,42.0,100,1,35,United Kingdom,1,0.3832966965412859,157.6117823380147,60.41207550614525,Low,UK,Low-cost nurture
13907,1,136.8,136.8,68,4,317,United Kingdom,1,0.1753781302308773,299.45941375210145,52.51863206387823,Low,UK,Low-cost nurture
13909,2,282.85,141.425,301,35,49,United Kingdom,1,0.6297360174064931,462.3884989206368,291.1826918048484,Medium,UK,Low-cost nurture
13911,11,1654.08,150.3709090909091,1756,67,5,United Kingdom,1,0.930970364309902,1931.4671722802084,1798.1386970303215,Very High,UK,Protect loyalty
13912,1,124.95,124.95,29,7,49,United Kingdom,1,0.3907547958830035,319.29710826173334,124.76687636484688,Low,UK,Low-cost nurture
13913,1,42.22,42.22,10,3,132,United Kingdom,1,0.2358753670052284,129.75586137041643,30.60621142182653,Low,UK,Low-cost nurture
13915,1,70.80000000000001,70.80000000000001,24,2,20,United Kingdom,1,0.3774827596175362,228.31251762556585,86.18403920852597,Low,UK,Low-cost nurture
13916,4,1275.81,318.9525,673,72,89,United Kingdom,1,0.7752586486132009,1374.1617552420375,1065.3307853448862,High,UK,Protect loyalty
13919,2,975.87,487.935,659,45,50,Denmark,0,0.7243569383516945,1632.1156973441955,1182.2343295639823,High,Non-UK,Protect loyalty
13920,4,1774.68,443.67,1772,81,57,United Kingdom,1,0.829152283857771,1862.389923913744,1544.2048588467808,High,UK,Protect loyalty
13921,4,730.7,182.675,210,36,28,United Kingdom,1,0.7700225989716838,962.000820626158,740.7623721114468,High,UK,Grow customer value
13922,2,692.95,346.475,374,23,63,United Kingdom,1,0.6466969479934962,1018.6473316549988,658.7561204630064,High,UK,Win back now
13927,1,359.27,359.27,249,20,63,United Kingdom,1,0.5076565660022626,705.6249217602219,358.2151246664095,Medium,UK,Low-cost nurture
13929,9,2651.45,294.60555555555555,1423,37,42,United Kingdom,1,0.9059143744999228,2926.200039979363,2650.886678879553,Very High,UK,Protect loyalty
13931,9,4019.85,446.65,2763,170,18,United Kingdom,1,0.9337196257185094,3568.239678238964,3331.73541683922,Very High,UK,Protect loyalty
13935,3,6116.92,2038.973333333333,2252,67,222,United Kingdom,1,0.6977098872745797,4819.329573460744,3362.493893438344,Very High,UK,Protect loyalty
13936,2,563.08,281.54,331,31,8,United Kingdom,1,0.6950839049974412,862.019648713455,599.1759836122708,Medium,UK,Grow customer value
13937,1,721.28,721.28,464,45,28,United Kingdom,1,0.608712436246845,1196.3388370837597,728.2263280979727,High,UK,Win back now
13939,4,992.41,248.1025,761,52,57,United Kingdom,1,0.7919614633253809,1189.3995417232015,941.958601541644,High,UK,Protect loyalty
13941,10,4914.22,491.422,2418,32,20,United Kingdom,1,0.9315496990195063,5156.295633663413,4803.345645594748,Very High,UK,Protect loyalty
13942,1,320.0,320.0,1000,1,160,United Kingdom,1,0.4010043009290709,805.7259794319566,323.09958312250274,Medium,UK,Low-cost nurture
13943,1,246.54,246.54,94,15,203,United Kingdom,1,0.3071211101055864,468.6641632048718,143.93665807018596,Low,UK,Low-cost nurture
13944,1,200.43,200.43,153,35,279,United Kingdom,1,0.2583580179454321,339.77240640060927,87.78292547021127,Low,UK,Low-cost nurture
13945,2,854.1500000000001,427.075,413,49,20,United Kingdom,1,0.7107633402328085,1151.5091690645804,818.450503313047,High,UK,Protect loyalty
13946,3,1314.66,438.22,2404,41,2,United Kingdom,1,0.8266273643493206,1676.037340240414,1385.4583291139788,High,UK,Protect loyalty
13948,3,446.76,148.92,208,20,37,United Kingdom,1,0.6979088728141121,689.1965328011133,480.9963753546192,Medium,UK,Grow customer value
13952,12,9572.45,797.7041666666668,4516,183,6,United Kingdom,1,0.9588891559044568,7608.341229464195,7295.555899353998,Very High,UK,Protect loyalty
13953,5,3125.0,625.0,2500,1,35,United Kingdom,1,0.8458704871756869,4751.334555316681,4019.0136750403967,Very High,UK,Protect loyalty
13955,1,221.11,221.11,118,52,1,United Kingdom,1,0.5495654151688175,436.1093709062131,239.67062748108484,Low,UK,Low-cost nurture
13957,3,458.25,152.75,157,21,43,United Kingdom,1,0.6851790275731561,693.3591996426281,475.07518217003775,Medium,UK,Grow customer value
13958,8,4709.2300000000005,588.65375,2264,172,5,United Kingdom,1,0.9310066819647164,4066.751283189295,3786.172618537819,Very High,UK,Protect loyalty
13959,3,470.73,156.91,339,56,25,United Kingdom,1,0.7398043486463338,650.3172185510941,481.1075062836877,Medium,UK,Grow customer value
13961,1,538.4,538.4,226,19,18,United Kingdom,1,0.5685768373003826,1029.8325299193757,585.5389228106101,Medium,UK,Win back now
13962,1,193.25,193.25,73,12,61,United Kingdom,1,0.4340034476374874,436.2851590161232,189.3492631660669,Low,UK,Low-cost nurture
13963,13,2196.03,168.9253846153846,1547,104,14,United Kingdom,1,0.9405596540394844,2335.917033982956,2197.069317347947,Very High,UK,Protect loyalty
13964,2,438.9,219.45,228,22,13,United Kingdom,1,0.6649205487471674,720.6848787238654,479.1981850348584,Medium,UK,Low-cost nurture
13965,3,996.61,332.2033333333333,425,23,102,United Kingdom,1,0.685755524030073,1275.3242165230956,874.5606264100377,High,UK,Protect loyalty
13966,1,384.26,384.26,760,21,61,United Kingdom,1,0.5531051773681843,758.0485787594687,419.280593608456,Medium,UK,Low-cost nurture
13967,1,85.6,85.6,24,4,22,United Kingdom,1,0.3912864525012617,251.02080649465768,98.2210408773003,Low,UK,Low-cost nurture
13968,1,123.66,123.66,174,8,49,United Kingdom,1,0.4542786055292466,321.8588590702309,146.2135936756588,Low,UK,Low-cost nurture
13969,17,3949.29,232.31117647058824,2112,230,12,United Kingdom,1,0.960673602601528,3591.393544535566,3450.156974788853,Very High,UK,Protect loyalty
13970,2,846.55,423.275,469,10,12,United Kingdom,1,0.6977608800049855,1381.5473900859204,963.9897226749428,High,UK,Protect loyalty
13971,6,1909.31,318.21833333333336,1240,87,49,United Kingdom,1,0.8694618901271086,1959.333537557338,1703.5658409540374,Very High,UK,Protect loyalty
13974,1,264.13,264.13,107,15,208,United Kingdom,1,0.3084913287559572,495.63620514650336,152.899471505205,Low,UK,Low-cost nurture
13975,6,2795.16,465.86,2187,290,19,United Kingdom,1,0.9056004731696417,2414.9367857593675,2186.967895858457,Very High,UK,Protect loyalty
13976,3,834.38,278.1266666666667,298,43,132,United Kingdom,1,0.6488815403524437,992.4977860306316,644.0134921959464,High,UK,Win back now
13977,1,519.8100000000001,519.8100000000001,303,13,37,United Kingdom,1,0.5499277121800932,1033.3832376283922,568.2860796742393,Medium,UK,Win back now
13979,6,2510.06,418.3433333333333,1631,309,19,United Kingdom,1,0.9009125714335278,2179.33538658116,1963.390647140914,Very High,UK,Protect loyalty
13980,4,568.68,142.17000000000002,291,47,65,United Kingdom,1,0.7447686754045247,739.1364111996952,550.4856459124511,Medium,UK,Grow customer value
13981,1,331.14,331.14,234,22,41,United Kingdom,1,0.5287034399716927,662.586185291628,350.3115954414051,Medium,UK,Low-cost nurture
13982,5,2082.48,416.496,1342,77,125,United Kingdom,1,0.8064001919419347,2012.6704577358253,1623.0178434340312,Very High,UK,Protect loyalty
13983,9,4150.46,461.1622222222222,2742,174,28,United Kingdom,1,0.9312453208676138,3625.8246176134494,3376.532209439131,Very High,UK,Protect loyalty
13984,7,973.29,139.04142857142855,622,47,12,United Kingdom,1,0.8742112837299415,1227.5070916400216,1073.1005503702302,High,UK,Protect loyalty
13985,7,2960.73,422.9614285714286,1491,81,0,United Kingdom,1,0.911169361647344,2987.053752674077,2721.711861030342,Very High,UK,Protect loyalty
13987,2,682.54,341.27,492,46,5,United Kingdom,1,0.7216536099552485,975.9390804941072,704.2899605349783,High,UK,Protect loyalty
13988,2,609.84,304.92,341,54,9,United Kingdom,1,0.7062162225088199,863.4174116485427,609.7593829027766,Medium,UK,Grow customer value
13989,3,759.98,253.32666666666668,894,34,90,United Kingdom,1,0.7167319205994446,993.8428602391702,712.3189019932659,High,UK,Protect loyalty
13992,2,142.7,71.35,90,5,6,United Kingdom,1,0.5772445356418462,328.6362242028725,189.7034646350768,Low,UK,Low-cost nurture
13993,10,3309.35,330.935,1235,80,5,United Kingdom,1,0.9301961539094618,3327.9387077997,3095.635786441705,Very High,UK,Protect loyalty
13995,9,2508.32,278.70222222222225,1480,106,5,United Kingdom,1,0.92459911835405,2542.72766132292,2351.0037538736274,Very High,UK,Protect loyalty
13996,2,895.76,447.88,613,29,12,United Kingdom,1,0.7231097470197138,1290.6121742230714,933.254242803008,High,UK,Protect loyalty
13997,3,376.46,125.48666666666668,143,36,145,United Kingdom,1,0.5785326799892844,509.6883556720221,294.87137036626655,Medium,UK,Low-cost nurture
13998,3,566.7,188.9,204,30,72,United Kingdom,1,0.677751065779193,780.1484647288136,528.7464534359545,Medium,UK,Grow customer value
13999,17,5600.45,329.43823529411765,2800,132,0,United Kingdom,1,0.9644698663629558,5209.991237146515,5024.879552242871,Very High,UK,Protect loyalty
14000,4,1410.68,352.67,1128,23,40,United Kingdom,1,0.8119405394280746,1790.1465861281922,1453.4925847962506,High,UK,Protect loyalty
14001,6,2185.77,364.295,817,40,25,United Kingdom,1,0.8706125825059716,2431.5656560344687,2116.951655332996,Very High,UK,Protect loyalty
14003,1,209.41,209.41,149,16,358,United Kingdom,1,0.1880255635745179,362.2540301523927,68.11301817654403,Low,UK,Low-cost nurture
14004,4,1675.81,418.9525,757,61,19,United Kingdom,1,0.8317293519904645,1863.2928926888271,1549.7553902045163,High,UK,Protect loyalty
14006,4,1234.48,308.62,1540,40,154,United Kingdom,1,0.7343441310153689,1380.9278266410242,1014.0762448496448,High,UK,Protect loyalty
14007,1,79.48,79.48,16,5,138,United Kingdom,1,0.2660858636687908,209.338716174055,55.702073092489286,Low,UK,Low-cost nurture
14008,1,509.04,509.04,326,32,58,United Kingdom,1,0.5445723422088704,902.5895963707632,491.52533054898544,Medium,UK,Low-cost nurture
14009,1,404.3,404.3,586,32,88,United Kingdom,1,0.5233413930186451,734.4091137703837,384.3466886461813,Medium,UK,Low-cost nurture
14010,2,445.15,222.575,177,20,191,United Kingdom,1,0.4616741035383589,638.3361002180859,294.7032468243569,Medium,UK,Low-cost nurture
14011,2,457.82,228.91,644,32,106,United Kingdom,1,0.6108818702117244,676.7640890045633,413.4229123832415,Medium,UK,Low-cost nurture
14013,2,611.55,305.775,313,30,6,United Kingdom,1,0.697425982767832,927.705414632416,647.0058605190519,High,UK,Grow customer value
14014,2,1443.03,721.5149999999999,928,37,2,United Kingdom,1,0.760351808293726,1898.4034338856368,1443.454483825963,High,UK,Protect loyalty
14016,7,7062.2,1008.8857142857142,3597,246,22,EIRE,0,0.93658117357601,6894.053065943694,6456.840311196835,Very High,Non-UK,Protect loyalty
14017,1,229.75,229.75,73,14,197,United Kingdom,1,0.3019195553490858,445.4064619103699,134.4769209295884,Low,UK,Low-cost nurture
14018,1,367.15,367.15,224,13,271,United Kingdom,1,0.2799951397102426,639.5429480423728,179.0689170878246,Low,UK,Low-cost nurture
14020,2,606.21,303.105,207,29,102,United Kingdom,1,0.5846111190383836,851.3658906096235,497.71796602040206,Medium,UK,Low-cost nurture
14021,4,1084.68,271.17,686,64,0,United Kingdom,1,0.8329198471668962,1304.987890606778,1086.950314398848,High,UK,Protect loyalty
14022,1,352.15000000000003,352.15000000000003,194,19,112,United Kingdom,1,0.4423913891756423,668.7449130454963,295.84699108634123,Medium,UK,Low-cost nurture
14024,1,318.04,318.04,88,18,16,United Kingdom,1,0.5167159993960196,657.1767542658577,339.57374336031506,Medium,UK,Low-cost nurture
14025,8,4057.9,507.2375,1914,60,90,United Kingdom,1,0.8904353018309428,3793.9393777053074,3378.2575549153244,Very High,UK,Protect loyalty
14026,2,713.11,356.555,427,43,96,United Kingdom,1,0.6285650518685603,947.7740032041744,595.7376154837049,Medium,UK,Low-cost nurture
14028,3,10396.5,3465.5,7170,3,176,United Kingdom,1,0.7453511421758416,11155.023277896564,8314.409341178305,Very High,UK,Protect loyalty
14030,12,5162.96,430.2466666666666,2737,441,2,United Kingdom,1,0.9555680857870412,4064.7114447130703,3884.108534501148,Very High,UK,Protect loyalty
14031,25,21732.65,869.306,7995,201,4,United Kingdom,1,0.9821799253743408,16371.387342588256,16079.64799841776,Very High,UK,Protect loyalty
14032,5,1570.82,314.16400000000004,1708,48,12,United Kingdom,1,0.8687267081573866,1844.253269638427,1602.1520719414875,Very High,UK,Protect loyalty
14033,1,109.44,109.44,576,1,181,United Kingdom,1,0.3237636161626795,320.4503924351183,103.75017785554368,Low,UK,Low-cost nurture
14035,4,1366.73,341.6825,666,42,32,United Kingdom,1,0.8119104528269754,1621.2584152398438,1316.316654066926,High,UK,Protect loyalty
14037,4,689.75,172.4375,544,76,104,United Kingdom,1,0.7409735195923774,804.4147839659998,596.0500536874289,Medium,UK,Grow customer value
14038,2,1509.5,754.75,743,54,23,United Kingdom,1,0.7433642501741775,1848.1323422996504,1373.835512856226,High,UK,Protect loyalty
14039,1,115.08,115.08,100,4,201,United Kingdom,1,0.2690832605869681,285.88435227080777,76.92669365982236,Low,UK,Low-cost nurture
14040,23,8963.49,389.7169565217391,3428,265,12,United Kingdom,1,0.97503162855785,7317.89426092964,7135.17835884837,Very High,UK,Protect loyalty
14042,1,431.98,431.98,180,21,351,United Kingdom,1,0.2183396421103765,649.5095027461482,141.8136723768826,Low,UK,Low-cost nurture
14043,2,302.6,151.3,152,37,117,United Kingdom,1,0.5356700345723795,455.3140849602655,243.89811163195677,Low,UK,Low-cost nurture
14044,6,2431.28,405.21333333333337,1796,446,44,United Kingdom,1,0.893990065443036,1995.038302814188,1783.5444228942197,Very High,UK,Protect loyalty
14045,12,9326.88,777.2400000000001,3924,16,6,United Kingdom,1,0.9499894233555934,9872.66910376187,9378.93122886332,Very High,UK,Protect loyalty
14047,9,2659.5,295.5,1160,84,25,United Kingdom,1,0.91476932444948,2690.5436612843814,2461.226807434944,Very High,UK,Protect loyalty
14048,2,338.76,169.38,179,55,8,United Kingdom,1,0.6685236250658168,521.7241490959101,348.7849194379765,Medium,UK,Low-cost nurture
14049,9,7444.68,827.1866666666667,4672,364,13,United Kingdom,1,0.94757146192622,5529.75101583524,5239.834254162998,Very High,UK,Protect loyalty
14051,14,6160.59,440.0421428571429,1953,50,7,United Kingdom,1,0.9522092375387686,6127.887435495178,5835.031022676263,Very High,UK,Protect loyalty
14052,1,241.3,241.3,85,65,16,United Kingdom,1,0.5286959034010698,449.1008336806871,237.43777098098445,Low,UK,Low-cost nurture
14053,2,312.05,156.025,275,3,23,United Kingdom,1,0.6183345797614703,665.3286949021268,411.3957389655541,Medium,UK,Low-cost nurture
14055,2,795.3199999999999,397.66,504,23,203,United Kingdom,1,0.510155278278969,1029.5676152432077,525.2393532614132,Medium,UK,Win back now
14057,5,2135.0,427.0,1565,124,7,United Kingdom,1,0.8826203739691161,2136.2585844995724,1885.5053507457471,Very High,UK,Protect loyalty
14058,2,469.19,234.59500000000003,211,23,88,United Kingdom,1,0.5869504368744104,713.8575349262838,418.998991991072,Medium,UK,Low-cost nurture
14060,11,2757.82,250.7109090909091,2033,39,6,United Kingdom,1,0.9343642674210456,3157.64821963227,2950.393665510075,Very High,UK,Protect loyalty
14061,3,917.43,305.81,133,17,133,United Kingdom,1,0.6084439044745528,1178.175828084804,716.8539009974576,High,UK,Win back now
14062,12,15120.8,1260.0666666666668,7201,113,0,United Kingdom,1,0.9636120510261476,11965.878448621892,11530.464674206118,Very High,UK,Protect loyalty
14063,9,22710.2,2523.355555555556,3850,30,64,United Kingdom,1,0.932128719877278,18095.12190436364,16866.98281673777,Very High,UK,Protect loyalty
14064,10,1925.9,192.59,2139,89,56,United Kingdom,1,0.9141631758678914,2028.5459198054864,1854.4219804432364,Very High,UK,Protect loyalty
14065,3,891.02,297.00666666666666,582,42,15,United Kingdom,1,0.7760453753992194,1165.8906802761628,904.784070649366,High,UK,Protect loyalty
14068,3,1250.87,416.95666666666665,437,73,229,United Kingdom,1,0.5830206615987598,1220.758538518864,711.7274507796031,High,UK,Win back now
14069,2,225.81,112.905,58,37,140,United Kingdom,1,0.4646901345052129,344.55958608516244,160.11344040297465,Low,UK,Low-cost nurture
14070,1,321.6,321.6,85,40,310,United Kingdom,1,0.2322241410576455,480.0253918561284,111.47348430964914,Low,UK,Low-cost nurture
14072,1,390.85,390.85,65,19,292,United Kingdom,1,0.235374464013138,621.7729441018902,146.34947345585326,Low,UK,Low-cost nurture
14074,1,219.4,219.4,228,6,249,United Kingdom,1,0.2740967402369948,459.71640269281625,126.00676741157856,Low,UK,Low-cost nurture
14075,3,792.61,264.2033333333333,740,36,29,United Kingdom,1,0.7658900370557206,1069.133770232679,818.8389029010286,High,UK,Protect loyalty
14077,1,115.66,115.66,108,14,21,United Kingdom,1,0.4757428441210783,290.27756731602653,138.09747545947425,Low,UK,Low-cost nurture
14078,3,504.1,168.03333333333333,276,73,100,United Kingdom,1,0.6703054553796881,626.9877739196223,420.2733253146894,Medium,UK,Low-cost nurture
14079,1,243.63,243.63,1,1,308,United Kingdom,1,0.1193207814581703,512.506528722791,61.152679509617634,Low,UK,Low-cost nurture
14080,4,1070.08,267.52,220,70,39,United Kingdom,1,0.7813176860205375,1214.084871179176,948.585982182256,High,UK,Protect loyalty
14081,8,3945.95,493.24375,2789,420,32,United Kingdom,1,0.9277036921206604,3098.838086739042,2874.8035343519323,Very High,UK,Protect loyalty
14082,1,231.11,231.11,136,36,18,United Kingdom,1,0.5305350916528137,467.331043732453,247.935518118802,Low,UK,Low-cost nurture
14083,2,79.29,39.645,55,8,137,United Kingdom,1,0.4004167924567585,172.33682948427918,69.0065604842624,Low,UK,Low-cost nurture
14084,1,150.5,150.5,306,7,138,United Kingdom,1,0.3820200013373894,362.12615260807104,138.33943330363897,Low,UK,Low-cost nurture
14085,15,5299.38,353.29200000000003,3257,333,0,United Kingdom,1,0.963604082311644,4408.797356001863,4248.335130328178,Very High,UK,Protect loyalty
14086,1,39.95,39.95,1,1,88,United Kingdom,1,0.2168718180609556,135.4276748671656,29.370446064210185,Low,UK,Low-cost nurture
14087,2,638.0,319.0,468,126,30,United Kingdom,1,0.7107041989834122,802.3368357469699,570.2241581644358,Medium,UK,Grow customer value
14088,3,13544.99,4514.996666666667,2611,93,32,United Kingdom,1,0.8646780981122755,10500.298655356357,9079.37827092442,Very High,UK,Protect loyalty
14091,2,9530.08,4765.04,3316,13,280,United Kingdom,1,0.5748851814113702,8550.753075923505,4915.701233256116,Very High,UK,Win back now
14092,10,3152.54,315.254,1540,92,0,United Kingdom,1,0.9338213799694997,3167.7587922979583,2958.120886834195,Very High,UK,Protect loyalty
14094,1,311.77,311.77,158,41,65,United Kingdom,1,0.4969777646712223,571.3384487285114,283.9425051198194,Medium,UK,Low-cost nurture
14095,1,2.95,2.95,1,1,348,United Kingdom,1,0.0570800716726281,14.679562550273426,0.8379104824924356,Low,UK,Low-cost nurture
14097,2,422.86,211.43,352,39,107,United Kingdom,1,0.5896513349923092,611.9441131462089,360.8336632573468,Medium,UK,Low-cost nurture
14099,9,2646.74,294.08222222222224,1487,165,1,United Kingdom,1,0.9286891107055888,2531.5066061831685,2350.98261884157,Very High,UK,Protect loyalty
14101,7,3985.14,569.3057142857143,3600,15,14,United Kingdom,1,0.9099212745999375,4676.650327693677,4255.383627033247,Very High,UK,Protect loyalty
14104,3,527.3199999999999,175.7733333333333,424,100,15,United Kingdom,1,0.7654156035982773,675.4734289995296,517.017902372273,Medium,UK,Grow customer value
14105,4,4722.6,1180.65,2734,172,34,United Kingdom,1,0.8754949224651623,3964.815948962087,3471.176231825201,Very High,UK,Protect loyalty
14106,1,214.8,214.8,24,1,363,United Kingdom,1,0.1299234268426635,461.6741261082559,59.982284548576594,Low,UK,Low-cost nurture
14107,4,2174.07,543.5175,1696,71,74,United Kingdom,1,0.8202546993382823,2210.3701487802805,1813.0665018140835,Very High,UK,Protect loyalty
14108,2,447.05,223.525,279,18,357,United Kingdom,1,0.3016105591073878,573.6607559164615,173.0221413299307,Low,UK,Low-cost nurture
14110,21,7304.8,347.84761904761905,3380,126,61,United Kingdom,1,0.9635957472786516,6410.56212734006,6177.190403570467,Very High,UK,Protect loyalty
14112,6,2919.44,486.5733333333333,1888,122,77,United Kingdom,1,0.8722568496243415,2645.941155657521,2307.9402967252186,Very High,UK,Protect loyalty
14113,12,5252.1900000000005,437.68250000000006,2694,57,1,United Kingdom,1,0.94876269227928,5259.223798646792,4989.7553305033925,Very High,UK,Protect loyalty
14114,5,977.56,195.512,549,58,21,United Kingdom,1,0.8359677222931423,1181.7102483757244,987.871624745118,High,UK,Protect loyalty
14115,2,622.67,311.335,509,22,127,United Kingdom,1,0.5847629240353589,895.2018898869987,523.4808747323008,Medium,UK,Low-cost nurture
14118,1,458.45,458.45,97,15,54,United Kingdom,1,0.4881705799805984,885.7355908678642,432.3900571034233,Medium,UK,Low-cost nurture
14119,2,183.37,91.685,177,11,1,United Kingdom,1,0.6273846743194158,378.2840775838207,237.329632815146,Low,UK,Low-cost nurture
14122,3,362.42,120.80666666666669,114,12,32,United Kingdom,1,0.6694428912240109,609.2109747125573,407.83195627697216,Medium,UK,Low-cost nurture
14123,1,436.18,436.18,234,24,359,United Kingdom,1,0.2205376699098314,643.734734324392,141.9677583479258,Low,UK,Low-cost nurture
14126,1,466.33,466.33,379,28,70,United Kingdom,1,0.5308221432542358,846.0388312612391,449.0961456863997,Medium,UK,Low-cost nurture
14127,3,1190.37,396.79,507,64,6,United Kingdom,1,0.7922853515279201,1420.3797678242352,1125.3460836537697,High,UK,Protect loyalty
14128,1,286.71,286.71,250,19,177,United Kingdom,1,0.37339286208084,537.4145881166695,200.666771180879,Low,UK,Low-cost nurture
14129,4,1467.48,366.87,822,22,25,United Kingdom,1,0.815666472394463,1871.330368519977,1526.38144037532,High,UK,Protect loyalty
14130,3,1377.86,459.2866666666667,958,131,1,United Kingdom,1,0.8217937457071778,1497.1073198902186,1230.3134321382167,High,UK,Protect loyalty
14131,1,168.22,168.22,105,45,274,United Kingdom,1,0.2509468472581878,284.2377500010267,71.32856723451862,Low,UK,Low-cost nurture
14133,1,305.5,305.5,50,8,359,United Kingdom,1,0.1660863449755215,525.7859842494844,87.325872363354,Low,UK,Low-cost nurture
14134,15,11123.35,741.5566666666667,5814,130,8,United Kingdom,1,0.9665961017911642,9202.686382959964,8895.28078377573,Very High,UK,Protect loyalty
14135,9,4149.36,461.04,4684,62,4,United Kingdom,1,0.9377728499174408,4212.805839495397,3950.6549382524345,Very High,UK,Protect loyalty
14136,5,1570.81,314.16200000000003,1148,86,26,United Kingdom,1,0.8597988299119081,1691.3492657604156,1454.2201196731703,High,UK,Protect loyalty
14137,1,332.7,332.7,462,11,321,United Kingdom,1,0.2513170334392841,584.1049509365512,146.79552348657262,Low,UK,Low-cost nurture
14139,3,670.98,223.66,539,29,116,United Kingdom,1,0.6700748818023464,886.0645751356726,593.7296154532821,Medium,UK,Low-cost nurture
14142,1,359.53000000000003,359.53000000000003,205,22,272,United Kingdom,1,0.2835220844590487,590.7783801546678,167.4987177947917,Low,UK,Low-cost nurture
14144,1,30.6,30.6,12,1,112,United Kingdom,1,0.2382983970784068,110.31284218018594,26.28737346870157,Low,UK,Low-cost nurture
14145,3,3857.85,1285.95,899,10,85,United Kingdom,1,0.7521668969602595,4462.435400683606,3356.4961882178,Very High,UK,Protect loyalty
14146,7,5259.3,751.3285714285713,3343,204,9,United Kingdom,1,0.9282818236334808,4359.973131990249,4047.283809956888,Very High,UK,Protect loyalty
14147,7,2106.8,300.9714285714286,887,21,14,United Kingdom,1,0.8848199463150759,2578.396676105587,2281.416808530716,Very High,UK,Protect loyalty
14148,1,309.09000000000003,309.09000000000003,207,14,40,United Kingdom,1,0.5147333252034354,657.4228542955959,338.3974518563057,Medium,UK,Low-cost nurture
14151,2,679.45,339.725,405,44,299,United Kingdom,1,0.401996644726496,773.4344973922,310.9180728673882,Medium,UK,Low-cost nurture
14152,5,1376.05,275.21,1133,75,13,United Kingdom,1,0.8629015025668513,1554.3162961434764,1341.2218674063488,High,UK,Protect loyalty
14153,1,233.4,233.4,312,17,109,United Kingdom,1,0.4451545748053167,485.1948399414727,215.98670267187995,Low,UK,Low-cost nurture
14154,6,5115.08,852.5133333333333,2757,204,7,United Kingdom,1,0.91783442403424,4232.26238726973,3884.51611058149,Very High,UK,Protect loyalty
14156,101,196227.54,1942.8469306930688,106557,1093,4,EIRE,0,0.998005174525332,137427.20831616997,137153.06502010836,Very High,Non-UK,Protect loyalty
14157,3,553.8000000000001,184.6,250,33,15,United Kingdom,1,0.7372228317425039,794.2890171952115,585.5679984786242,Medium,UK,Grow customer value
14159,9,3230.45,358.93888888888887,2172,367,5,United Kingdom,1,0.9366749768833276,2728.1655197271834,2555.4043751243507,Very High,UK,Protect loyalty
14160,7,8421.47,1203.067142857143,4661,80,236,United Kingdom,1,0.8308423625886133,6083.399915553689,5054.346358409998,Very High,UK,Protect loyalty
14161,4,1899.31,474.8275,1030,140,65,United Kingdom,1,0.8201593372807803,1818.6822837490715,1491.6092565639344,High,UK,Protect loyalty
14163,1,148.71,148.71,57,6,88,United Kingdom,1,0.3756180039409418,368.0528705475278,138.24728457979626,Low,UK,Low-cost nurture
14166,2,251.15,125.575,82,39,131,United Kingdom,1,0.4919843296950734,379.0882237854056,186.5054656743588,Low,UK,Low-cost nurture
14167,4,711.7,177.925,193,32,90,United Kingdom,1,0.7121252248201191,907.4514934595036,646.2190987932019,High,UK,Grow customer value
14168,2,370.45,185.225,147,11,46,United Kingdom,1,0.598555206914288,653.9298393382124,391.4131102925109,Medium,UK,Low-cost nurture
14169,2,621.51,310.755,205,50,56,United Kingdom,1,0.6435247958128985,845.6417557262001,544.1914381845639,Medium,UK,Low-cost nurture
14170,3,570.18,190.06,270,123,1,United Kingdom,1,0.7699810514285653,705.7237496132533,543.3939147453224,Medium,UK,Grow customer value
14171,1,135.0,135.0,44,6,356,United Kingdom,1,0.1467130526612665,273.8124498144202,40.171860368933416,Low,UK,Low-cost nurture
14172,3,369.02,123.00666666666666,78,38,231,United Kingdom,1,0.4615648724414407,460.766444990506,212.673605407339,Low,UK,Low-cost nurture
14173,2,135.16,67.58,44,3,267,United Kingdom,1,0.2691831942085712,265.3722236936117,71.4337428280779,Low,UK,Low-cost nurture
14175,5,4456.58,891.316,1494,125,44,United Kingdom,1,0.8762467111454517,3835.0632356947817,3360.4615473123868,Very High,UK,Protect loyalty
14176,1,179.56,179.56,56,6,7,United Kingdom,1,0.4702504035935876,458.9424601502204,215.8178771118752,Low,UK,Low-cost nurture
14177,9,1660.23,184.47,839,118,7,United Kingdom,1,0.9138347474560288,1758.8400725925271,1607.2891735531352,Very High,UK,Protect loyalty
14180,8,1368.98,171.1225,128,36,9,United Kingdom,1,0.8661623388623326,1652.0812460117234,1430.970556036111,High,UK,Protect loyalty
14181,2,308.35,154.175,120,48,36,United Kingdom,1,0.6211695330085981,476.1538144743142,295.7722425772724,Medium,UK,Low-cost nurture
14182,4,678.77,169.6925,174,42,69,United Kingdom,1,0.7306625189324775,857.5884559006043,626.6077413957495,Medium,UK,Grow customer value
14183,2,278.34000000000003,139.17000000000002,60,27,37,United Kingdom,1,0.5826209356244104,461.5771545871436,268.9245136684147,Medium,UK,Low-cost nurture
14186,5,1550.63,310.12600000000003,1550,75,53,United Kingdom,1,0.8485706862791274,1673.5429138198112,1420.1194588976475,High,UK,Protect loyalty
14187,1,123.5,123.5,50,8,99,United Kingdom,1,0.3578167348549276,302.54363367447604,108.25517515254636,Low,UK,Low-cost nurture
14189,1,849.07,849.07,455,42,14,United Kingdom,1,0.6274877880425739,1397.3651184642024,876.8295472729516,High,UK,Win back now
14190,1,79.9,79.9,2,1,292,United Kingdom,1,0.1153848775253118,206.17971039893249,23.790020632585083,Low,UK,Low-cost nurture
14191,2,132.9,66.45,62,6,20,United Kingdom,1,0.5490483327603624,298.8953832809672,164.10801186018455,Low,UK,Low-cost nurture
14192,1,293.74,293.74,218,14,14,United Kingdom,1,0.5436881754612611,643.5602638921222,349.8961056748756,Medium,UK,Low-cost nurture
14193,1,356.8,356.8,208,22,22,United Kingdom,1,0.5484887417173089,714.4168294032612,391.84958782106406,Medium,UK,Low-cost nurture
14194,15,7321.070000000001,488.07133333333337,4197,246,18,United Kingdom,1,0.9629644521016189,5931.000550532258,5711.342695557695,Very High,UK,Protect loyalty
14195,4,1603.6,400.9,1384,5,65,United Kingdom,1,0.7848218086266525,2314.573641798948,1816.527871756228,Very High,UK,Protect loyalty
14197,1,390.05,390.05,143,20,36,United Kingdom,1,0.5212029823409139,764.6747956946502,398.5507840369807,Medium,UK,Low-cost nurture
14198,5,868.33,173.666,333,33,26,United Kingdom,1,0.8137413375552143,1129.1430596135936,918.8303836211528,High,UK,Protect loyalty
14199,3,906.3,302.1,226,15,49,United Kingdom,1,0.7072861713639568,1274.9269864532646,901.7382270171169,High,UK,Protect loyalty
14200,1,379.2,379.2,140,21,243,United Kingdom,1,0.3000972567027184,631.1246758073868,189.3987838471893,Low,UK,Low-cost nurture
14201,3,446.1,148.70000000000002,216,17,35,United Kingdom,1,0.6984171526209891,702.7277771450196,490.7971331813016,Medium,UK,Grow customer value
14202,3,847.76,282.58666666666664,166,27,7,United Kingdom,1,0.7424695066781387,1159.1882350562726,860.661917029333,High,UK,Protect loyalty
14203,1,339.34,339.34,80,16,23,United Kingdom,1,0.5058321387902209,698.1075139327907,353.12521687814746,Medium,UK,Low-cost nurture
14204,3,874.22,291.4066666666667,397,158,48,United Kingdom,1,0.7570496613073312,949.8905281678112,719.1143026284833,High,UK,Grow customer value
14205,7,1947.5,278.2142857142857,1138,65,20,United Kingdom,1,0.892770191787676,2116.4401583407894,1889.4946860690457,Very High,UK,Protect loyalty
14206,2,856.85,428.42500000000007,654,43,14,United Kingdom,1,0.7276339028631548,1187.3184876397331,863.9331851028774,High,UK,Protect loyalty
14207,1,157.8,157.8,36,2,313,United Kingdom,1,0.1628879488919735,355.9263316783758,57.97611012373491,Low,UK,Low-cost nurture
14208,1,415.31,415.31,415,25,177,United Kingdom,1,0.4087664767931644,716.4282644560453,292.8518575367391,Medium,UK,Low-cost nurture
14209,9,2919.84,324.4266666666667,1048,97,11,United Kingdom,1,0.9203071195885312,2886.281579219913,2656.265486493315,Very High,UK,Protect loyalty
14210,10,3650.73,365.073,1751,127,62,United Kingdom,1,0.9193864354719892,3290.7056934278667,3025.430177668027,Very High,UK,Protect loyalty
14211,9,2161.19,240.13222222222225,1333,96,37,United Kingdom,1,0.9103524073689324,2211.516947029724,2013.259776665701,Very High,UK,Protect loyalty
14212,1,1119.66,1119.66,894,12,71,United Kingdom,1,0.5778044767464254,1966.862640825944,1136.462039014527,High,UK,Win back now
14213,1,1192.2,1192.2,244,5,30,United Kingdom,1,0.5651670980606648,2295.795114754736,1297.507862747785,High,UK,Win back now
14215,3,1460.61,486.87000000000006,823,75,96,United Kingdom,1,0.7403430940243736,1554.6601310155806,1150.981891552413,High,UK,Protect loyalty
14216,1,310.74,310.74,118,18,40,United Kingdom,1,0.4993793943053387,635.7180786436588,317.464509062024,Medium,UK,Low-cost nurture
14217,6,1293.61,215.60166666666663,541,63,2,United Kingdom,1,0.8703953511057364,1503.7206314421733,1308.83144696905,High,UK,Protect loyalty
14219,2,543.89,271.945,285,32,35,United Kingdom,1,0.6634292257185685,814.7118213745937,540.5036328383114,Medium,UK,Low-cost nurture
14220,2,882.5999999999999,441.3,196,12,193,United Kingdom,1,0.4798596513136816,1198.502050932109,575.112776259014,Medium,UK,Win back now
14221,8,3084.69,385.58625,1617,67,75,United Kingdom,1,0.8913695840034555,3003.8716093519724,2677.559786827858,Very High,UK,Protect loyalty
14224,5,831.98,166.39600000000002,343,101,16,United Kingdom,1,0.8321057599085379,963.3971102804647,801.6482845436155,High,UK,Grow customer value
14225,4,2031.07,507.7675,1167,70,60,United Kingdom,1,0.8199146180753307,2100.912765323372,1722.5690875896996,Very High,UK,Protect loyalty
14226,1,770.34,770.34,418,31,67,United Kingdom,1,0.5583535197989746,1278.1361102738902,713.651795953597,High,UK,Win back now
14227,5,3017.75,603.55,2228,164,40,United Kingdom,1,0.8801613291689666,2706.524528520896,2382.1782264513627,Very High,UK,Protect loyalty
14228,3,745.5,248.5,260,38,63,United Kingdom,1,0.7063301546611911,965.1446267353024,681.7107534723638,High,UK,Protect loyalty
14229,4,1046.84,261.71,324,21,29,United Kingdom,1,0.7826432890403504,1391.458882683944,1089.015956508173,High,UK,Protect loyalty
14230,3,979.8,326.6,246,27,61,United Kingdom,1,0.7099182383208928,1262.6277852960827,896.3624929924056,High,UK,Protect loyalty
14231,1,309.91,309.91,201,19,76,United Kingdom,1,0.478924280922357,618.5305124065245,296.22928088283174,Medium,UK,Low-cost nurture
14233,3,1441.55,480.51666666666665,581,30,91,United Kingdom,1,0.7211182174076545,1708.1121199084698,1231.7507670408056,High,UK,Protect loyalty
14235,4,1573.13,393.2825,1055,53,124,United Kingdom,1,0.7603781820742864,1664.3722293235655,1265.55233002798,High,UK,Protect loyalty
14236,3,1064.48,354.82666666666665,464,27,57,United Kingdom,1,0.734269254638832,1372.5290770962197,1007.8059024095652,High,UK,Protect loyalty
14237,1,310.14,310.14,200,17,216,United Kingdom,1,0.3272697144736851,561.5119815363184,183.7658658709441,Low,UK,Low-cost nurture
14238,2,287.38,143.69,78,5,288,United Kingdom,1,0.2959171744963408,470.2561637082555,139.15687525403564,Low,UK,Low-cost nurture
14239,10,1882.32,188.23200000000003,736,41,57,United Kingdom,1,0.8953404038805757,2138.3640004017543,1914.56368776339,Very High,UK,Protect loyalty
14240,1,357.15000000000003,357.15000000000003,237,19,49,United Kingdom,1,0.5204172770045702,713.4395533932898,371.2862696842925,Medium,UK,Low-cost nurture
14241,1,120.0,120.0,96,2,322,United Kingdom,1,0.1707875898957324,285.9848371034972,48.842661075629934,Low,UK,Low-cost nurture
14243,7,4628.9800000000005,661.2828571428572,2410,178,1,United Kingdom,1,0.92551481897956,3984.477862180285,3687.6933073438495,Very High,UK,Protect loyalty
14244,1,366.42,366.42,814,16,286,United Kingdom,1,0.30738658099894,630.4880367508126,193.80356197756632,Low,UK,Low-cost nurture
14247,4,616.79,154.1975,331,72,30,United Kingdom,1,0.7842304797479259,774.8578071930422,607.6671098714254,Medium,UK,Grow customer value
14248,2,730.37,365.185,590,33,85,United Kingdom,1,0.6469710268524463,1011.5268880744402,654.4285894663801,High,UK,Win back now
14249,12,5400.461,450.0384166666667,2383,178,36,United Kingdom,1,0.9444924022423308,4567.542268593904,4314.008969607641,Very High,UK,Protect loyalty
14252,1,350.99,350.99,111,10,7,United Kingdom,1,0.5283704302171464,770.4048981802378,407.05916749288906,Medium,UK,Low-cost nurture
14253,2,363.4,181.7,88,11,119,United Kingdom,1,0.4990574344363608,602.339707970306,300.6021093188077,Medium,UK,Low-cost nurture
14254,1,601.03,601.03,263,23,58,United Kingdom,1,0.5371736751205739,1073.5657947241205,576.6912834356954,Medium,UK,Win back now
14255,1,1000.63,1000.63,1,1,172,United Kingdom,1,0.2359105377495163,1860.366280060994,438.8800095402564,Medium,UK,Win back now
14256,3,1491.73,497.2433333333333,733,70,117,United Kingdom,1,0.7180934219104967,1566.0616967557712,1124.5786027463105,High,UK,Protect loyalty
14257,4,2854.73,713.6825,1650,97,6,United Kingdom,1,0.8680445584213664,2820.971443816746,2448.728911267192,Very High,UK,Protect loyalty
14258,16,19381.36,1211.335,10388,85,21,United Kingdom,1,0.9706399346459368,15506.067639523844,15050.808480242898,Very High,UK,Protect loyalty
14260,3,824.28,274.76,544,50,97,United Kingdom,1,0.7040472111031401,1002.5271532811228,705.8264463227448,High,UK,Protect loyalty
14263,1,322.93,322.93,171,16,49,United Kingdom,1,0.5018632676974735,664.8879160570709,333.6828222049651,Medium,UK,Low-cost nurture
14264,4,1183.39,295.8475,483,49,5,United Kingdom,1,0.8215696061721814,1433.8241231928198,1177.9863202116985,High,UK,Protect loyalty
14265,2,843.1700000000001,421.585,385,47,90,Unspecified,0,0.666158858049143,1379.610596721808,919.0398196646964,High,Non-UK,Win back now
14266,1,40.56,40.56,24,1,54,United Kingdom,1,0.3172369681518601,147.22748549605018,46.70600112738892,Low,UK,Low-cost nurture
14268,1,354.85,354.85,147,19,96,United Kingdom,1,0.4506117560731553,678.2691308089294,305.63604412402435,Medium,UK,Low-cost nurture
14269,1,295.73,295.73,123,16,65,United Kingdom,1,0.4688925047596105,606.5293001407134,284.3970427530727,Medium,UK,Low-cost nurture
14271,1,101.86,101.86,60,28,35,United Kingdom,1,0.4471434333470853,236.2026774673197,105.61647616851153,Low,UK,Low-cost nurture
14272,2,482.85,241.425,498,31,188,United Kingdom,1,0.5130719441716042,662.9400528732762,340.13594179691785,Medium,UK,Low-cost nurture
14274,1,256.6,256.6,178,15,312,United Kingdom,1,0.2305540620184552,449.80125942234935,103.7035074608396,Low,UK,Low-cost nurture
14275,6,1189.38,198.23,538,14,21,United Kingdom,1,0.8449265887750834,1642.764444385713,1388.0153581558156,High,UK,Protect loyalty
14276,4,982.94,245.735,662,38,33,United Kingdom,1,0.8021197675168099,1244.2439986893,998.0327069628472,High,UK,Protect loyalty
14277,6,13009.61,2168.268333333333,87830,147,37,France,0,0.9531867833790888,12714.802473113685,12119.581670647714,Very High,Non-UK,Protect loyalty
14278,1,205.83,205.83,131,13,35,United Kingdom,1,0.4873321504617854,469.9471935700884,229.02037644599213,Low,UK,Low-cost nurture
14279,2,191.86,95.93,46,3,146,United Kingdom,1,0.4020366214360698,390.6533593266313,157.0569567363298,Low,UK,Low-cost nurture
14281,1,245.15,245.15,45,7,34,United Kingdom,1,0.4467578218031276,571.4547553333142,255.30188175175067,Medium,UK,Low-cost nurture
14282,10,3549.32,354.932,2510,55,7,United Kingdom,1,0.9349377517248406,3727.569217920333,3485.0451840011583,Very High,UK,Protect loyalty
14283,4,628.44,157.11,550,36,89,United Kingdom,1,0.7407637711752686,822.3368115235791,609.1573176804525,Medium,UK,Grow customer value
14284,1,704.4,704.4,349,35,279,United Kingdom,1,0.3216220993171566,987.080325262466,317.46684640557606,Medium,UK,Win back now
14285,4,1374.41,343.6025,413,33,139,United Kingdom,1,0.7103920999441814,1527.7538153717962,1085.3042410997057,High,UK,Protect loyalty
14286,4,3851.01,962.7525,4457,167,30,United Kingdom,1,0.8813572625005117,3393.0995052977464,2990.532891381062,Very High,UK,Protect loyalty
14290,3,2201.91,733.9699999999999,685,43,39,United Kingdom,1,0.7854482526288765,2439.2162170436773,1915.8781154609744,Very High,UK,Protect loyalty
14291,12,4020.85,335.0708333333333,3397,158,6,United Kingdom,1,0.950998125154094,3729.19433909568,3546.4568248152527,Very High,UK,Protect loyalty
14292,7,4354.32,622.0457142857142,1766,66,36,United Kingdom,1,0.9032763985264252,4120.086891438646,3721.5772489146343,Very High,UK,Protect loyalty
14293,5,1856.45,371.29,849,50,9,United Kingdom,1,0.8619167875166313,2089.974369832258,1801.3839948379157,Very High,UK,Protect loyalty
14294,1,375.34,375.34,190,23,33,United Kingdom,1,0.5357449132307678,734.0427125266473,393.2596493302661,Medium,UK,Low-cost nurture
14295,4,2196.71,549.1775,945,61,64,United Kingdom,1,0.8129288147878202,2264.5604701734187,1840.9264590334265,Very High,UK,Protect loyalty
14296,2,456.4,228.2,314,27,47,United Kingdom,1,0.6455610730821831,712.0868669052513,459.69556192708376,Medium,UK,Low-cost nurture
14298,38,39667.19,1043.8734210526316,41929,712,1,United Kingdom,1,0.991995602569201,25408.561371714197,25205.181148350148,Very High,UK,Protect loyalty
14299,18,10104.63,561.3683333333333,5987,90,13,United Kingdom,1,0.9696055196637398,9013.899882607737,8739.927079872798,Very High,UK,Protect loyalty
14301,3,1352.04,450.68,1080,29,42,United Kingdom,1,0.7766741830812435,1707.2085804679816,1325.944829584259,High,UK,Protect loyalty
14302,3,742.9000000000001,247.63333333333333,298,25,56,United Kingdom,1,0.7103657277463539,1018.1364137984884,723.249214533026,High,UK,Protect loyalty
14303,2,277.94,138.97,218,21,33,United Kingdom,1,0.6263360314424689,486.7518935226981,304.8702492861139,Medium,UK,Low-cost nurture
14304,2,1341.56,670.78,636,63,5,United Kingdom,1,0.7531602198869247,1663.1332389378736,1252.605795939702,High,UK,Protect loyalty
14306,4,1058.0800000000002,264.52000000000004,990,12,4,United Kingdom,1,0.8197971258064427,1554.576395325712,1274.4372607345588,High,UK,Protect loyalty
14307,4,1292.2,323.05,758,74,134,United Kingdom,1,0.7422274737059142,1339.1970845017904,993.9888688240896,High,UK,Protect loyalty
14308,2,1147.02,573.51,2,1,175,United Kingdom,1,0.3310039569935309,1760.4306816764813,582.7095216477343,Medium,UK,Win back now
14309,2,1428.28,714.14,950,69,39,United Kingdom,1,0.7382736716924713,1700.212033260514,1255.2217804509617,High,UK,Protect loyalty
14310,1,492.1,492.1,230,22,58,United Kingdom,1,0.5240442664026254,910.5788887273596,477.18364574484696,Medium,UK,Low-cost nurture
14311,1,206.19,206.19,89,11,193,United Kingdom,1,0.3046091715049647,420.65611392048953,128.1357103498184,Low,UK,Low-cost nurture
14312,5,1478.7,295.74,892,88,4,United Kingdom,1,0.8662931891175251,1624.4417182255702,1407.2427966171813,High,UK,Protect loyalty
14314,1,109.8,109.8,36,2,56,United Kingdom,1,0.3683152722898291,321.8721900069482,118.55044330493271,Low,UK,Low-cost nurture
14315,2,716.69,358.345,323,26,190,United Kingdom,1,0.5070762700124618,932.7855700620772,472.99342758852606,Medium,UK,Low-cost nurture
14316,5,1370.34,274.068,4494,21,48,United Kingdom,1,0.8563894312639517,1790.2632817100025,1533.1625536363647,High,UK,Protect loyalty
14318,1,158.02,158.02,152,9,86,United Kingdom,1,0.4198003841340336,377.9100682716054,158.64679182853882,Low,UK,Low-cost nurture
14319,1,494.85,494.85,329,26,50,United Kingdom,1,0.5489407272185906,908.7257614309276,498.8365803221609,Medium,UK,Low-cost nurture
14320,3,868.96,289.65333333333336,388,46,172,United Kingdom,1,0.6186450078800011,991.7687447223672,613.5527828939076,Medium,UK,Win back now
14321,2,687.3100000000001,343.655,869,56,57,United Kingdom,1,0.6935770280776439,930.0626984157336,645.0701222930585,High,UK,Grow customer value
14322,4,474.1,118.525,158,10,55,United Kingdom,1,0.708613146721731,755.6789588187821,535.4840449199786,Medium,UK,Grow customer value
14324,2,701.61,350.805,402,41,35,United Kingdom,1,0.6867276676822803,985.2269894781195,676.5826326219436,High,UK,Protect loyalty
14325,1,245.48,245.48,320,18,195,United Kingdom,1,0.3565378564664622,470.2191694734798,167.6509347535146,Low,UK,Low-cost nurture
14326,2,757.13,378.565,469,48,89,United Kingdom,1,0.6429451598095431,990.7549037802154,637.0010699430591,High,UK,Win back now
14327,5,1583.28,316.656,1157,89,8,United Kingdom,1,0.8698023274150491,1720.0035997647533,1496.063134237645,High,UK,Protect loyalty
14328,1,445.05,445.05,1,1,64,United Kingdom,1,0.3070622903385264,1027.4213574233966,315.4823551531459,Medium,UK,Win back now
14329,8,4912.38,614.0475,2826,206,1,United Kingdom,1,0.9353596840503482,4152.555112909242,3884.1326384124463,Very High,UK,Protect loyalty
14330,1,200.63,200.63,103,13,249,United Kingdom,1,0.2595870302891402,387.2359645299124,100.5214340534708,Low,UK,Low-cost nurture
14332,2,1077.2,538.6,412,31,7,United Kingdom,1,0.7227796320036438,1490.0013633736571,1076.9426371041395,High,UK,Protect loyalty
14334,4,1766.27,441.5675,1255,77,51,United Kingdom,1,0.8252714929211817,1863.7151584162395,1538.0709911660067,High,UK,Protect loyalty
14338,1,339.88,339.88,287,19,162,United Kingdom,1,0.400123383222954,628.468302404696,251.46486340655355,Medium,UK,Low-cost nurture
14339,1,310.75,310.75,288,9,54,United Kingdom,1,0.5033518000352069,689.5850744217938,347.103888487622,Medium,UK,Low-cost nurture
14341,10,2285.04,228.504,1416,100,46,United Kingdom,1,0.9157513898138652,2309.1216165021438,2114.5813295610765,Very High,UK,Protect loyalty
14342,2,249.88,124.94,174,12,58,United Kingdom,1,0.578368662476439,463.376077800609,268.00220234111663,Medium,UK,Low-cost nurture
14343,4,1079.66,269.915,626,193,47,United Kingdom,1,0.8123129840593535,1097.5313118138813,891.5389349981107,High,UK,Protect loyalty
14344,12,2103.12,175.26,1069,100,1,United Kingdom,1,0.9363683649212046,2255.276015707885,2111.769115274401,Very High,UK,Protect loyalty
14346,3,1294.17,431.39,1273,78,51,United Kingdom,1,0.7852699133796366,1459.73710000649,1146.2876260791384,High,UK,Protect loyalty
14347,1,82.60000000000001,82.60000000000001,48,6,362,United Kingdom,1,0.135972851578585,181.1981002114541,24.638022386373628,Low,UK,Low-cost nurture
14350,2,689.1,344.54999999999995,360,38,6,United Kingdom,1,0.7090322601798785,999.7610841279758,708.8628611191443,High,UK,Protect loyalty
14353,2,285.9,142.95,280,14,36,United Kingdom,1,0.6257542160757458,522.7774454107642,327.13019053509373,Medium,UK,Low-cost nurture
14355,2,665.65,332.825,525,48,75,United Kingdom,1,0.6564597957162592,901.1638561218796,591.5778408966455,Medium,UK,Low-cost nurture
14358,2,400.06,200.03,338,21,15,United Kingdom,1,0.6715592604111449,674.1135664055085,452.7072080884025,Medium,UK,Low-cost nurture
14361,1,214.71,214.71,251,14,204,United Kingdom,1,0.3309799521121497,427.62264564404046,141.5345227773353,Low,UK,Low-cost nurture
14363,2,227.47000000000003,113.735,105,8,28,United Kingdom,1,0.5832965068436999,454.4781362448298,265.0955093084443,Medium,UK,Low-cost nurture
14365,2,634.68,317.34000000000003,557,50,20,United Kingdom,1,0.7106222033469852,900.7405246471752,640.0862162686952,High,UK,Grow customer value
14366,1,136.0,136.0,16,1,151,United Kingdom,1,0.2543286179081708,369.7913497079941,94.0485228856312,Low,UK,Low-cost nurture
14369,2,469.13,234.565,255,24,268,United Kingdom,1,0.3952362349534771,618.7797187219563,244.5641662932376,Low,UK,Low-cost nurture
14370,6,1175.78,195.9633333333333,266,37,76,United Kingdom,1,0.8048419903676423,1377.4890553697098,1108.6610330334006,High,UK,Protect loyalty
14372,2,860.08,430.04,378,36,69,United Kingdom,1,0.6558592476113496,1153.6460743078414,756.629446305328,High,UK,Win back now
14374,1,108.0,108.0,20,7,167,United Kingdom,1,0.2599381529898591,256.1047317128684,66.5713909334064,Low,UK,Low-cost nurture
14375,2,871.26,435.63,463,128,76,United Kingdom,1,0.6768946524304981,1002.351434557054,678.4863259077082,High,UK,Protect loyalty
14376,1,215.46,215.46,50,17,309,United Kingdom,1,0.1994782979220131,375.7755802364147,74.9590731462169,Low,UK,Low-cost nurture
14378,1,131.25,131.25,57,9,247,United Kingdom,1,0.2292324508672788,280.4146724145676,64.28014261673646,Low,UK,Low-cost nurture
14379,2,917.06,458.53,420,68,19,United Kingdom,1,0.7193560771667207,1177.1388098497828,846.7819565342421,High,UK,Protect loyalty
14380,1,48.96,48.96,1,1,308,United Kingdom,1,0.0962140003731702,134.6525869705065,12.955464053028644,Low,UK,Low-cost nurture
14381,1,423.26,423.26,303,56,77,United Kingdom,1,0.5241640613372588,712.7865227319086,373.6170786216196,Medium,UK,Low-cost nurture
14382,1,578.14,578.14,436,137,16,United Kingdom,1,0.6310699329689701,878.8700657612345,554.6284734883766,Medium,UK,Low-cost nurture
14384,1,58.5,58.5,30,3,126,United Kingdom,1,0.2786505945012769,173.8510131752915,48.44368817594431,Low,UK,Low-cost nurture
14388,8,3175.36,396.92,2249,100,12,United Kingdom,1,0.9219461687053152,3101.6320212013784,2859.5377586803343,Very High,UK,Protect loyalty
14389,3,854.55,284.85,659,29,50,United Kingdom,1,0.7445890842998967,1146.0704140776102,853.3515201612512,High,UK,Protect loyalty
14390,4,1507.46,376.865,697,105,0,United Kingdom,1,0.8450071695974679,1621.1168648370603,1369.8553735426854,High,UK,Protect loyalty
14391,1,135.6,135.6,168,14,202,United Kingdom,1,0.305436990593405,289.7129954720325,88.48906547277839,Low,UK,Low-cost nurture
14392,1,266.4,266.4,114,14,58,United Kingdom,1,0.4677063520557068,566.5445550797692,264.9764871333823,Medium,UK,Low-cost nurture
14394,1,93.8,93.8,58,6,190,United Kingdom,1,0.262630216540801,231.39234139715035,60.77062072701656,Low,UK,Low-cost nurture
14395,11,4322.02,392.91090909090906,2183,222,15,United Kingdom,1,0.9439942481820658,3720.885488147081,3512.494498954962,Very High,UK,Protect loyalty
14396,5,1481.39,296.278,734,136,121,United Kingdom,1,0.7939987142957744,1404.922699356401,1115.506816973931,High,UK,Protect loyalty
14398,2,707.79,353.895,267,50,27,United Kingdom,1,0.6852968972412409,968.8868051730428,663.9751213630648,High,UK,Protect loyalty
14399,8,2108.21,263.52625,965,119,20,United Kingdom,1,0.905730368450274,2112.858840771098,1913.6804163350257,Very High,UK,Protect loyalty
14400,2,1157.77,578.885,1252,47,34,United Kingdom,1,0.7385563130196732,1505.018479077044,1111.540898933618,High,UK,Protect loyalty
14401,9,2744.42,304.93555555555554,1894,63,50,United Kingdom,1,0.9100969548152232,2826.015383137113,2571.9479944540635,Very High,UK,Protect loyalty
14402,1,285.6,285.6,240,8,278,United Kingdom,1,0.2616104778531514,544.1193367627773,142.34731969965,Low,UK,Low-cost nurture
14403,2,404.7,202.35,218,4,215,United Kingdom,1,0.4121644174287017,689.4292642949134,284.1582110764114,Medium,UK,Low-cost nurture
14404,7,1274.81,182.1157142857143,750,64,121,United Kingdom,1,0.8236259749164447,1365.359857694204,1124.545843905167,High,UK,Protect loyalty
14405,1,195.0,195.0,100,2,12,United Kingdom,1,0.4721876189978766,547.4905087831132,258.5182397662344,Medium,UK,Low-cost nurture
14408,4,1503.24,375.81000000000006,828,11,97,United Kingdom,1,0.7539356790449372,1950.877015586548,1470.8357874794046,High,UK,Protect loyalty
14409,3,1367.84,455.94666666666666,1003,45,6,United Kingdom,1,0.8071242598787698,1682.684515377012,1358.1354940831372,High,UK,Protect loyalty
14410,2,1531.63,765.815,802,179,2,United Kingdom,1,0.7792015949213855,1652.60386961798,1287.7115709795833,High,UK,Protect loyalty
14412,1,656.16,656.16,642,41,50,United Kingdom,1,0.5911154336373566,1104.3915217781564,652.8228733013151,High,UK,Win back now
14413,3,643.47,214.49,210,74,36,United Kingdom,1,0.7301705403500389,803.1614691908244,586.4448439473954,Medium,UK,Grow customer value
14414,1,902.35,902.35,365,21,0,United Kingdom,1,0.6250138611316153,1604.595228343483,1002.8942592203264,High,UK,Win back now
14415,10,6124.52,612.452,3267,299,5,United Kingdom,1,0.948949904413214,4842.898215110869,4595.667798312385,Very High,UK,Protect loyalty
14417,1,524.65,524.65,543,106,13,United Kingdom,1,0.6335919879907391,840.4585224192497,532.5077860433715,Medium,UK,Low-cost nurture
14419,1,202.85,202.85,69,23,8,United Kingdom,1,0.5045065407469966,439.6619619727672,221.81233553291835,Low,UK,Low-cost nurture
14420,3,1251.65,417.2166666666667,786,58,22,United Kingdom,1,0.7908693119200434,1491.1916563143525,1179.3377191702416,High,UK,Protect loyalty
14421,4,1656.26,414.065,977,57,138,United Kingdom,1,0.7491776303506079,1701.7597102481968,1274.9203071498812,High,UK,Protect loyalty
14422,13,6007.88,462.1446153846154,3161,193,0,United Kingdom,1,0.9579818508399944,5149.414685482974,4933.0458111416265,Very High,UK,Protect loyalty
14423,2,651.4100000000001,325.70500000000004,299,11,63,United Kingdom,1,0.6248984510330065,1046.8901047570648,654.2000048644717,High,UK,Win back now
14425,3,661.39,220.4633333333333,325,35,60,United Kingdom,1,0.7106910850524407,887.2107033951319,630.5327374660254,Medium,UK,Grow customer value
14426,7,7246.27,1035.1814285714286,4324,314,29,United Kingdom,1,0.9301661743659114,5356.062912809691,4982.02854927133,Very High,UK,Protect loyalty
14427,2,900.1800000000001,450.09,310,27,120,United Kingdom,1,0.5923243793002365,1186.459168341423,702.7686904529082,High,UK,Win back now
14429,1,516.28,516.28,286,22,29,United Kingdom,1,0.5657917605947663,973.367457580312,550.7232875300164,Medium,UK,Win back now
14430,3,1220.9,406.9666666666667,446,29,137,United Kingdom,1,0.6633298507208606,1432.8536796817746,950.4546174481474,High,UK,Win back now
14431,3,2143.84,714.6133333333332,1072,61,5,United Kingdom,1,0.822941829212859,2369.602957182598,1950.045392092047,Very High,UK,Protect loyalty
14433,1,280.7,280.7,131,72,91,United Kingdom,1,0.4677417642266882,478.32318849636255,223.73173205782336,Low,UK,Low-cost nurture
14435,1,90.42,90.42,282,3,127,United Kingdom,1,0.3605988684626621,259.2176149159762,93.4735786242911,Low,UK,Low-cost nurture
14436,1,182.64,182.64,168,2,179,United Kingdom,1,0.3108966963013912,458.76242787537376,142.62772321365898,Low,UK,Low-cost nurture
14437,4,810.34,202.585,360,31,30,United Kingdom,1,0.7826726430414126,1075.4491900977443,841.7246600705481,High,UK,Protect loyalty
14439,4,6781.8,1695.4499999999998,1718,83,69,Greece,0,0.863836008917911,7199.785884824715,6219.434303810493,Very High,Non-UK,Protect loyalty
14440,8,3624.35,453.04375,1017,47,19,United Kingdom,1,0.9078196567245548,3714.3067702992194,3371.920697182727,Very High,UK,Protect loyalty
14441,7,2898.8,414.11428571428576,814,71,0,United Kingdom,1,0.9027382108999576,2949.512867333136,2662.637968882719,Very High,UK,Protect loyalty
14442,5,3777.2,755.4399999999999,949,97,40,Channel Islands,0,0.8793839625583181,4365.137279308321,3838.631717789187,Very High,Non-UK,Protect loyalty
14443,1,662.77,662.77,419,40,5,United Kingdom,1,0.6245274888924937,1148.4837894537773,717.2596970613029,High,UK,Win back now
14444,1,120.44,120.44,172,11,82,United Kingdom,1,0.421877058577794,296.33107313936745,125.0152815012375,Low,UK,Low-cost nurture
14445,1,221.65,221.65,83,32,81,United Kingdom,1,0.4389527863406006,431.732588849253,189.5102228294205,Low,UK,Low-cost nurture
14446,1,189.93,189.93,175,42,12,United Kingdom,1,0.5416429187821947,393.1005909764931,212.9201514715134,Low,UK,Low-cost nurture
14447,1,548.5,548.5,342,36,26,United Kingdom,1,0.5863969883662028,972.6443739499476,570.3557316355801,Medium,UK,Win back now
14449,4,1345.16,336.29,863,152,28,United Kingdom,1,0.8336474431548057,1385.0379121850112,1154.6333141655048,High,UK,Protect loyalty
14450,4,645.19,161.2975,281,24,5,United Kingdom,1,0.7865841189038378,930.02673714113,731.5442615911669,High,UK,Grow customer value
14451,10,2614.78,261.478,1359,194,15,United Kingdom,1,0.930189084242016,2445.6807877801148,2274.945572333477,Very High,UK,Protect loyalty
14452,2,399.9,199.95,169,62,21,United Kingdom,1,0.6613154932788579,584.2773733892903,386.391679394614,Medium,UK,Low-cost nurture
14454,5,977.3,195.46,400,93,2,United Kingdom,1,0.8460170176358894,1127.9683299867647,954.2804025231376,High,UK,Protect loyalty
14455,4,617.72,154.43,706,65,58,United Kingdom,1,0.7800783557212628,778.3685206812977,607.1884357582585,Medium,UK,Grow customer value
14458,1,228.07,228.07,317,46,6,United Kingdom,1,0.5776778506391395,460.0830914684972,265.7798113949321,Medium,UK,Low-cost nurture
14459,1,3537.821,3537.821,1543,76,277,United Kingdom,1,0.4448504607379319,3581.303054089873,1593.144313654043,Very High,UK,Win back now
14460,6,659.16,109.86,998,23,22,United Kingdom,1,0.8488154040345883,959.3427649968852,814.3049166784904,High,UK,Grow customer value
14461,10,4573.85,457.3850000000001,2239,368,8,United Kingdom,1,0.9440761309302363,3667.828492746434,3462.7093323477343,Very High,UK,Protect loyalty
14462,1,262.24,262.24,107,48,58,United Kingdom,1,0.4873235113139547,484.6999454624403,236.2056793564388,Low,UK,Low-cost nurture
14463,1,256.95,256.95,31,2,125,United Kingdom,1,0.3227106162209933,618.4363344803421,199.57597059360356,Low,UK,Low-cost nurture
14464,2,111.0,55.5,62,4,194,United Kingdom,1,0.3461359170284037,233.8374605920626,80.9395438576268,Low,UK,Low-cost nurture
14465,8,2887.41,360.92625,2141,31,54,United Kingdom,1,0.8976945102308482,3177.5615332318785,2852.4795443029743,Very High,UK,Protect loyalty
14466,6,1994.75,332.4583333333333,1501,68,50,United Kingdom,1,0.8707158232723493,2097.654595745137,1826.461048275254,Very High,UK,Protect loyalty
14467,8,1606.98,200.8725,911,113,15,United Kingdom,1,0.9030438579136172,1699.7186694943334,1534.920504667963,High,UK,Protect loyalty
14468,1,204.24,204.24,164,12,359,United Kingdom,1,0.1857503924851608,366.6733434769161,68.10971746468334,Low,UK,Low-cost nurture
14469,4,2093.46,523.365,973,120,42,United Kingdom,1,0.8341752723301128,2043.946594026978,1705.009706700661,Very High,UK,Protect loyalty
14470,1,250.85,250.85,89,17,56,United Kingdom,1,0.4623640951053324,525.6964342847352,243.06315613816147,Low,UK,Low-cost nurture
14471,2,400.95,200.475,187,38,217,United Kingdom,1,0.4424835336419552,532.6813821976241,235.7027403000856,Low,UK,Low-cost nurture
14472,1,266.05,266.05,136,41,315,United Kingdom,1,0.2353809052291942,410.1096633588886,96.5319838046553,Low,UK,Low-cost nurture
14474,1,711.23,711.23,308,97,205,United Kingdom,1,0.4122035776182151,933.4331577609066,384.7644870965135,Medium,UK,Low-cost nurture
14475,1,225.3,225.3,94,6,34,United Kingdom,1,0.4669193582440346,547.9735202389113,255.859444404677,Medium,UK,Low-cost nurture
14477,3,660.0,220.0,400,3,62,United Kingdom,1,0.679631406869622,1154.309953268962,784.5052975037923,High,UK,Protect loyalty
14478,4,1276.66,319.165,1226,59,8,United Kingdom,1,0.8419222557294662,1515.5600620466748,1275.9837461318264,High,UK,Protect loyalty
14479,2,808.46,404.23,445,116,44,United Kingdom,1,0.702351926419833,976.1229578355247,685.5818398584063,High,UK,Protect loyalty
14480,3,1020.47,340.1566666666667,527,43,28,United Kingdom,1,0.7672077570991791,1286.8896277578897,987.3117049463278,High,UK,Protect loyalty
14481,3,1648.18,549.3933333333333,1079,103,33,United Kingdom,1,0.8039613779541078,1748.825924968024,1405.9885004391597,High,UK,Protect loyalty
14482,6,2283.91,380.6516666666666,1242,91,5,United Kingdom,1,0.8932427500147662,2343.311144734172,2093.145691062601,Very High,UK,Protect loyalty
14483,1,120.0,120.0,96,4,362,United Kingdom,1,0.1518050257860445,260.65684374776254,39.56901888643807,Low,UK,Low-cost nurture
14484,3,749.0600000000001,249.68666666666664,534,37,27,United Kingdom,1,0.7578380088958234,1012.4139541105276,767.2457751614697,High,UK,Protect loyalty
14486,2,175.5,87.75,90,4,137,United Kingdom,1,0.43578875855977,359.81467617817646,156.8031910432732,Low,UK,Low-cost nurture
14487,1,100.79,100.79,49,24,5,United Kingdom,1,0.470240893703638,243.18756409664263,114.356737478416,Low,UK,Low-cost nurture
14489,3,1111.55,370.51666666666665,712,54,63,United Kingdom,1,0.7519096585277751,1316.2914230280965,989.7322344120952,High,UK,Protect loyalty
14490,2,1273.47,636.735,933,72,32,United Kingdom,1,0.7410786104809742,1544.7339554844998,1144.7692932932323,High,UK,Protect loyalty
14492,7,1921.91,274.55857142857144,751,70,56,United Kingdom,1,0.8701036630733616,2002.7328976128708,1742.585230370487,Very High,UK,Protect loyalty
14493,5,2704.62,540.924,1863,204,16,United Kingdom,1,0.8885211513996631,2444.2299811678686,2171.750037152852,Very High,UK,Protect loyalty
14494,2,261.9,130.95,118,10,27,United Kingdom,1,0.5972610576450053,500.35072976275154,298.8400060515512,Medium,UK,Low-cost nurture
14495,1,51.0,51.0,6,1,285,United Kingdom,1,0.1244581412605112,144.9757349271586,18.043410496910735,Low,UK,Low-cost nurture
14496,5,1825.08,365.016,746,58,5,United Kingdom,1,0.8628505492400433,2026.6099271596604,1748.661488745037,Very High,UK,Protect loyalty
14497,1,221.69,221.69,97,11,299,United Kingdom,1,0.2179868668065101,411.8508671501414,89.77808012160358,Low,UK,Low-cost nurture
14498,5,1943.51,388.702,1022,145,27,United Kingdom,1,0.8657846587268265,1894.219492016672,1639.986176449357,Very High,UK,Protect loyalty
14499,4,1293.35,323.33750000000003,735,86,0,United Kingdom,1,0.8409451920571568,1461.6651008711683,1229.1802389753482,High,UK,Protect loyalty
14505,11,6019.65,547.2409090909091,2586,540,30,United Kingdom,1,0.9478229364359846,4376.691569757064,4148.328655521759,Very High,UK,Protect loyalty
14506,2,999.6,499.8,232,97,28,United Kingdom,1,0.7017629392502873,1192.3052427673283,836.7156316479278,High,UK,Protect loyalty
14507,5,1848.86,369.772,897,127,4,United Kingdom,1,0.8733575622764925,1874.8954416213955,1637.45411241777,Very High,UK,Protect loyalty
14508,3,554.87,184.95666666666668,218,100,2,United Kingdom,1,0.7601268068514754,703.8511315743523,535.0161131424101,Medium,UK,Grow customer value
14509,1,110.95,110.95,38,25,160,United Kingdom,1,0.3031634893222479,231.1134498526181,70.06515988662207,Low,UK,Low-cost nurture
14510,3,979.85,326.6166666666667,793,67,1,United Kingdom,1,0.802056416890244,1214.6539279233862,974.2209771918916,High,UK,Protect loyalty
14512,5,940.69,188.138,614,41,9,United Kingdom,1,0.841130805118459,1205.5036190084031,1013.9862296297543,High,UK,Protect loyalty
14513,3,332.42,110.80666666666669,232,5,62,United Kingdom,1,0.6458087460220603,614.9818652083827,397.1606671965333,Medium,UK,Low-cost nurture
14514,6,3389.84,564.9733333333334,1798,178,62,United Kingdom,1,0.8841704968279999,2898.122459623218,2562.434374993446,Very High,UK,Protect loyalty
14515,6,1647.17,274.52833333333336,783,55,13,United Kingdom,1,0.8737773292397119,1865.4095983582308,1629.9526167915783,Very High,UK,Protect loyalty
14516,1,151.17,151.17,63,35,142,United Kingdom,1,0.3522676632958255,294.379646267163,103.7004301123852,Low,UK,Low-cost nurture
14519,2,203.14,101.57,81,38,309,United Kingdom,1,0.2961181723429009,276.98091455525315,82.01908219196677,Low,UK,Low-cost nurture
14521,1,199.45,199.45,211,17,117,United Kingdom,1,0.4168174487850429,419.9233669172274,175.0313864836642,Low,UK,Low-cost nurture
14522,4,773.88,193.47,431,23,221,United Kingdom,1,0.6039626826599536,925.0401251575266,558.689715558239,Medium,UK,Low-cost nurture
14524,4,1066.03,266.50750000000005,500,114,35,United Kingdom,1,0.8092231417501826,1162.429487482311,940.6648419234904,High,UK,Protect loyalty
14525,8,3810.64,476.33,2469,163,54,United Kingdom,1,0.913631592462053,3304.2307277271334,3018.8495816353893,Very High,UK,Protect loyalty
14526,1,258.65,258.65,178,41,15,United Kingdom,1,0.5500359973168343,509.2922181514671,280.1290531366449,Medium,UK,Low-cost nurture
14527,67,18739.75,279.69776119402985,4559,461,0,United Kingdom,1,0.9923609767795808,14943.360892517689,14829.208211668642,Very High,UK,Protect loyalty
14530,10,3226.76,322.676,1594,180,22,United Kingdom,1,0.9313390479075672,2933.532143039423,2732.113033104581,Very High,UK,Protect loyalty
14531,1,376.34,376.34,260,29,105,United Kingdom,1,0.4707068927650717,680.6424355862018,320.3830859388315,Medium,UK,Low-cost nurture
14532,7,2912.93,416.1328571428571,827,188,37,United Kingdom,1,0.8945968748856407,2564.0463628316684,2293.787863251104,Very High,UK,Protect loyalty
14533,4,1516.65,379.1625,2019,25,33,United Kingdom,1,0.8312785980855112,1913.4338059140932,1590.5965717096915,Very High,UK,Protect loyalty
14534,8,1790.36,223.795,795,164,23,United Kingdom,1,0.9020913442974576,1764.3508392046765,1591.6056203504943,Very High,UK,Protect loyalty
14535,6,3118.39,519.7316666666667,1390,381,21,United Kingdom,1,0.9024150669449438,2537.647408069614,2290.0112556358035,Very High,UK,Protect loyalty
14537,1,285.84,285.84,108,13,249,United Kingdom,1,0.2713345611872662,521.0758489249127,141.38588681332342,Low,UK,Low-cost nurture
14538,3,982.59,327.53000000000003,129,28,156,United Kingdom,1,0.5938771606373023,1156.8691318872795,687.0381552741584,High,UK,Win back now
14540,8,2756.98,344.6225,1184,140,5,United Kingdom,1,0.9177569399667984,2633.3257096784937,2416.7529452504323,Very High,UK,Protect loyalty
14541,6,1038.03,173.005,482,49,42,United Kingdom,1,0.8397420629769423,1246.6659193475025,1046.877810955918,High,UK,Protect loyalty
14543,23,10988.14,477.7452173913043,1964,80,6,United Kingdom,1,0.9721398387119868,9951.96768827849,9674.704263349957,Very High,UK,Protect loyalty
14544,1,934.23,934.23,876,68,96,United Kingdom,1,0.5740218631503224,1356.8712927244874,778.8737875048968,High,UK,Win back now
14545,1,349.25,349.25,236,23,300,United Kingdom,1,0.262388306943405,562.57837598518,147.61398759772172,Low,UK,Low-cost nurture
14546,6,2610.91,435.1516666666666,1375,258,2,United Kingdom,1,0.9047727546517552,2325.2256266013346,2103.800795366943,Very High,UK,Protect loyalty
14548,7,1888.49,269.78428571428566,730,66,110,United Kingdom,1,0.8387093938767155,1904.035362505692,1596.9323448069808,Very High,UK,Protect loyalty
14549,3,624.36,208.12,258,70,46,United Kingdom,1,0.7253894233790272,784.9845850427783,569.419515505606,Medium,UK,Grow customer value
14550,2,587.69,293.845,382,46,14,United Kingdom,1,0.7012711083163994,851.3494016751926,597.0267384772658,Medium,UK,Grow customer value
14551,5,691.86,138.372,380,62,37,United Kingdom,1,0.8109862380986659,862.4103499481758,699.4029254018251,High,UK,Grow customer value
14552,2,343.71,171.85500000000002,168,80,6,United Kingdom,1,0.6751776483947186,505.48307845050863,341.29087621153747,Medium,UK,Grow customer value
14553,4,959.33,239.8325,625,141,37,United Kingdom,1,0.8127548866634955,1040.2724643720312,845.4865288798454,High,UK,Protect loyalty
14555,4,1991.49,497.8725,720,83,7,United Kingdom,1,0.8447306984741285,2093.72478348344,1768.63359876456,Very High,UK,Protect loyalty
14556,3,815.69,271.8966666666667,323,158,222,United Kingdom,1,0.5784675170046603,779.2729253550744,450.7840741991079,Medium,UK,Low-cost nurture
14558,3,655.5,218.5,162,13,280,United Kingdom,1,0.4353037553260467,819.7632965085947,356.8460414486508,Medium,UK,Low-cost nurture
14559,1,75.6,75.6,72,2,16,United Kingdom,1,0.4210280879246174,246.41933450137827,103.749461232772,Low,UK,Low-cost nurture
14560,22,3876.26,176.19363636363636,3320,38,5,United Kingdom,1,0.9670400618862252,4569.57081277939,4418.958041583669,Very High,UK,Protect loyalty
14562,8,1631.38,203.9225,759,116,16,United Kingdom,1,0.9007073151194313,1709.1102490304786,1539.408103647345,High,UK,Protect loyalty
14563,2,640.54,320.27,279,95,135,United Kingdom,1,0.5825697848990485,759.7571238942515,442.6115442425939,Medium,UK,Low-cost nurture
14564,2,2605.62,1302.81,1295,107,60,Channel Islands,0,0.7742159593057135,3366.8909843470774,2606.700733324031,Very High,Non-UK,Protect loyalty
14565,1,760.1,760.1,400,33,99,United Kingdom,1,0.5218130362855185,1222.7335907494264,638.0383275572527,High,UK,Win back now
14566,3,2660.0,886.6666666666666,1600,8,43,Channel Islands,0,0.8069331925813007,4454.528584136729,3594.5069718421114,Very High,Non-UK,Protect loyalty
14568,1,919.7,919.7,645,47,61,Channel Islands,0,0.622923268860969,1822.677930564384,1135.3884945879124,High,Non-UK,Win back now
14569,3,369.94,123.31333333333336,178,21,78,United Kingdom,1,0.6470635272920257,565.5973711995396,365.9774300354712,Medium,UK,Low-cost nurture
14570,1,395.69,395.69,336,37,69,United Kingdom,1,0.5265645188924448,712.9431687330344,375.4105766415654,Medium,UK,Low-cost nurture
14571,1,160.0,160.0,56,30,51,United Kingdom,1,0.4450720653316873,336.875692952498,149.93396042241162,Low,UK,Low-cost nurture
14572,4,2722.34,680.585,1458,188,43,United Kingdom,1,0.8510548777006514,2429.4078404014767,2067.5593924978825,Very High,UK,Protect loyalty
14573,4,523.3,130.825,149,77,170,United Kingdom,1,0.6292005216192118,592.345415588113,372.7040444667895,Medium,UK,Low-cost nurture
14574,1,143.70000000000002,143.70000000000002,63,11,358,United Kingdom,1,0.1586142529834764,271.6483945380032,43.08730717380605,Low,UK,Low-cost nurture
14575,1,420.22,420.22,163,71,114,United Kingdom,1,0.4647803438050696,662.0922498060481,307.7274634955271,Medium,UK,Low-cost nurture
14577,3,504.44,168.14666666666668,216,48,20,United Kingdom,1,0.7314258318590584,698.7932553992663,511.1154381279078,Medium,UK,Grow customer value
14579,1,105.56,105.56,56,24,58,United Kingdom,1,0.4179994787226267,242.9764764494049,101.56404049771186,Low,UK,Low-cost nurture
14580,1,14.85,14.85,3,1,144,United Kingdom,1,0.1708605800690465,58.654809598742304,10.021794791880591,Low,UK,Low-cost nurture
14581,1,271.05,271.05,87,43,170,United Kingdom,1,0.3576910883259681,460.6188011622287,164.7592402911203,Low,UK,Low-cost nurture
14583,3,673.33,224.44333333333336,320,149,9,United Kingdom,1,0.7749390368568959,789.9508635703446,612.163761379476,Medium,UK,Grow customer value
14584,4,705.1,176.275,579,79,47,United Kingdom,1,0.7894729125494058,853.7975769890193,674.0500598331465,High,UK,Grow customer value
14585,4,986.22,246.555,539,64,8,United Kingdom,1,0.8207663392412425,1192.7131972825266,978.9388446982972,High,UK,Protect loyalty
14588,1,135.39,135.39,62,16,204,United Kingdom,1,0.2762837314010802,279.72007884536106,77.28210713120072,Low,UK,Low-cost nurture
14590,20,2993.37,149.6685,901,124,50,United Kingdom,1,0.9505326374142302,2989.763993952801,2841.8682544180588,Very High,UK,Protect loyalty
14593,9,3048.38,338.7088888888889,1518,324,23,United Kingdom,1,0.9271461485196584,2584.829395555083,2396.514618669292,Very High,UK,Protect loyalty
14595,2,423.85,211.925,250,28,79,United Kingdom,1,0.6022739854188798,647.5037019588383,389.9746351522281,Medium,UK,Low-cost nurture
14596,1,222.22,222.22,75,50,252,United Kingdom,1,0.2703493741642357,358.43229038464125,96.90194538574136,Low,UK,Low-cost nurture
14597,4,1318.39,329.5975,870,41,5,United Kingdom,1,0.8340462581736084,1618.8584182260508,1350.2028062342845,High,UK,Protect loyalty
14598,1,162.07,162.07,165,40,195,United Kingdom,1,0.3341746628283926,299.589332635182,100.11516422034512,Low,UK,Low-cost nurture
14599,2,457.89,228.945,292,77,16,United Kingdom,1,0.6913781677682382,646.351503257,446.8733180560711,Medium,UK,Grow customer value
14600,1,471.84,471.84,362,29,19,United Kingdom,1,0.5865814853548841,884.9622514074083,519.10247191356,Medium,UK,Low-cost nurture
14602,1,205.36,205.36,80,31,282,United Kingdom,1,0.2376593484895325,346.94061200233045,82.45367981303355,Low,UK,Low-cost nurture
14604,1,143.86,143.86,88,20,259,United Kingdom,1,0.2432995515263078,276.4137294990448,67.25133642283176,Low,UK,Low-cost nurture
14605,4,921.56,230.39,416,88,0,United Kingdom,1,0.822571960056433,1087.3799317283144,894.4482417677899,High,UK,Protect loyalty
14606,99,17875.22,180.5577777777778,9030,1070,1,United Kingdom,1,0.995364655320437,13955.134313780074,13890.447456186108,Very High,UK,Protect loyalty
14607,8,7553.63,944.20375,3809,76,93,United Kingdom,1,0.9082700057645968,6266.461407684264,5691.6389388810085,Very High,UK,Protect loyalty
14608,7,1567.79,223.97,490,10,5,United Kingdom,1,0.8694875783532285,2181.516251662465,1896.801282796209,Very High,UK,Protect loyalty
14609,6,884.64,147.44,5694,6,16,United Kingdom,1,0.8758175915847535,1470.6818570955563,1288.0490420688227,High,UK,Protect loyalty
14610,2,24.35,12.175,15,10,21,United Kingdom,1,0.4435523699271537,69.54827416257552,30.848301829153808,Low,UK,Low-cost nurture
14611,2,604.33,302.165,582,37,69,United Kingdom,1,0.6581880472831656,862.4561643932602,567.6583387093289,Medium,UK,Low-cost nurture
14612,1,877.7,877.7,134,14,41,United Kingdom,1,0.5375502546538395,1562.026692598115,839.6678463822115,High,UK,Win back now
14613,1,76.32000000000001,76.32000000000001,72,1,306,United Kingdom,1,0.1613811363635,207.55494282613896,33.49545253114358,Low,UK,Low-cost nurture
14614,1,295.13,295.13,189,19,12,United Kingdom,1,0.546454429646692,623.6681450819392,340.80622050956146,Medium,UK,Low-cost nurture
14615,5,951.76,190.352,495,40,20,United Kingdom,1,0.8301104542422144,1205.8357041018255,1000.9768240734468,High,UK,Protect loyalty
14616,2,121.7,60.85,66,2,11,United Kingdom,1,0.5419566436686309,310.1268498044441,168.07530663154213,Low,UK,Low-cost nurture
14617,2,190.47,95.235,81,7,28,United Kingdom,1,0.5655105785988754,395.8729897934059,223.87036350973568,Low,UK,Low-cost nurture
14618,4,788.88,197.22,440,33,2,United Kingdom,1,0.8078519098759631,1070.9276194272024,865.150922693184,High,UK,Protect loyalty
14619,1,896.8,896.8,442,40,167,United Kingdom,1,0.4591166413584582,1304.271399996586,598.8127045863267,Medium,UK,Win back now
14621,4,1212.21,303.0525,713,63,137,United Kingdom,1,0.733719063622173,1289.4408523436882,946.0873347777876,High,UK,Protect loyalty
14623,5,1130.28,226.056,607,110,6,United Kingdom,1,0.8557370775328977,1253.61379753758,1072.7638074597264,High,UK,Protect loyalty
14624,4,588.22,147.055,483,30,41,United Kingdom,1,0.7725857404313997,823.5194376072018,636.2393744634098,Medium,UK,Grow customer value
14625,9,3598.25,399.80555555555554,1820,141,0,United Kingdom,1,0.933083419925016,3348.4033701461058,3124.3396679043776,Very High,UK,Protect loyalty
14626,7,2619.65,374.2357142857143,1732,89,21,United Kingdom,1,0.9041181098834098,2629.935084063712,2377.771937319749,Very High,UK,Protect loyalty
14627,1,462.75,462.75,284,29,5,United Kingdom,1,0.5926453167377749,876.5800002249352,519.5010318793055,Medium,UK,Low-cost nurture
14628,3,1326.04,442.0133333333333,875,52,68,United Kingdom,1,0.757673505000281,1531.8980815778175,1160.6785887722713,High,UK,Protect loyalty
14630,1,338.65,338.65,111,21,110,United Kingdom,1,0.4253569612184912,634.7243116368745,269.9844044093596,Medium,UK,Low-cost nurture
14631,3,1018.71,339.57,785,39,12,United Kingdom,1,0.7881781755609307,1325.3212396954077,1044.5892767352775,High,UK,Protect loyalty
14634,4,2124.46,531.115,1906,105,63,United Kingdom,1,0.8334193027393955,2092.2544270928875,1743.7252257811676,Very High,UK,Protect loyalty
14635,1,215.22,215.22,118,15,79,United Kingdom,1,0.43882726025898,462.92270505183416,203.1431023695723,Low,UK,Low-cost nurture
14637,1,106.68,106.68,100,7,303,United Kingdom,1,0.1927595590662424,234.1082149538,45.1265962882796,Low,UK,Low-cost nurture
14639,3,1994.47,664.8233333333334,979,97,34,United Kingdom,1,0.804905214755028,2061.0315385451486,1658.9350331495684,Very High,UK,Protect loyalty
14640,4,1541.98,385.495,765,91,35,United Kingdom,1,0.8242032707822557,1637.505608653929,1349.637478576857,High,UK,Protect loyalty
14643,3,986.08,328.6933333333333,562,28,243,United Kingdom,1,0.5501091741287213,1111.799789953638,611.6112642478815,Medium,UK,Win back now
14644,5,1416.96,283.392,512,29,40,United Kingdom,1,0.8232272039818666,1718.9615822150834,1415.0959370791686,High,UK,Protect loyalty
14645,1,279.8,279.8,206,18,260,United Kingdom,1,0.2839320453034866,494.7211523025095,140.46718862814922,Low,UK,Low-cost nurture
14646,78,248396.5,3184.5705128205127,170278,606,0,Netherlands,0,0.9976664982295398,174672.78253066464,174265.18328337814,Very High,Non-UK,Protect loyalty
14647,1,270.0,270.0,84,18,149,United Kingdom,1,0.3633847214672024,515.8346819922231,187.4464422388669,Low,UK,Low-cost nurture
14648,15,4466.65,297.77666666666664,3265,286,42,United Kingdom,1,0.9548151433625716,3766.011295562103,3595.844615077193,Very High,UK,Protect loyalty
14649,5,2248.6,449.72,1411,270,8,United Kingdom,1,0.8874408660042897,2028.5015407843955,1800.17516404474,Very High,UK,Protect loyalty
14650,1,62.5,62.5,22,4,215,United Kingdom,1,0.203240193299473,165.8124238404326,33.69974907278368,Low,UK,Low-cost nurture
14651,7,1371.77,195.96714285714285,537,146,20,United Kingdom,1,0.8827970495203483,1416.699831389481,1250.6584312066088,High,UK,Protect loyalty
14653,5,1666.41,333.282,1024,132,139,United Kingdom,1,0.7911585777339168,1542.772471310293,1220.5776741688917,High,UK,Protect loyalty
14654,1,246.86,246.86,273,27,364,United Kingdom,1,0.2074414722262223,393.8489748506177,81.70061117780052,Low,UK,Low-cost nurture
14655,3,1946.28,648.76,1252,48,14,United Kingdom,1,0.8154411765025857,2237.98181542429,1824.942524560976,Very High,UK,Protect loyalty
14656,3,498.95,166.3166666666667,189,95,41,United Kingdom,1,0.7187222522077379,626.9868677125133,450.6294136670126,Medium,UK,Grow customer value
14657,2,601.97,300.985,413,66,55,United Kingdom,1,0.6707004173694046,807.2752040988499,541.4398163210699,Medium,UK,Low-cost nurture
14662,3,635.06,211.68666666666664,329,70,53,United Kingdom,1,0.7265839615701819,795.1906364881198,577.7727628630525,Medium,UK,Grow customer value
14663,2,490.6,245.3,397,60,56,United Kingdom,1,0.6599403330638058,687.0373524299221,453.4036591898781,Medium,UK,Low-cost nurture
14665,2,913.95,456.975,404,40,53,United Kingdom,1,0.6776908798704403,1215.533726617428,823.7561207035601,High,UK,Protect loyalty
14667,29,11220.3,386.9068965517241,6620,362,6,United Kingdom,1,0.9828528925713604,8905.556481554719,8752.851947853682,Very High,UK,Protect loyalty
14668,1,111.63,111.63,49,10,71,United Kingdom,1,0.386481651759282,277.4296805521336,107.22148118683856,Low,UK,Low-cost nurture
14669,4,1957.54,489.385,1273,203,259,United Kingdom,1,0.6705883472627965,1538.511742066222,1031.7080463565935,High,UK,Win back now
14670,1,190.47,190.47,97,56,358,United Kingdom,1,0.1905660386801357,287.31157206667086,54.751828155707805,Low,UK,Low-cost nurture
14671,2,1127.45,563.725,571,48,175,United Kingdom,1,0.5723134901387219,1296.8482004929772,742.2037198042567,High,UK,Win back now
14672,2,347.59,173.79500000000002,192,38,141,United Kingdom,1,0.5229103611844247,502.0837946475816,262.5448184040134,Medium,UK,Low-cost nurture
14673,2,1300.92,650.46,818,62,6,United Kingdom,1,0.757916623606772,1629.7425681421296,1235.2089845945125,High,UK,Protect loyalty
14674,1,173.66,173.66,103,14,135,United Kingdom,1,0.3650234612631026,372.2861518500424,135.8931797286235,Low,UK,Low-cost nurture
14675,1,419.22,419.22,324,114,14,United Kingdom,1,0.6084205119470948,683.8405082376828,416.0625921121325,Medium,UK,Low-cost nurture
14676,6,5808.55,968.0916666666668,6292,63,20,United Kingdom,1,0.9171526646332986,5433.173687709891,4983.049725098652,Very High,UK,Protect loyalty
14677,1,184.91,184.91,139,14,218,United Kingdom,1,0.2945219709931266,369.48053405284753,108.82013513283768,Low,UK,Low-cost nurture
14678,1,403.39,403.39,179,24,205,United Kingdom,1,0.3492536010439522,677.2474336029317,236.5311049835988,Low,UK,Low-cost nurture
14679,3,1289.44,429.8133333333333,794,49,7,United Kingdom,1,0.8007194058333909,1578.051732712369,1263.5766457918007,High,UK,Protect loyalty
14680,42,26934.39,641.295,13418,205,5,United Kingdom,1,0.9897909110865906,21126.331027640117,20910.650435764812,Very High,UK,Protect loyalty
14681,3,376.2000000000001,125.40000000000002,96,13,13,United Kingdom,1,0.6851838243243623,630.368797199575,431.9185031999532,Medium,UK,Grow customer value
14682,4,1462.81,365.7025,869,78,54,United Kingdom,1,0.8113196668453431,1575.6022094568525,1278.3170596573198,High,UK,Protect loyalty
14683,1,146.56,146.56,386,21,214,United Kingdom,1,0.3283923731919414,296.7458170199751,97.44906308597125,Low,UK,Low-cost nurture
14684,1,228.52,228.52,184,94,16,United Kingdom,1,0.5608045544361928,416.3188499627875,233.47350715676924,Low,UK,Low-cost nurture
14685,8,4536.64,567.08,1969,109,202,United Kingdom,1,0.8401015061535174,3557.086548036596,2988.313766523961,Very High,UK,Protect loyalty
14686,5,852.53,170.50600000000003,457,185,40,United Kingdom,1,0.8297089257881716,902.426566832286,748.7513773691237,High,UK,Grow customer value
14687,2,773.6800000000001,386.84,380,23,26,United Kingdom,1,0.6877068371798265,1150.2104822311426,791.0076128262621,High,UK,Protect loyalty
14688,7,1611.32,230.1885714285714,1457,90,22,United Kingdom,1,0.8948681586326273,1743.337208997286,1560.056958091145,High,UK,Protect loyalty
14690,2,422.63,211.315,174,43,18,United Kingdom,1,0.661024053034325,640.5884383184431,423.4443658241859,Medium,UK,Low-cost nurture
14692,8,1123.59,140.44875000000002,625,60,6,United Kingdom,1,0.8924222418111643,1360.0152588112142,1213.7078661656944,High,UK,Protect loyalty
14693,6,992.46,165.41,354,39,51,United Kingdom,1,0.8246138946099631,1218.1361233132109,1004.4919728103893,High,UK,Protect loyalty
14694,1,244.31,244.31,193,15,243,United Kingdom,1,0.2907524140056857,456.3805504891086,132.69374675995203,Low,UK,Low-cost nurture
14695,3,1534.22,511.4066666666666,661,76,145,United Kingdom,1,0.6910664874052529,1550.5636844374849,1071.5425989023595,High,UK,Protect loyalty
14696,1,394.33,394.33,237,24,47,United Kingdom,1,0.5306231434837633,755.846166742558,401.0694689870888,Medium,UK,Low-cost nurture
14699,3,593.47,197.82333333333327,407,40,61,United Kingdom,1,0.7150253495776172,800.4426474816121,572.336783832373,Medium,UK,Grow customer value
14700,2,880.96,440.48,292,45,41,United Kingdom,1,0.6799720948302748,1166.988661329436,793.5197246873547,High,UK,Protect loyalty
14701,6,1961.02,326.83666666666664,823,230,68,United Kingdom,1,0.8617233932043636,1746.3065044003922,1504.833166546757,High,UK,Protect loyalty
14702,12,3116.99,259.74916666666667,1439,194,5,United Kingdom,1,0.9439371097019548,2900.610280686246,2737.993684722751,Very High,UK,Protect loyalty
14704,2,258.96,129.48,121,53,50,United Kingdom,1,0.602009792263611,402.48880339874455,242.30220092250755,Low,UK,Low-cost nurture
14706,1,367.54,367.54,246,25,244,United Kingdom,1,0.3180380305391084,608.1007431981044,193.39916273609327,Low,UK,Low-cost nurture
14707,2,139.2,69.6,96,1,61,United Kingdom,1,0.4966908439249315,352.12153319910817,174.89554148880583,Low,UK,Low-cost nurture
14708,2,666.85,333.425,538,9,49,United Kingdom,1,0.6563365274807546,1114.498141677521,731.4858401923782,High,UK,Win back now
14709,12,3965.29,330.44083333333333,1657,60,5,United Kingdom,1,0.9422456750705348,4085.352013362847,3849.405265731844,Very High,UK,Protect loyalty
14710,9,1300.31,144.4788888888889,760,203,5,United Kingdom,1,0.9137196235868535,1344.9897452670546,1228.943523773591,High,UK,Protect loyalty
14712,1,411.0,411.0,96,7,44,United Kingdom,1,0.4816978804341767,884.9923787514821,426.29895304498905,Medium,UK,Low-cost nurture
14713,10,2453.56,245.356,1716,143,5,United Kingdom,1,0.933090689648631,2433.497893374586,2270.674227587383,Very High,UK,Protect loyalty
14714,3,746.05,248.6833333333333,413,59,33,United Kingdom,1,0.7523645008986055,946.6290315582528,712.2100788644551,High,UK,Grow customer value
14715,4,958.07,239.5175,509,57,68,United Kingdom,1,0.7740459288353359,1124.8324108765778,870.6719482610508,High,UK,Protect loyalty
14716,1,235.77,235.77,148,44,70,United Kingdom,1,0.4797997297426863,446.2682695462815,214.11939512104212,Low,UK,Low-cost nurture
14717,1,81.3,81.3,32,11,359,United Kingdom,1,0.1354190491433821,166.83975572457277,22.593281079535792,Low,UK,Low-cost nurture
14718,1,226.42,226.42,202,11,36,United Kingdom,1,0.5023363355036391,521.9051299839728,262.17191047669934,Medium,UK,Low-cost nurture
14721,1,109.07,109.07,57,24,5,United Kingdom,1,0.4785170870678769,260.40019916966395,124.60594477856256,Low,UK,Low-cost nurture
14722,2,309.1,154.55,96,53,103,United Kingdom,1,0.5424395135134421,445.7121455712236,241.77187941068703,Low,UK,Low-cost nurture
14723,5,680.7,136.14,495,123,11,United Kingdom,1,0.840225224110217,804.4310683633925,675.9032746968528,High,UK,Grow customer value
14724,1,341.9,341.9,184,40,216,United Kingdom,1,0.3418395389138548,551.261269034564,188.4428980278418,Low,UK,Low-cost nurture
14725,3,597.16,199.05333333333337,747,41,20,United Kingdom,1,0.7673774174750503,837.2887209687423,642.5164563779814,High,UK,Grow customer value
14726,1,116.5,116.5,82,15,280,United Kingdom,1,0.2156329275315663,235.2600929612995,50.72982257659346,Low,UK,Low-cost nurture
14727,2,195.15,97.575,396,33,172,United Kingdom,1,0.4895875183290873,311.75428503940026,152.6310067408989,Low,UK,Low-cost nurture
14728,1,190.58,190.58,68,14,39,United Kingdom,1,0.4580537756522139,430.7732635091922,197.31731980041152,Low,UK,Low-cost nurture
14729,2,272.75,136.375,175,59,251,United Kingdom,1,0.3968353742028804,356.6717845322104,141.53998108244883,Low,UK,Low-cost nurture
14732,11,2814.58,255.8709090909091,868,82,18,United Kingdom,1,0.9267909837815912,2873.0010392889667,2662.671459608155,Very High,UK,Protect loyalty
14733,3,4749.24,1583.08,2035,87,1,United Kingdom,1,0.8573871840856943,4487.147237303958,3847.222534369943,Very High,UK,Protect loyalty
14734,4,1056.42,264.105,378,48,51,United Kingdom,1,0.7802099223419565,1255.5841350626306,979.6192005110076,High,UK,Protect loyalty
14735,24,6174.47,257.26958333333334,2249,122,14,United Kingdom,1,0.9711793535989758,5856.471288980819,5687.684000803352,Very High,UK,Protect loyalty
14736,2,374.05,187.025,148,70,111,United Kingdom,1,0.5611232197466451,506.3933197740088,284.1490500497843,Medium,UK,Low-cost nurture
14737,1,2389.62,2389.62,726,28,26,United Kingdom,1,0.6596344355379232,3480.872555467871,2296.103403305497,Very High,UK,Win back now
14738,2,507.45,253.725,156,23,187,United Kingdom,1,0.4691207894879246,701.5557543988882,329.114389373403,Medium,UK,Low-cost nurture
14739,18,7671.34,426.18555555555554,5876,109,30,United Kingdom,1,0.96630960428122,6903.5077285793695,6670.925821355875,Very High,UK,Protect loyalty
14740,8,2712.85,339.10625000000005,1346,116,35,United Kingdom,1,0.90716756308323,2600.722970552716,2359.291519450885,Very High,UK,Protect loyalty
14741,1,312.75,312.75,165,17,43,United Kingdom,1,0.5071869188580657,645.5265750022137,327.4026346163728,Medium,UK,Low-cost nurture
14742,1,579.85,579.85,374,34,61,United Kingdom,1,0.5521104307438804,999.5601776375132,551.8676002298771,Medium,UK,Win back now
14743,1,50.48,50.48,40,3,218,United Kingdom,1,0.2066238325761612,143.80630113531865,29.71380908918111,Low,UK,Low-cost nurture
14744,7,2560.1,365.7285714285714,1772,45,14,United Kingdom,1,0.9023800927386616,2811.934000461091,2537.433264111075,Very High,UK,Protect loyalty
14745,7,1331.15,190.1642857142857,931,39,127,United Kingdom,1,0.819784457647761,1498.7286108139729,1228.634421377315,High,UK,Protect loyalty
14746,4,593.5,148.375,398,7,32,United Kingdom,1,0.7565584241472849,979.2820385009138,740.8840758439922,High,UK,Protect loyalty
14748,5,1266.15,253.23,1199,48,63,United Kingdom,1,0.8288565927822257,1470.7737436203229,1219.0605138906994,High,UK,Protect loyalty
14749,1,310.15,310.15,403,18,105,United Kingdom,1,0.4703934127488291,616.1277304658188,289.8224258230072,Medium,UK,Low-cost nurture
14750,1,112.03,112.03,65,32,362,United Kingdom,1,0.1621064320163409,194.9140841158245,31.596826725749256,Low,UK,Low-cost nurture
14751,2,126.45,63.225,65,7,310,United Kingdom,1,0.2508866960839155,224.88765279994865,56.42132020104584,Low,UK,Low-cost nurture
14753,1,306.36,306.36,201,18,86,United Kingdom,1,0.4663445679540506,611.5531655786457,285.1944967827055,Medium,UK,Low-cost nurture
14754,4,909.88,227.47,524,82,51,United Kingdom,1,0.7910200478208218,1046.5380618679849,827.8325877451234,High,UK,Protect loyalty
14755,14,4962.27,354.4478571428572,2182,144,7,United Kingdom,1,0.9549744997791852,4522.274042964441,4318.6563920443605,Very High,UK,Protect loyalty
14756,2,1914.8,957.4,1007,68,8,United Kingdom,1,0.7734235539729071,2232.815132149505,1726.9118148715563,Very High,UK,Protect loyalty
14758,3,1380.91,460.3033333333333,421,52,22,United Kingdom,1,0.7768519099352936,1622.1944525832605,1260.2048587757438,High,UK,Protect loyalty
14761,1,192.02,192.02,88,13,70,United Kingdom,1,0.4317551372349203,428.4750616655881,184.99630905116692,Low,UK,Low-cost nurture
14762,1,117.05,117.05,87,9,252,United Kingdom,1,0.232826711891479,255.71824147322576,59.5380373328824,Low,UK,Low-cost nurture
14766,5,3902.36,780.472,2650,162,5,United Kingdom,1,0.9014896222107728,3465.1158363658824,3123.7659662420447,Very High,UK,Protect loyalty
14767,1,382.81,382.81,117,18,100,United Kingdom,1,0.4400173707700959,722.0361933744472,317.7084674094728,Medium,UK,Low-cost nurture
14769,9,5097.13,566.3477777777778,3819,252,16,United Kingdom,1,0.940844781974918,4183.11070653687,3935.6578806686266,Very High,UK,Protect loyalty
14770,6,2761.2200000000003,460.2033333333333,1108,119,93,United Kingdom,1,0.853520380259444,2478.273210107809,2115.2566926780105,Very High,UK,Protect loyalty
14771,2,594.62,297.31,622,46,247,United Kingdom,1,0.4701688317204108,722.2211580963851,339.5658781459395,Medium,UK,Low-cost nurture
14773,1,140.55,140.55,53,10,218,United Kingdom,1,0.2543872480671832,299.9251563091408,76.2971351396021,Low,UK,Low-cost nurture
14774,1,241.45,241.45,99,13,154,United Kingdom,1,0.354367081193902,486.77160749160896,172.4958337548652,Low,UK,Low-cost nurture
14776,4,1170.0,292.5,1524,45,13,United Kingdom,1,0.8386138808333224,1454.2796789757012,1219.579125402851,High,UK,Protect loyalty
14777,1,307.56,307.56,212,16,29,United Kingdom,1,0.5300743645300736,650.8224452564275,344.98429409120945,Medium,UK,Low-cost nurture
14783,1,307.3,307.3,262,17,285,United Kingdom,1,0.2703901684090616,530.3118871075573,143.39112046433968,Low,UK,Low-cost nurture
14784,1,159.94,159.94,126,12,15,United Kingdom,1,0.49742706611931,389.8711995951432,193.93248697902803,Low,UK,Low-cost nurture
14786,1,90.96,90.96,112,7,176,United Kingdom,1,0.2951107264371306,226.9776716303212,66.98354555983258,Low,UK,Low-cost nurture
14787,1,110.65,110.65,59,14,97,United Kingdom,1,0.3704648534829609,260.7975784491456,96.61633668887372,Low,UK,Low-cost nurture
14788,1,476.88,476.88,298,28,222,United Kingdom,1,0.356866630093453,761.9610318698705,271.9184657059308,Medium,UK,Low-cost nurture
14790,6,1781.56,296.9266666666667,1943,52,0,United Kingdom,1,0.893903203094257,2057.690671681447,1839.3762823932184,Very High,UK,Protect loyalty
14791,1,303.63,303.63,127,19,232,United Kingdom,1,0.2989489125591543,533.7056221893617,159.55071538021656,Low,UK,Low-cost nurture
14793,1,396.91,396.91,270,25,161,United Kingdom,1,0.4095636352481073,693.2785003464234,283.94166284123736,Medium,UK,Low-cost nurture
14794,3,633.99,211.33,110,23,28,United Kingdom,1,0.7005995854049769,904.7052071587084,633.8360930491149,Medium,UK,Grow customer value
14796,10,2193.84,219.384,1193,181,5,United Kingdom,1,0.9298090886951692,2141.7117793870475,1991.38307783958,Very High,UK,Protect loyalty
14797,1,300.31,300.31,99,16,133,United Kingdom,1,0.3874608649088714,580.2745360142912,224.83367360869136,Low,UK,Low-cost nurture
14798,5,550.5699999999999,110.114,451,22,7,United Kingdom,1,0.8181725498332132,826.1021621334612,675.8941124154644,High,UK,Grow customer value
14799,1,180.45,180.45,349,10,363,United Kingdom,1,0.1947907003551233,340.6776067476382,66.36082961367974,Low,UK,Low-cost nurture
14800,5,2859.54,571.908,2857,153,9,United Kingdom,1,0.8961541490333895,2684.429006572185,2405.6621920252437,Very High,UK,Protect loyalty
14802,2,1502.98,751.49,2,1,64,United Kingdom,1,0.4588351937547394,2408.0501836069216,1104.8981725664178,High,UK,Win back now
14805,3,536.15,178.71666666666667,302,72,30,United Kingdom,1,0.7397336988324076,699.5756146886322,517.499657066577,Medium,UK,Grow customer value
14806,1,110.04,110.04,93,9,65,United Kingdom,1,0.4124244234189018,281.682171344079,116.1726071039661,Low,UK,Low-cost nurture
14807,2,504.14,252.07,234,37,16,United Kingdom,1,0.675854691280642,760.5160852364063,513.9983640014138,Medium,UK,Grow customer value
14809,2,686.76,343.38,232,18,247,United Kingdom,1,0.4236571352112074,892.5619394279324,378.1402342565971,Medium,UK,Low-cost nurture
14810,2,268.7,134.35,147,39,44,United Kingdom,1,0.610941257480663,433.757371081728,265.00027373017747,Medium,UK,Low-cost nurture
14811,1,170.5,170.5,74,28,13,United Kingdom,1,0.4984216064267721,370.7179151436204,184.77381879706704,Low,UK,Low-cost nurture
14812,1,178.85,178.85,135,36,224,United Kingdom,1,0.3013368567474007,320.79202812154455,96.66646142377,Low,UK,Low-cost nurture
14813,2,736.03,368.015,326,97,11,United Kingdom,1,0.7179159359638816,940.8050690983962,675.4189517413394,High,UK,Grow customer value
14814,1,154.21,154.21,93,28,207,United Kingdom,1,0.2976131756815136,293.84419266401324,87.45190333430749,Low,UK,Low-cost nurture
14817,5,2849.52,569.904,1807,107,21,United Kingdom,1,0.88164597811315,2744.4679960680137,2419.6491707936207,Very High,UK,Protect loyalty
14818,3,495.76,165.25333333333336,219,52,84,United Kingdom,1,0.6726669460219207,649.0490679234866,436.5938543384659,Medium,UK,Low-cost nurture
14819,2,184.34,92.17,61,40,120,United Kingdom,1,0.4825844567743121,293.1907862694449,141.48931632307352,Low,UK,Low-cost nurture
14820,5,767.47,153.494,471,31,6,United Kingdom,1,0.8306774064330318,1048.6274625271571,871.0711408865101,High,UK,Protect loyalty
14821,6,1181.35,196.89166666666665,439,65,4,United Kingdom,1,0.8646040061840116,1381.6916816345029,1194.6161632523151,High,UK,Protect loyalty
14822,1,157.7,157.7,94,9,111,United Kingdom,1,0.376500479825762,366.87290296221806,138.12782400034536,Low,UK,Low-cost nurture
14824,6,2895.2000000000003,482.5333333333333,1429,76,5,United Kingdom,1,0.8972413585870447,2926.0105446450243,2625.33767631732,Very High,UK,Protect loyalty
14825,12,2514.07,209.50583333333336,1785,124,8,United Kingdom,1,0.9412833314398038,2560.124676676587,2409.8026845633885,Very High,UK,Protect loyalty
14826,2,385.2,192.6,152,10,207,United Kingdom,1,0.421113631350905,602.0044437822827,253.51227741053884,Medium,UK,Low-cost nurture
14828,10,7699.7,769.97,7546,65,14,United Kingdom,1,0.9489256422846366,7082.232946623295,6720.512447683925,Very High,UK,Protect loyalty
14829,3,758.32,252.7733333333333,505,45,13,United Kingdom,1,0.7706552615255867,1009.7991782393044,778.2070497943338,High,UK,Protect loyalty
14831,3,1676.57,558.8566666666667,885,67,306,United Kingdom,1,0.5322718555617325,1501.71797210987,799.3222115453226,High,UK,Win back now
14832,1,322.69,322.69,1,1,256,United Kingdom,1,0.1514514889112279,675.3222841915849,102.27856543574696,Low,UK,Low-cost nurture
14833,1,94.8,94.8,58,7,124,United Kingdom,1,0.3263527020278115,241.9763126495349,78.96962345990222,Low,UK,Low-cost nurture
14834,1,485.86,485.86,138,20,33,United Kingdom,1,0.5315830114268455,920.6181706560676,489.3849795316259,Medium,UK,Low-cost nurture
14835,2,297.0,148.5,180,1,154,United Kingdom,1,0.4438400936026872,621.3602921820659,275.7846102430812,Medium,UK,Low-cost nurture
14837,5,1810.82,362.164,1594,91,68,United Kingdom,1,0.8453155489003705,1841.3449788153728,1556.517541482258,High,UK,Protect loyalty
14838,2,769.9200000000001,384.96,361,69,49,United Kingdom,1,0.6812771782165584,988.934569528252,673.7385529690143,High,UK,Protect loyalty
14839,3,915.28,305.0933333333333,927,61,44,United Kingdom,1,0.7705567330318108,1124.6994302247388,866.6447185967138,High,UK,Protect loyalty
14840,1,299.86,299.86,148,18,165,United Kingdom,1,0.3691351705520301,561.5850499185519,207.30079318115503,Low,UK,Low-cost nurture
14841,8,3867.24,483.405,2386,129,0,United Kingdom,1,0.9295983549793476,3585.999337838776,3333.539085411955,Very High,UK,Protect loyalty
14843,1,211.8,211.8,132,9,62,United Kingdom,1,0.452169998008863,490.6610063353739,221.8621862576927,Low,UK,Low-cost nurture
14844,6,3512.62,585.4366666666667,2536,98,56,United Kingdom,1,0.8878699445631849,3239.230053439901,2876.0150079750874,Very High,UK,Protect loyalty
14845,1,150.0,150.0,600,1,225,United Kingdom,1,0.2930879470926217,402.9177814052893,118.09034539918991,Low,UK,Low-cost nurture
14846,1,437.4,437.4,193,12,53,United Kingdom,1,0.5080852150286737,884.1223445903584,449.20949156284735,Medium,UK,Low-cost nurture
14847,2,1039.55,519.775,413,47,33,United Kingdom,1,0.7042308076685455,1350.072842353714,950.7628881821248,High,UK,Protect loyalty
14848,1,310.56,310.56,260,11,30,United Kingdom,1,0.5299965762909359,685.9521740563412,363.55230374918494,Medium,UK,Low-cost nurture
14849,18,7477.07,415.3927777777778,6144,178,7,United Kingdom,1,0.9706569160617629,6495.896131242811,6305.286505809682,Very High,UK,Protect loyalty
14850,6,1445.21,240.8683333333333,1100,120,43,United Kingdom,1,0.8685019751680516,1498.5148949429731,1301.4631460767175,High,UK,Protect loyalty
14851,1,318.06,318.06,306,14,256,United Kingdom,1,0.2996258228552761,572.2370152053413,171.4569865491476,Low,UK,Low-cost nurture
14852,12,3295.74,274.645,2619,73,50,United Kingdom,1,0.9335551804454808,3328.4058961020205,3107.250566931325,Very High,UK,Protect loyalty
14853,3,901.07,300.3566666666667,263,19,49,United Kingdom,1,0.7150472107978222,1238.6051103550533,885.6611294393095,High,UK,Protect loyalty
14854,4,1563.03,390.7575,1167,75,16,United Kingdom,1,0.8426916307356606,1732.5586246680205,1460.0126527666273,High,UK,Protect loyalty
14855,5,5874.65,1174.93,3243,156,100,United Kingdom,1,0.8671848790805853,4566.823251800255,3960.280069394809,Very High,UK,Protect loyalty
14857,5,2478.731,495.7462,1617,125,68,United Kingdom,1,0.8547078722111482,2306.52485340792,1971.4049496584132,Very High,UK,Protect loyalty
14858,1,180.75,180.75,105,11,131,United Kingdom,1,0.3672828450549772,396.75132468193,145.7199553085103,Low,UK,Low-cost nurture
14859,1,351.9,351.9,217,8,180,United Kingdom,1,0.3586750344438204,698.5359260961364,250.54739735277772,Medium,UK,Low-cost nurture
14861,9,1254.94,139.4377777777778,959,58,6,United Kingdom,1,0.9079647465426696,1519.624342467897,1379.765330948935,High,UK,Protect loyalty
14865,2,40.32,20.16,96,2,0,United Kingdom,1,0.52584473837517,127.56401807381413,67.07886771011023,Low,UK,Low-cost nurture
14866,7,6356.64,908.0914285714284,2337,13,30,United Kingdom,1,0.9037568843903367,6884.669909331729,6222.067827313546,Very High,UK,Protect loyalty
14867,13,2241.78,172.4446153846154,668,53,21,United Kingdom,1,0.9283868065231224,2521.93018956314,2341.326714962776,Very High,UK,Protect loyalty
14868,4,1230.42,307.605,825,56,6,United Kingdom,1,0.8341333864833049,1470.7373655961526,1226.7911393922532,High,UK,Protect loyalty
14869,4,2056.69,514.1725,1581,136,14,United Kingdom,1,0.8602613051330248,2045.389918932761,1759.5698011670288,Very High,UK,Protect loyalty
14870,5,1511.7,302.34000000000003,364,34,39,United Kingdom,1,0.8198775758355383,1772.2086987908838,1452.9941718393236,High,UK,Protect loyalty
14871,5,726.89,145.378,267,73,119,United Kingdom,1,0.7423205592278329,821.5389685963629,609.8452665959092,Medium,UK,Grow customer value
14872,3,816.6,272.2,662,34,109,United Kingdom,1,0.692311652680384,1034.3230801642355,716.0739210339672,High,UK,Protect loyalty
14873,1,334.45,334.45,143,21,259,United Kingdom,1,0.2820036564778324,561.2696666771333,158.28009827304578,Low,UK,Low-cost nurture
14874,1,116.18,116.18,148,6,161,United Kingdom,1,0.3236417302583843,287.54833538228274,93.06264079604016,Low,UK,Low-cost nurture
14875,1,1397.08,1397.08,774,42,67,United Kingdom,1,0.6072058738144636,2053.3046710336957,1246.7786569823345,High,UK,Win back now
14876,2,256.7,128.35,162,12,147,United Kingdom,1,0.4777624112560802,441.3600842485534,210.8652580827756,Low,UK,Low-cost nurture
14877,2,425.85,212.925,168,57,44,United Kingdom,1,0.6384078755561942,610.7242324576591,389.89115979398144,Medium,UK,Low-cost nurture
14878,16,2600.41,162.525625,1617,122,2,United Kingdom,1,0.9542653475160436,2723.52897843304,2598.96932707442,Very High,UK,Protect loyalty
14879,1,185.06,185.06,104,27,310,United Kingdom,1,0.2176064187248697,317.5548419387275,69.10197190302857,Low,UK,Low-cost nurture
14882,12,2956.95,246.4125,1456,31,16,United Kingdom,1,0.9327972826101716,3416.399239214966,3186.8079266511786,Very High,UK,Protect loyalty
14884,1,120.6,120.6,72,8,295,United Kingdom,1,0.1953616118965154,255.84298152672693,49.981897263471794,Low,UK,Low-cost nurture
14885,2,832.8,416.4,584,16,53,United Kingdom,1,0.6714899518684431,1257.46272039803,844.3735815964347,High,UK,Win back now
14890,2,691.6,345.8,585,49,244,United Kingdom,1,0.4782191846146968,814.5136472795435,389.5160522595661,Medium,UK,Low-cost nurture
14891,2,552.35,276.175,283,29,42,United Kingdom,1,0.6550515283186965,830.087403274767,543.7500221532342,Medium,UK,Low-cost nurture
14892,1,202.35,202.35,79,13,316,United Kingdom,1,0.200228936648052,368.3262196022877,73.749567290563,Low,UK,Low-cost nurture
14893,1,571.76,571.76,248,33,243,United Kingdom,1,0.3385359812353578,853.3368712836088,288.88523504430674,Medium,UK,Low-cost nurture
14894,2,837.0600000000001,418.53,338,23,69,United Kingdom,1,0.6437851439818888,1185.388325383508,763.1353937314717,High,UK,Win back now
14895,18,13980.83,776.7127777777778,5863,265,9,United Kingdom,1,0.973621763667715,10433.438423344984,10158.222718855648,Very High,UK,Protect loyalty
14896,6,1357.23,226.205,652,132,139,United Kingdom,1,0.7989943620597079,1292.223842230647,1032.4795644614203,High,UK,Protect loyalty
14897,4,1774.16,443.54,694,61,35,United Kingdom,1,0.8208928340069549,1927.068057584849,1581.9163591151043,Very High,UK,Protect loyalty
14898,8,2096.64,262.08,1206,124,7,United Kingdom,1,0.913340544489082,2122.5717079388305,1938.630799445972,Very High,UK,Protect loyalty
14899,1,1331.38,1331.38,570,126,21,United Kingdom,1,0.6621691857595539,1786.6041774192292,1183.0342334363086,High,UK,Win back now
14900,1,13.919999999999998,13.919999999999998,48,1,148,United Kingdom,1,0.2232681668111426,58.04773384200983,12.960211122446658,Low,UK,Low-cost nurture
14901,3,497.71,165.90333333333334,219,35,32,United Kingdom,1,0.7159695098654285,710.4363883284365,508.6507927420759,Medium,UK,Grow customer value
14902,2,702.96,351.48,498,34,21,United Kingdom,1,0.7036505877666045,1023.50987097781,720.1933222984575,High,UK,Protect loyalty
14904,2,605.05,302.525,537,62,34,United Kingdom,1,0.6983013568238156,834.0830827011198,582.4413483539827,Medium,UK,Grow customer value
14905,6,1355.24,225.8733333333333,722,39,0,United Kingdom,1,0.8728226714206312,1664.608910677205,1452.908396287865,High,UK,Protect loyalty
14906,1,68.44,68.44,1,1,71,United Kingdom,1,0.2446016295297097,214.2206712238908,52.3987252603119,Low,UK,Low-cost nurture
14907,9,2046.62,227.40222222222224,892,70,5,United Kingdom,1,0.9146448609825492,2233.609712103294,2042.959644615989,Very High,UK,Protect loyalty
14908,1,104.1,104.1,50,5,89,United Kingdom,1,0.3551266969305181,277.62731082995543,98.59286987274432,Low,UK,Low-cost nurture
14909,3,1404.68,468.2266666666666,888,61,63,United Kingdom,1,0.765877254010829,1584.2760632723218,1213.361000934092,High,UK,Protect loyalty
14911,197,147709.64,749.7951269035534,67732,1716,1,EIRE,0,0.9988423656553976,113358.8842853572,113227.65614764266,Very High,Non-UK,Protect loyalty
14912,4,1021.4,255.35,848,28,27,Italy,0,0.8272140640278799,1712.1925090205075,1416.3497237849465,High,Non-UK,Protect loyalty
14913,4,2845.7000000000003,711.4250000000001,2212,124,14,United Kingdom,1,0.8707977238477701,2729.6105414033955,2376.938646444956,Very High,UK,Protect loyalty
14915,9,1503.77,167.08555555555554,595,56,1,United Kingdom,1,0.9061848759958042,1766.3185149826436,1600.61112446864,Very High,UK,Protect loyalty
14916,4,1773.97,443.4925,1279,52,57,United Kingdom,1,0.8175104315503519,1950.4306066138577,1594.4973669219094,Very High,UK,Protect loyalty
14917,2,1123.75,561.875,891,29,222,United Kingdom,1,0.5266291661556038,1332.1039623885645,701.5247989452656,High,UK,Win back now
14918,7,4345.66,620.8085714285714,1876,64,30,United Kingdom,1,0.9061184285846736,4151.9731749861,3762.179408844124,Very High,UK,Protect loyalty
14919,1,359.35,359.35,129,13,165,United Kingdom,1,0.3655482137829237,676.1354222590973,247.16009588217585,Low,UK,Low-cost nurture
14920,1,629.4,629.4,377,40,191,United Kingdom,1,0.4138779779564892,948.8442862949454,392.70575460732016,Medium,UK,Low-cost nurture
14922,2,843.74,421.87,376,49,19,United Kingdom,1,0.7085324106719516,1138.79109168912,806.8703974462358,High,UK,Protect loyalty
14924,2,620.96,310.48,248,20,236,United Kingdom,1,0.4361998437592396,818.6539165221672,357.09671047985887,Medium,UK,Low-cost nurture
14926,2,359.4,179.7,204,2,7,United Kingdom,1,0.6250505957229199,780.4988280194804,487.851257414617,Medium,UK,Low-cost nurture
14927,1,308.2,308.2,196,20,22,United Kingdom,1,0.5391675417060486,638.301612671233,344.1515113709551,Medium,UK,Low-cost nurture
14928,1,223.91000000000005,223.91000000000005,268,21,253,United Kingdom,1,0.2934753580017691,407.5217291679409,119.59758536106143,Low,UK,Low-cost nurture
14929,1,612.8100000000001,612.8100000000001,351,23,47,United Kingdom,1,0.5603416511681814,1106.135569152777,619.8138312349231,Medium,UK,Win back now
14930,3,2873.77,957.9233333333332,1033,129,96,Channel Islands,0,0.7932546807702701,3287.8668412774914,2608.1157615927327,Very High,Non-UK,Protect loyalty
14932,1,302.6,302.6,177,15,11,Channel Islands,0,0.5717435457634864,833.6362306250343,476.6261343744646,Medium,Non-UK,Low-cost nurture
14933,4,1770.0,442.5,600,1,69,Channel Islands,0,0.7699908021796792,3590.022540205317,2764.284335575822,Very High,Non-UK,Protect loyalty
14934,3,1612.56,537.52,1058,66,4,Channel Islands,0,0.8351191329955235,2359.216707950462,1970.2270116921432,Very High,Non-UK,Protect loyalty
14935,1,1065.12,1065.12,996,16,245,Channel Islands,0,0.4213553072383186,2035.465607777436,857.6542365380925,High,Non-UK,Win back now
14936,4,4273.79,1068.4475,2189,129,16,Channel Islands,0,0.889240208677974,4859.185645322099,4320.98325725124,Very High,Non-UK,Protect loyalty
14938,2,2322.43,1161.215,1369,71,188,Channel Islands,0,0.6497965497655466,2905.9497257798816,1888.2761056039035,Very High,Non-UK,Win back now
14940,2,531.49,265.745,384,32,43,United Kingdom,1,0.6641744181687664,798.2781623569014,530.195934020227,Medium,UK,Low-cost nurture
14941,1,182.1,182.1,80,7,204,United Kingdom,1,0.2810024913610516,393.89784133130746,110.68627475583762,Low,UK,Low-cost nurture
14942,4,746.56,186.64,354,12,27,United Kingdom,1,0.7705407387973212,1120.9330193589954,863.7245568791923,High,UK,Protect loyalty
14943,1,107.62,107.62,46,5,289,United Kingdom,1,0.1824445575174296,243.5401870385567,44.432581661961535,Low,UK,Low-cost nurture
14944,7,3884.42,554.9171428571428,2049,110,15,United Kingdom,1,0.914565406189364,3593.04138103572,3286.0713501021264,Very High,UK,Protect loyalty
14945,1,179.4,179.4,156,11,39,United Kingdom,1,0.480964992414958,426.7266135140491,205.24056243204535,Low,UK,Low-cost nurture
14947,4,758.97,189.7425,237,37,14,United Kingdom,1,0.7852112793373145,1002.8199453172474,787.4255322075315,High,UK,Protect loyalty
14949,4,515.0,128.75,250,16,95,United Kingdom,1,0.6943723538752894,750.667968059333,521.2430839601396,Medium,UK,Grow customer value
14952,21,9529.86,453.8028571428572,3622,141,22,United Kingdom,1,0.9709618712717328,8155.151911945727,7918.341560928072,Very High,UK,Protect loyalty
14953,3,685.65,228.55,790,153,44,United Kingdom,1,0.7709754236981361,790.1465863756607,609.1835992146109,Medium,UK,Grow customer value
14954,1,167.27,167.27,92,41,329,United Kingdom,1,0.2031547196041912,273.27093312326247,55.51627979463209,Low,UK,Low-cost nurture
14955,1,163.77,163.77,74,30,358,United Kingdom,1,0.1745258688648103,271.14688335061373,47.32214540675123,Low,UK,Low-cost nurture
14956,1,1325.0,1325.0,2500,4,47,United Kingdom,1,0.6275776701352741,2633.848409432494,1652.944448281142,Very High,UK,Win back now
14957,1,203.2,203.2,63,15,270,United Kingdom,1,0.2314893001793196,375.6703763906359,86.9636725287699,Low,UK,Low-cost nurture
14958,3,458.26,152.75333333333333,120,26,221,United Kingdom,1,0.4892491293631148,585.6580293487524,286.5326809633947,Medium,UK,Low-cost nurture
14961,13,9365.47,720.4207692307693,4664,212,5,United Kingdom,1,0.9621215745388207,7403.8705962618305,7123.423635757111,Very High,UK,Protect loyalty
14962,3,240.21000000000004,80.07000000000001,79,9,165,United Kingdom,1,0.493698557717852,399.813833599118,197.38751300352985,Low,UK,Low-cost nurture
14963,7,1651.23,235.89,1128,193,5,United Kingdom,1,0.903978501896647,1639.7863790070014,1482.3316343252766,High,UK,Protect loyalty
14966,5,881.24,176.248,881,93,13,United Kingdom,1,0.852189020891414,1039.9762304209703,886.2563255527905,High,UK,Protect loyalty
14967,5,1518.81,303.762,512,19,67,United Kingdom,1,0.8017144904869133,1872.082649646472,1500.8757876107122,High,UK,Protect loyalty
14968,1,353.65,353.65,130,47,84,United Kingdom,1,0.4760541664204709,613.5069630021562,292.0625458651461,Medium,UK,Low-cost nurture
14969,1,906.23,906.23,665,13,329,United Kingdom,1,0.286654925236014,1327.1455296642994,380.43280258323,Medium,UK,Win back now
14970,8,3327.29,415.91125,732,54,35,United Kingdom,1,0.8971310200095252,3340.584549881926,2996.9420246636328,Very High,UK,Protect loyalty
14972,1,30.300000000000004,30.300000000000004,12,2,7,United Kingdom,1,0.3403029256732428,113.22190306684948,38.52974486394119,Low,UK,Low-cost nurture
14975,1,192.45,192.45,127,15,47,United Kingdom,1,0.4728038930793932,432.8963709290951,204.67508947521725,Low,UK,Low-cost nurture
14977,1,31.93,31.93,17,4,351,United Kingdom,1,0.1080592613024825,85.12446275452913,9.198486564025105,Low,UK,Low-cost nurture
14978,5,1190.82,238.164,213,56,56,United Kingdom,1,0.7963157659261783,1339.0374576348026,1066.2966386803002,High,UK,Protect loyalty
14979,1,429.66,429.66,209,42,361,United Kingdom,1,0.222926950377517,593.6065429244111,132.33089633827962,Low,UK,Low-cost nurture
14980,1,150.68,150.68,79,24,363,United Kingdom,1,0.1685476894572677,258.79506157072643,43.61930967069728,Low,UK,Low-cost nurture
14981,1,270.8,270.8,144,14,49,United Kingdom,1,0.4866949750038916,580.7716575810999,282.65864736940216,Medium,UK,Low-cost nurture
14982,1,237.78,237.78,125,39,198,United Kingdom,1,0.3348332586405588,411.0436523974502,137.6310855757554,Low,UK,Low-cost nurture
14983,1,183.2,183.2,90,30,315,United Kingdom,1,0.2114138076720853,309.07163619757745,65.34201145197136,Low,UK,Low-cost nurture
14984,4,1058.14,264.535,290,11,14,United Kingdom,1,0.7838141636006947,1524.4893320420076,1194.9163307126878,High,UK,Protect loyalty
14986,2,563.1,281.55,338,87,2,United Kingdom,1,0.7172455943402428,767.6326553783459,550.5811401418205,Medium,UK,Grow customer value
14987,6,1224.25,204.04166666666663,479,4,7,United Kingdom,1,0.8405454587341339,1936.412198927303,1627.6424800457228,Very High,UK,Protect loyalty
14988,6,1704.11,284.0183333333334,1119,140,6,United Kingdom,1,0.8902014051713127,1738.6865474113383,1547.7812076580317,High,UK,Protect loyalty
14989,1,342.4,342.4,200,18,287,United Kingdom,1,0.2650759513955988,573.2116708415031,151.94462899937227,Low,UK,Low-cost nurture
14990,2,304.17,152.085,129,41,238,United Kingdom,1,0.3978335195674263,409.71571549949886,162.99864511925196,Low,UK,Low-cost nurture
14991,1,314.67,314.67,191,21,56,United Kingdom,1,0.5018913549107146,628.601357225041,315.48958687639,Medium,UK,Low-cost nurture
14992,1,210.5,210.5,145,27,68,United Kingdom,1,0.4680380491960544,430.17107234294656,201.3364295199675,Low,UK,Low-cost nurture
14993,1,36.13,36.13,21,9,189,United Kingdom,1,0.2167454183986562,98.8766568662598,21.43106236233784,Low,UK,Low-cost nurture
14994,5,946.72,189.344,568,233,8,United Kingdom,1,0.8571234227507205,986.2542503163952,845.3416187336346,High,UK,Protect loyalty
14996,2,442.29,221.145,404,37,107,United Kingdom,1,0.5951219576311904,640.794310860072,381.3507647179756,Medium,UK,Low-cost nurture
14997,1,230.4,230.4,288,12,281,United Kingdom,1,0.2631853401798896,435.4090237840183,114.59327204199052,Low,UK,Low-cost nurture
14998,2,338.31,169.155,94,49,54,United Kingdom,1,0.5974083635578287,503.89040746828033,301.0283437381128,Medium,UK,Low-cost nurture
14999,1,129.48000000000002,129.48000000000002,88,9,218,United Kingdom,1,0.2644079210024874,285.7767174567124,75.56162773364457,Low,UK,Low-cost nurture
15001,2,199.11,99.555,70,44,20,United Kingdom,1,0.6027248498557575,335.2047063518685,202.0362063068732,Low,UK,Low-cost nurture
15002,5,2496.32,499.264,1352,152,133,United Kingdom,1,0.8131756827565251,2147.6703273964968,1746.433284816576,Very High,UK,Protect loyalty
15003,6,1027.03,171.17166666666665,525,253,99,United Kingdom,1,0.822743073261672,974.2643696360996,801.5692616437501,High,UK,Protect loyalty
15005,28,7459.21,266.4003571428572,4436,402,1,United Kingdom,1,0.9807028386107884,6205.2769231769225,6085.532692925627,Very High,UK,Protect loyalty
15006,1,277.4,277.4,101,47,79,United Kingdom,1,0.4635310539506278,500.463787354311,231.9805068164667,Low,UK,Low-cost nurture
15008,2,360.0,180.0,1500,6,106,United Kingdom,1,0.6029905934948588,676.4891579217843,407.9165988280941,Medium,UK,Low-cost nurture
15011,2,416.6,208.3,289,17,21,United Kingdom,1,0.658542467383842,708.9784905326184,466.8924444774224,Medium,UK,Low-cost nurture
15012,1,241.22,241.22,158,68,202,United Kingdom,1,0.3481282483294969,390.0582346564733,135.7902899774539,Low,UK,Low-cost nurture
15013,10,1610.82,161.082,1715,177,113,United Kingdom,1,0.8911919398022512,1534.6296684681986,1367.6495911202596,High,UK,Protect loyalty
15015,13,2354.97,181.15153846153845,1584,158,127,United Kingdom,1,0.9089224738168727,2157.348171613637,1960.8622370273745,Very High,UK,Protect loyalty
15016,4,450.85,112.7125,167,77,19,United Kingdom,1,0.7683969878116426,590.2183833585185,453.5220279237429,Medium,UK,Grow customer value
15020,1,198.47,198.47,111,27,5,United Kingdom,1,0.526829394477649,428.3082320834009,225.64536655829045,Low,UK,Low-cost nurture
15021,3,628.82,209.60666666666663,260,132,5,United Kingdom,1,0.7694268723628856,756.5588337480209,582.1166972092522,Medium,UK,Grow customer value
15022,1,281.05,281.05,113,19,303,United Kingdom,1,0.2316678377437602,472.2120355128813,109.3963412238489,Low,UK,Low-cost nurture
15023,9,4858.24,539.8044444444445,1931,238,26,United Kingdom,1,0.9316446925722408,3966.9778686048503,3695.8138768372487,Very High,UK,Protect loyalty
15024,6,1922.96,320.49333333333334,1022,113,4,United Kingdom,1,0.8900211592636011,1972.9117621533,1755.9332136764742,Very High,UK,Protect loyalty
15025,1,617.83,617.83,319,72,194,United Kingdom,1,0.4147733376218997,867.3304007232083,359.74552512890483,Medium,UK,Low-cost nurture
15026,2,579.89,289.945,370,65,1,United Kingdom,1,0.7172492157094178,816.2028878781006,585.4208811903295,Medium,UK,Grow customer value
15027,6,2129.45,354.90833333333336,2217,46,21,United Kingdom,1,0.8883534508997576,2388.9893975677446,2122.266975492239,Very High,UK,Protect loyalty
15028,2,335.81,167.905,214,42,4,United Kingdom,1,0.6733887495377459,537.9192488784889,362.2287703545692,Medium,UK,Grow customer value
15029,1,365.1,365.1,234,10,245,United Kingdom,1,0.3013501346241219,669.2078913072979,201.66588813697896,Low,UK,Low-cost nurture
15030,6,1461.63,243.605,853,19,6,United Kingdom,1,0.8678350130230269,1922.7949488433328,1668.6687794700638,Very High,UK,Protect loyalty
15031,10,2449.75,244.975,1176,187,20,United Kingdom,1,0.9264722195207916,2311.3281412587176,2141.38131307283,Very High,UK,Protect loyalty
15032,5,6050.95,1210.19,3633,30,48,United Kingdom,1,0.88150991555883,5931.320098704579,5228.517479361465,Very High,UK,Protect loyalty
15034,6,3957.04,659.5066666666667,2335,231,12,United Kingdom,1,0.911929670994924,3340.957680209075,3046.7184381210263,Very High,UK,Protect loyalty
15037,2,397.76,198.88,298,40,2,United Kingdom,1,0.6903938836028944,627.7053358479258,433.3639245743086,Medium,UK,Grow customer value
15038,3,460.79,153.59666666666666,169,97,16,United Kingdom,1,0.7356923915129207,595.7192166598163,438.266095174664,Medium,UK,Grow customer value
15039,46,19374.89,421.1932608695652,8649,383,1,United Kingdom,1,0.990123912305193,15014.237284648712,14865.95536055488,Very High,UK,Protect loyalty
15040,1,7.49,7.49,1,1,167,United Kingdom,1,0.1327355905741425,33.30740613684845,4.421078224067397,Low,UK,Low-cost nurture
15041,1,109.47,109.47,91,35,70,United Kingdom,1,0.429765843446065,239.4731961147495,102.91740011098028,Low,UK,Low-cost nurture
15042,1,179.52,179.52,208,4,221,United Kingdom,1,0.2854802200276889,413.0897195456933,117.92894402708085,Low,UK,Low-cost nurture
15043,5,2333.32,466.66399999999993,719,39,89,United Kingdom,1,0.8123113389308126,2439.581805668844,1981.699962994108,Very High,UK,Protect loyalty
15044,18,8389.42,466.0788888888889,2456,202,5,United Kingdom,1,0.9678065887441296,6945.0146834180405,6721.430969536706,Very High,UK,Protect loyalty
15046,10,2533.37,253.337,1213,139,51,United Kingdom,1,0.9154355196723892,2404.5038272502275,2201.1682106530607,Very High,UK,Protect loyalty
15050,2,2349.5,1174.75,1384,58,47,United Kingdom,1,0.7535626085101708,2633.4665174499705,1984.481898313795,Very High,UK,Protect loyalty
15051,6,2543.55,423.925,2042,113,5,United Kingdom,1,0.902767127667138,2520.8898478169795,2275.776487078983,Very High,UK,Protect loyalty
15055,3,549.12,183.04,225,77,100,United Kingdom,1,0.6675981030038195,666.784967066003,445.14437912472783,Medium,UK,Low-cost nurture
15056,1,113.65,113.65,69,6,146,United Kingdom,1,0.3139577568698984,281.925631821689,88.51273897086634,Low,UK,Low-cost nurture
15057,3,1766.46,588.82,726,38,69,United Kingdom,1,0.7556400939216854,2012.037878316531,1520.3764913450923,High,UK,Protect loyalty
15058,5,1285.04,257.008,591,52,2,United Kingdom,1,0.8529232990317405,1528.512535081397,1303.7039540329938,High,UK,Protect loyalty
15059,10,2153.48,215.348,995,210,2,United Kingdom,1,0.9295358105705928,2070.1571531185964,1924.2852073326053,Very High,UK,Protect loyalty
15061,79,71854.88,909.5554430379748,45360,114,7,United Kingdom,1,0.9955594320973632,57618.23078719986,57362.37312095951,Very High,UK,Protect loyalty
15062,4,1597.76,399.44000000000005,1109,75,49,United Kingdom,1,0.8214911606248231,1718.1115392843758,1411.413442489623,High,UK,Protect loyalty
15064,4,1254.41,313.6025,810,75,36,United Kingdom,1,0.8180079355682797,1410.0940531942626,1153.4681254105467,High,UK,Protect loyalty
15065,1,168.73,168.73,63,11,36,United Kingdom,1,0.4499449285624353,400.0705996298877,180.00973737040047,Low,UK,Low-cost nurture
15067,2,2118.12,1059.06,1197,94,39,United Kingdom,1,0.7600994159467312,2289.313424599353,1740.1057969569792,Very High,UK,Protect loyalty
15068,2,621.54,310.77,468,104,44,United Kingdom,1,0.6937291315155361,794.2927818918255,551.0240417508752,Medium,UK,Grow customer value
15070,2,630.85,315.425,303,26,217,United Kingdom,1,0.4697263428129439,819.8967607945942,385.1271069322239,Medium,UK,Low-cost nurture
15071,2,473.49,236.745,147,27,12,United Kingdom,1,0.657809914767362,744.8755973824808,489.9865532264575,Medium,UK,Low-cost nurture
15072,1,187.52,187.52,164,13,105,United Kingdom,1,0.414232901878971,413.102158937741,171.12050606924836,Low,UK,Low-cost nurture
15073,5,1744.61,348.922,919,89,26,United Kingdom,1,0.8581757754250794,1831.85152796882,1572.0506054782588,Very High,UK,Protect loyalty
15074,2,817.46,408.73,608,31,55,United Kingdom,1,0.6807087766325459,1146.8328975919346,780.6592187217636,High,UK,Protect loyalty
15076,2,566.89,283.44500000000005,295,30,118,United Kingdom,1,0.5776193451158745,796.6682624649095,460.1710000395827,Medium,UK,Low-cost nurture
15077,2,2428.08,1214.04,528,28,120,United Kingdom,1,0.6463809092252613,2736.907769344766,1769.0849324147516,Very High,UK,Win back now
15078,21,7543.62,359.22,3672,58,32,United Kingdom,1,0.966575444532792,7393.843582047982,7146.707647123958,Very High,UK,Protect loyalty
15079,7,2729.79,389.97,1070,82,96,United Kingdom,1,0.8627830434080411,2570.048596195579,2217.394349532185,Very High,UK,Protect loyalty
15080,2,546.25,273.125,287,31,53,United Kingdom,1,0.6450248050983514,809.2754027329391,522.0027089187039,Medium,UK,Low-cost nurture
15081,7,1349.77,192.8242857142857,559,54,4,United Kingdom,1,0.8828223521273493,1593.0830963512171,1406.4093662551022,High,UK,Protect loyalty
15082,1,93.35,93.35,43,6,294,United Kingdom,1,0.176329395471703,211.2710167555126,37.25329066519159,Low,UK,Low-cost nurture
15084,2,965.2,482.6,600,31,5,United Kingdom,1,0.7319396557870714,1370.2473483221877,1002.9383724740894,High,UK,Protect loyalty
15085,1,347.54,347.54,169,9,355,United Kingdom,1,0.1985773835700238,592.4687396930229,117.65089217527006,Low,UK,Low-cost nurture
15086,2,218.53,109.265,95,10,190,United Kingdom,1,0.4025270945410797,377.20106681208006,151.8336494816623,Low,UK,Low-cost nurture
15091,2,565.9,282.95,236,27,300,United Kingdom,1,0.3675357259740073,695.4203923556099,255.59183876154808,Medium,UK,Low-cost nurture
15092,1,318.65,318.65,95,19,88,United Kingdom,1,0.4400879434301017,619.0838431487449,272.4513353421348,Medium,UK,Low-cost nurture
15093,17,9105.36,535.6094117647059,7018,86,14,United Kingdom,1,0.9680783170387676,8270.472214385092,8006.464822417809,Very High,UK,Protect loyalty
15094,2,83.0,41.5,28,4,89,United Kingdom,1,0.4204640058914815,197.15545067271267,82.89677057318916,Low,UK,Low-cost nurture
15095,6,1771.04,295.17333333333335,1154,60,46,United Kingdom,1,0.8653011292223456,1924.582431491796,1665.3433512513386,Very High,UK,Protect loyalty
15097,2,660.27,330.135,254,39,209,United Kingdom,1,0.4815541611460924,815.2374078805047,392.58096608681126,Medium,UK,Low-cost nurture
15100,4,1317.9,329.475,190,11,6,United Kingdom,1,0.7852920553224784,1829.5171430030296,1436.7052774765575,High,UK,Protect loyalty
15101,4,1160.41,290.1025,435,48,141,United Kingdom,1,0.7105046081458773,1268.623876996903,901.3631106101882,High,UK,Protect loyalty
15102,2,554.67,277.335,339,26,156,United Kingdom,1,0.5371203522197086,773.8352030201619,415.6426368061991,Medium,UK,Low-cost nurture
15105,2,795.98,397.99,536,50,56,United Kingdom,1,0.682629820900271,1057.5852985209262,721.9392629160996,High,UK,Protect loyalty
15107,3,504.85,168.28333333333333,161,24,12,United Kingdom,1,0.7200438388418657,758.8209408776736,546.3843432631566,Medium,UK,Grow customer value
15109,2,498.15,249.075,127,18,205,United Kingdom,1,0.4367710300485408,697.934547286958,304.83759112498666,Medium,UK,Low-cost nurture
15110,2,509.75,254.875,91,14,29,United Kingdom,1,0.616038842514223,835.4461354779258,514.6672702828022,Medium,UK,Low-cost nurture
15111,2,874.89,437.4450000000001,348,50,50,United Kingdom,1,0.6781367830714647,1141.43270124705,774.0475001162466,High,UK,Protect loyalty
15112,1,209.4,209.4,72,7,237,United Kingdom,1,0.2532660633743468,430.5693497043564,109.04860420927484,Low,UK,Low-cost nurture
15114,2,639.56,319.78,436,33,9,United Kingdom,1,0.7074285959744646,955.7644672646172,676.1351151592904,High,UK,Grow customer value
15115,1,191.74,191.74,88,14,358,United Kingdom,1,0.1735442602610006,338.5019836991016,58.74507635794189,Low,UK,Low-cost nurture
15117,3,934.19,311.39666666666665,1145,46,74,United Kingdom,1,0.7482542165504703,1159.3965433736948,867.5233522334074,High,UK,Protect loyalty
15122,8,2853.49,356.68625000000003,1233,107,48,United Kingdom,1,0.901167565072873,2707.151834656038,2439.5974271195423,Very High,UK,Protect loyalty
15123,3,2456.86,818.9533333333334,1329,66,47,United Kingdom,1,0.8030660272816199,2555.8132191333693,2052.4867683632838,Very High,UK,Protect loyalty
15124,2,266.63,133.315,229,16,102,United Kingdom,1,0.5469471980320375,459.7537707949807,251.46103672097829,Medium,UK,Low-cost nurture
15125,9,5496.39,610.71,2240,72,105,United Kingdom,1,0.900961142613514,4776.667583259316,4303.591883698246,Very High,UK,Protect loyalty
15126,2,449.49,224.745,273,25,162,United Kingdom,1,0.5140157943996821,646.5632602090363,332.3437278259962,Medium,UK,Low-cost nurture
15127,1,304.97,304.97,213,12,145,United Kingdom,1,0.3963794931782497,609.3184175537349,241.52132553412255,Low,UK,Low-cost nurture
15128,1,312.68,312.68,240,21,56,United Kingdom,1,0.509813304510361,627.7543180387557,320.0375032999862,Medium,UK,Low-cost nurture
15129,12,3412.78,284.39833333333337,2208,56,11,United Kingdom,1,0.941497501620401,3634.3913725596094,3421.770397175613,Very High,UK,Protect loyalty
15131,1,80.28,80.28,88,7,20,United Kingdom,1,0.444131545771903,230.33195383699427,102.29768669828688,Low,UK,Low-cost nurture
15133,2,824.48,412.24,280,20,8,United Kingdom,1,0.6954811771066264,1243.5075289508495,864.8360799756891,High,UK,Protect loyalty
15134,2,208.3,104.15,170,12,7,United Kingdom,1,0.6256908947391798,414.3237011450426,259.23856728109024,Medium,UK,Low-cost nurture
15135,1,166.63,166.63,41,11,182,United Kingdom,1,0.2854101744668198,350.4269670047127,100.01542179069357,Low,UK,Low-cost nurture
15137,2,823.4,411.7,596,34,146,United Kingdom,1,0.5876240418016826,1062.516385484415,624.3601729188665,Medium,UK,Win back now
15138,1,502.52,502.52,300,31,19,United Kingdom,1,0.5835583082181951,922.6968930866816,538.4474379278487,Medium,UK,Low-cost nurture
15140,1,889.44,889.44,438,32,68,United Kingdom,1,0.5648416087785304,1436.4320028347286,811.3565633821346,High,UK,Win back now
15141,7,1388.47,198.35285714285715,1197,44,83,United Kingdom,1,0.853657031593924,1591.3165691994864,1358.4385787890608,High,UK,Protect loyalty
15142,5,2121.18,424.236,1790,97,36,United Kingdom,1,0.8684439225481373,2143.2678349941025,1861.3079256935323,Very High,UK,Protect loyalty
15143,1,304.18,304.18,170,17,58,United Kingdom,1,0.4903928240564016,623.6374942434484,305.8273519895026,Medium,UK,Low-cost nurture
15144,12,5579.87,464.9891666666667,2201,98,5,United Kingdom,1,0.9489042288277604,5155.29963542297,4891.885624927068,Very High,UK,Protect loyalty
15149,4,1033.81,258.4525,252,44,202,United Kingdom,1,0.6276535112896326,1098.8704424412997,689.7098916506737,High,UK,Win back now
15150,3,3686.61,1228.87,2525,231,82,United Kingdom,1,0.8171129485702697,3044.821363438836,2487.9629621492563,Very High,UK,Protect loyalty
15151,2,2085.61,1042.805,795,56,49,United Kingdom,1,0.7327201009632089,2366.547698307294,1734.0170684379702,Very High,UK,Protect loyalty
15152,1,518.14,518.14,290,29,327,United Kingdom,1,0.2595266246741194,748.8121095916434,194.336679317426,Low,UK,Low-cost nurture
15154,2,1089.44,544.72,244,101,104,United Kingdom,1,0.6314246824397447,1202.5341134765663,759.3097207249008,High,UK,Win back now
15155,1,383.97,383.97,192,24,9,United Kingdom,1,0.5643546456864039,758.781774776345,428.2220196572049,Medium,UK,Low-cost nurture
15157,2,718.04,359.02,1074,27,195,United Kingdom,1,0.5451848240278909,946.108751069982,515.8041329633357,Medium,UK,Low-cost nurture
15158,1,204.62,204.62,21,4,27,United Kingdom,1,0.4130384363215998,515.980681348173,213.11985379620307,Low,UK,Low-cost nurture
15159,4,3475.7200000000003,868.9300000000001,2071,91,21,United Kingdom,1,0.866949523158675,3325.477241550872,2883.0209088375545,Very High,UK,Protect loyalty
15160,3,431.11,143.70333333333335,223,16,0,United Kingdom,1,0.7294209880972211,707.2147675956654,515.8572945765769,Medium,UK,Grow customer value
15161,1,119.92,119.92,144,33,14,United Kingdom,1,0.510737880498661,274.05348877424046,139.96949799981914,Low,UK,Low-cost nurture
15162,1,312.9,312.9,74,12,357,United Kingdom,1,0.1798058814577948,517.5859763633895,93.06500271021262,Low,UK,Low-cost nurture
15164,6,1203.53,200.5883333333333,561,193,15,United Kingdom,1,0.8726676481523359,1228.124359772744,1071.7443966814735,High,UK,Protect loyalty
15166,1,167.16,167.16,140,12,93,United Kingdom,1,0.4162306359325984,381.17008385019415,158.65466639944816,Low,UK,Low-cost nurture
15167,4,1468.82,367.205,798,233,33,United Kingdom,1,0.8353093983851773,1409.401403960156,1177.286238825182,High,UK,Protect loyalty
15169,2,569.22,284.61,356,58,8,United Kingdom,1,0.7073619255547874,809.4805552766898,572.5957242796778,Medium,UK,Grow customer value
15170,1,81.15,81.15,33,4,32,United Kingdom,1,0.3892246705303925,239.5237669387644,93.22855927093909,Low,UK,Low-cost nurture
15173,7,1494.6,213.5142857142857,840,68,6,United Kingdom,1,0.8910633634937641,1697.4065240386333,1512.496766526123,High,UK,Protect loyalty
15174,1,345.71,345.71,237,23,36,United Kingdom,1,0.5371640148891816,686.241565523327,368.6242745203477,Medium,UK,Low-cost nurture
15176,1,988.04,988.04,448,52,293,United Kingdom,1,0.3334591801362199,1243.0309399772282,414.5000781287613,Medium,UK,Win back now
15177,1,948.93,948.93,485,26,51,United Kingdom,1,0.5856976967007734,1576.949422487572,923.6156445645858,High,UK,Win back now
15179,8,5284.97,660.62125,3478,154,18,United Kingdom,1,0.9318081448769906,4525.746391406453,4217.127349160181,Very High,UK,Protect loyalty
15180,2,729.4300000000001,364.715,618,43,43,United Kingdom,1,0.6942563406817177,1013.3646103380408,703.5348061496429,High,UK,Protect loyalty
15181,2,510.72,255.36,144,4,46,United Kingdom,1,0.5935454873848198,949.1892849745442,563.3870167706644,Medium,UK,Low-cost nurture
15182,9,2376.102,264.0113333333333,933,68,11,United Kingdom,1,0.9146523545486348,2528.8028382506805,2312.975470195256,Very High,UK,Protect loyalty
15183,3,639.93,213.31000000000003,297,33,173,United Kingdom,1,0.5914410097180887,794.0781985908031,469.6504115696656,Medium,UK,Low-cost nurture
15184,2,283.19,141.595,263,19,13,United Kingdom,1,0.6521767750875223,509.6516671948485,332.38298072911545,Medium,UK,Low-cost nurture
15186,3,991.79,330.59666666666664,501,22,100,United Kingdom,1,0.6918802292049125,1282.3101861985522,887.2050655388483,High,UK,Protect loyalty
15188,1,310.43,310.43,233,23,351,United Kingdom,1,0.217230806808775,489.6300959214878,106.36274077488268,Low,UK,Low-cost nurture
15189,5,1298.99,259.798,753,20,7,United Kingdom,1,0.845701260261413,1723.452680202373,1457.5261036480565,High,UK,Protect loyalty
15190,1,834.4399999999999,834.4399999999999,790,40,60,United Kingdom,1,0.5958283343512837,1348.848046081542,803.6818845897487,High,UK,Win back now
15191,3,588.05,196.01666666666665,287,33,89,United Kingdom,1,0.6745264520302493,789.8817495264806,532.796134031543,Medium,UK,Grow customer value
15192,2,622.07,311.035,530,35,201,United Kingdom,1,0.5125866722990632,800.5421650724919,410.347244429596,Medium,UK,Low-cost nurture
15194,13,4405.0,338.84615384615387,3219,102,6,United Kingdom,1,0.9528935596112236,4266.272457152191,4065.303547967073,Very High,UK,Protect loyalty
15196,2,313.7,156.85,130,34,58,United Kingdom,1,0.5949140842652453,494.9754374875007,294.46785912666564,Medium,UK,Low-cost nurture
15197,3,797.9,265.9666666666667,589,23,20,United Kingdom,1,0.7615041120902712,1135.740473935653,864.8710411693532,High,UK,Protect loyalty
15198,3,377.71,125.90333333333336,207,20,34,United Kingdom,1,0.6952102516929993,600.5865417956898,417.5339208852095,Medium,UK,Grow customer value
15199,6,1853.7,308.95,498,17,0,United Kingdom,1,0.8652720473842088,2363.71264878895,2045.254483045566,Very High,UK,Protect loyalty
15200,1,549.0500000000001,549.0500000000001,195,30,120,United Kingdom,1,0.4585975325978881,914.6738934117146,419.46719065031607,Medium,UK,Low-cost nurture
15201,2,606.4100000000001,303.20500000000004,450,23,65,United Kingdom,1,0.6460796487305587,912.615575613768,589.6223505185799,Medium,UK,Low-cost nurture
15202,3,6001.49,2000.496666666667,3,1,46,United Kingdom,1,0.6093095659364515,7433.40206393562,4529.242985007735,Very High,UK,Win back now
15203,9,2572.38,285.82,2429,108,16,United Kingdom,1,0.9264646356301116,2591.1031522086923,2400.56543779106,Very High,UK,Protect loyalty
15207,3,683.92,227.97333333333333,428,19,42,United Kingdom,1,0.7269607033860062,997.5353377496034,725.1689907828489,High,UK,Protect loyalty
15208,1,100.4,100.4,40,6,49,United Kingdom,1,0.3911845816254824,271.85946928797983,106.34723275434408,Low,UK,Low-cost nurture
15209,1,178.98000000000002,178.98000000000002,94,13,356,United Kingdom,1,0.1739307219429454,323.09244173126007,56.1957016446271,Low,UK,Low-cost nurture
15210,2,845.01,422.505,613,46,4,United Kingdom,1,0.735186459046705,1172.1968042882295,861.7832178505269,High,UK,Protect loyalty
15212,1,106.48,106.48,48,5,2,United Kingdom,1,0.4479583796027277,302.7181780269996,135.6051445052648,Low,UK,Low-cost nurture
15215,4,1687.49,421.8725,551,59,19,United Kingdom,1,0.8250490017385959,1871.1587591357827,1543.7976663194072,High,UK,Protect loyalty
15216,1,389.49,389.49,189,22,244,United Kingdom,1,0.3098039953764656,644.8425103882123,199.7747861068582,Low,UK,Low-cost nurture
15217,1,426.24,426.24,190,28,189,United Kingdom,1,0.3722812081301911,706.2601537994909,262.92738331068904,Medium,UK,Low-cost nurture
15218,11,5711.9400000000005,519.2672727272728,3201,95,15,United Kingdom,1,0.945726311847339,5230.884416532536,4946.985026947035,Very High,UK,Protect loyalty
15219,1,379.7,379.7,226,17,274,United Kingdom,1,0.2824261284877736,636.8929614552804,179.8752133649277,Low,UK,Low-cost nurture
15221,3,1658.95,552.9833333333333,201,21,32,United Kingdom,1,0.7422569657629818,2058.089833002953,1527.631514712414,High,UK,Protect loyalty
15222,10,2965.91,296.591,4018,97,98,United Kingdom,1,0.9121376929645396,2816.943330093339,2569.440190323186,Very High,UK,Protect loyalty
15223,3,662.2,220.7333333333333,172,12,235,United Kingdom,1,0.486489308890942,864.982616060337,420.8047950898724,Medium,UK,Low-cost nurture
15224,3,549.28,183.09333333333333,291,19,138,United Kingdom,1,0.6130919796233206,765.300266930286,469.1994556585448,Medium,UK,Low-cost nurture
15227,4,1269.09,317.27250000000004,467,54,22,United Kingdom,1,0.8121218991016323,1482.1173616609815,1203.6599664436171,High,UK,Protect loyalty
15228,2,2193.56,1096.78,1120,94,54,United Kingdom,1,0.746825288289629,2327.1688135077416,1737.988520046553,Very High,UK,Protect loyalty
15229,1,160.5,160.5,114,9,212,United Kingdom,1,0.2835152647011082,345.0531641611197,97.82783917309482,Low,UK,Low-cost nurture
15231,1,250.26,250.26,190,14,247,United Kingdom,1,0.2863508775460273,467.6743977382954,133.9189741981707,Low,UK,Low-cost nurture
15233,1,59.400000000000006,59.400000000000006,12,1,27,United Kingdom,1,0.3356698078444687,203.7541665596252,68.39412193657928,Low,UK,Low-cost nurture
15235,4,525.25,131.3125,352,35,7,United Kingdom,1,0.7898771965523361,751.8524748603918,593.871125063662,Medium,UK,Grow customer value
15240,7,2753.41,393.3442857142857,1845,97,0,United Kingdom,1,0.9138127972425418,2762.044980010645,2523.992049293248,Very High,UK,Protect loyalty
15241,3,1293.72,431.24,1510,56,56,United Kingdom,1,0.7814030364778799,1515.970095564537,1184.5836358837907,High,UK,Protect loyalty
15242,1,302.04,302.04,196,4,48,United Kingdom,1,0.4820649847217433,730.1956434525729,352.00175170484806,Medium,UK,Low-cost nurture
15243,1,610.6,610.6,358,39,61,United Kingdom,1,0.5550076901819022,1026.4387151311853,569.6813803982386,Medium,UK,Win back now
15244,1,280.51,280.51,67,14,292,United Kingdom,1,0.2233926430504366,487.8011386073985,108.97118563651917,Low,UK,Low-cost nurture
15245,5,2095.0,419.0,1237,36,28,United Kingdom,1,0.8574303014855295,2382.7846001058474,2043.0717180438332,Very High,UK,Protect loyalty
15246,1,266.25,266.25,112,18,181,United Kingdom,1,0.3395355225473958,499.6610958032527,169.6526912601618,Low,UK,Low-cost nurture
15247,2,620.06,310.03,354,10,103,United Kingdom,1,0.5844719778159851,986.6452006268714,576.666471813037,Medium,UK,Win back now
15248,3,1893.93,631.3100000000001,1065,103,37,United Kingdom,1,0.8041661914583218,1957.9799115731137,1574.5412484416524,Very High,UK,Protect loyalty
15249,5,2577.54,515.508,1403,122,56,United Kingdom,1,0.8593055072871555,2406.72100346737,2068.10861278318,Very High,UK,Protect loyalty
15250,1,60.0,60.0,48,3,266,United Kingdom,1,0.1810561486021518,160.27064425923797,29.017985583563195,Low,UK,Low-cost nurture
15251,10,9839.55,983.955,5937,99,40,United Kingdom,1,0.944794693309069,8074.117091999403,7628.382981677088,Very High,UK,Protect loyalty
15252,3,1362.63,454.21,908,73,47,United Kingdom,1,0.7805610686082499,1531.8328641253656,1195.6890973509314,High,UK,Protect loyalty
15253,3,1136.89,378.96333333333337,722,58,29,United Kingdom,1,0.781085423356724,1366.388849532353,1067.2664130068854,High,UK,Protect loyalty
15254,2,787.99,393.995,436,46,172,United Kingdom,1,0.5519451349835287,963.4519271682072,531.7726039909969,Medium,UK,Low-cost nurture
15255,8,2815.17,351.89625,1725,101,22,United Kingdom,1,0.9144027002471112,2766.66782031143,2529.8485255795613,Very High,UK,Protect loyalty
15256,1,71.95,71.95,37,4,187,United Kingdom,1,0.2409535690551563,192.21343413980415,46.31451297633404,Low,UK,Low-cost nurture
15257,1,368.75,368.75,25,5,40,United Kingdom,1,0.4297789887425509,820.1150473279301,352.46821569314704,Medium,UK,Low-cost nurture
15259,4,1182.38,295.595,631,50,138,United Kingdom,1,0.7252210000250809,1293.8689667894437,938.3409459964586,High,UK,Protect loyalty
15260,18,6956.96,386.4977777777778,3583,149,36,United Kingdom,1,0.9632811122812835,6049.184235453492,5827.064918722046,Very High,UK,Protect loyalty
15261,3,1253.18,417.7266666666667,536,70,7,United Kingdom,1,0.7952349370184625,1467.4984879041078,1167.006067603112,High,UK,Protect loyalty
15262,2,239.87,119.935,145,14,6,United Kingdom,1,0.628979527730027,457.1485040670693,287.5370501905936,Medium,UK,Low-cost nurture
15264,1,454.66,454.66,178,32,156,United Kingdom,1,0.4099366087931075,752.4366852320852,308.4513430755679,Medium,UK,Low-cost nurture
15265,2,1839.52,919.76,958,109,230,United Kingdom,1,0.5633548343300532,1714.3338237167238,965.7782472463416,High,UK,Win back now
15266,4,732.91,183.2275,218,36,5,United Kingdom,1,0.7887402320418467,982.6171071201948,775.0296450782706,High,UK,Protect loyalty
15268,3,961.9,320.6333333333334,428,21,104,United Kingdom,1,0.6814382596585002,1249.2266545554796,851.2708373992965,High,UK,Protect loyalty
15269,2,816.5600000000001,408.28,346,32,6,United Kingdom,1,0.7105500897371675,1174.7200720414053,834.6974526050724,High,UK,Protect loyalty
15270,14,6145.37,438.955,2489,55,26,United Kingdom,1,0.950184934784742,5983.046546722318,5685.000692811422,Very High,UK,Protect loyalty
15271,9,2035.2,226.13333333333333,1161,238,5,United Kingdom,1,0.9242127127012494,1931.652331582721,1785.2576413677598,Very High,UK,Protect loyalty
15272,4,1309.01,327.2525,355,209,76,United Kingdom,1,0.7839953894330898,1236.1545883566428,969.139497898167,High,UK,Protect loyalty
15273,1,228.96,228.96,216,1,225,United Kingdom,1,0.276293512020887,563.5189200458505,155.69662150968546,Low,UK,Low-cost nurture
15276,3,491.17,163.72333333333333,256,115,20,United Kingdom,1,0.747942245949182,618.2528157150881,462.4173995503487,Medium,UK,Grow customer value
15277,1,220.44,220.44,168,14,51,United Kingdom,1,0.4821820966667067,489.51638420260633,236.03603648751783,Low,UK,Low-cost nurture
15278,4,496.16,124.04,458,29,187,United Kingdom,1,0.6300567112900236,639.2394616462425,402.7571129316367,Medium,UK,Low-cost nurture
15279,4,1290.03,322.5075,613,58,6,United Kingdom,1,0.8295462522438736,1515.9211369760892,1257.5266978757866,High,UK,Protect loyalty
15280,2,284.4,142.2,353,39,114,United Kingdom,1,0.5674286181016758,437.0623354246416,248.0016770142955,Low,UK,Low-cost nurture
15281,7,6211.42,887.3457142857143,4022,337,4,United Kingdom,1,0.935406703427794,4754.592361241697,4447.477566772067,Very High,UK,Protect loyalty
15282,1,348.59,348.59,395,27,196,United Kingdom,1,0.3817335938148511,603.6818113611905,230.4456273715663,Low,UK,Low-cost nurture
15283,3,148.32999999999998,49.44333333333333,27,9,16,United Kingdom,1,0.6031221703225493,296.1900690669695,178.63879728365643,Low,UK,Low-cost nurture
15284,1,24.75,24.75,5,1,126,United Kingdom,1,0.2031147744561305,90.50326220270468,18.382549689846403,Low,UK,Low-cost nurture
15285,1,94.92,94.92,120,6,33,United Kingdom,1,0.4443367991841764,267.743026438825,118.9680793717118,Low,UK,Low-cost nurture
15287,3,369.34,123.11333333333334,577,13,5,United Kingdom,1,0.7440574018584203,644.4196666455919,479.4852228707884,Medium,UK,Grow customer value
15288,5,1408.86,281.77200000000005,561,57,27,United Kingdom,1,0.8401064152908932,1599.7714044577715,1343.978219883896,High,UK,Protect loyalty
15289,2,653.3100000000001,326.655,619,33,84,United Kingdom,1,0.6457007152019049,922.9476575313564,595.9479625619196,Medium,UK,Low-cost nurture
15290,8,2553.06,319.1325,2066,34,19,United Kingdom,1,0.9098451523515676,2913.478245397612,2650.8140580567683,Very High,UK,Protect loyalty
15291,25,8849.460000000001,353.9784,2802,80,5,United Kingdom,1,0.9746251434779426,8450.236687615858,8235.81314409018,Very High,UK,Protect loyalty
15293,1,247.5,247.5,178,19,291,United Kingdom,1,0.2498273462185099,431.96946338215184,107.9177846841968,Low,UK,Low-cost nurture
15294,1,233.35,233.35,97,15,36,United Kingdom,1,0.4827990970647179,510.5789583720834,246.50706008228607,Low,UK,Low-cost nurture
15295,1,207.04,207.04,139,50,280,United Kingdom,1,0.2608991207604691,334.0225529310744,87.14619037388456,Low,UK,Low-cost nurture
15296,6,6650.17,1108.361666666667,3686,253,46,United Kingdom,1,0.9118406058836492,5009.59067573278,4567.948196989259,Very High,UK,Protect loyalty
15298,11,4261.87,387.44272727272727,2884,142,26,United Kingdom,1,0.941553314256936,3863.570919713888,3637.75800432333,Very High,UK,Protect loyalty
15299,3,1649.52,549.84,408,2,14,United Kingdom,1,0.747882354878255,2668.8502511755214,1995.9860106665717,Very High,UK,Protect loyalty
15301,5,1859.72,371.944,1012,75,4,United Kingdom,1,0.8709660361080562,2009.5080316336807,1750.2132448392897,Very High,UK,Protect loyalty
15302,1,308.0,308.0,102,15,356,United Kingdom,1,0.1893556598688019,501.4032740140079,94.9435478113002,Low,UK,Low-cost nurture
15303,2,650.16,325.08000000000004,266,36,191,United Kingdom,1,0.5013019760233068,824.5369152954462,413.3419849417692,Medium,UK,Low-cost nurture
15304,1,102.0,102.0,8,1,47,United Kingdom,1,0.3221060025940329,312.2540979031918,100.57891926920291,Low,UK,Low-cost nurture
15305,1,93.6,93.6,40,5,181,United Kingdom,1,0.2580118170909837,235.46581424994704,60.75296259743688,Low,UK,Low-cost nurture
15306,6,2310.38,385.0633333333333,2264,80,126,United Kingdom,1,0.8402577103661747,2207.8843099155724,1855.1918150030608,Very High,UK,Protect loyalty
15309,4,797.96,199.49,440,49,236,United Kingdom,1,0.6030551169825065,859.3511637962068,518.2361166121746,Medium,UK,Low-cost nurture
15310,1,1634.64,1634.64,1476,45,104,United Kingdom,1,0.5965990602522732,2282.285497056931,1361.6093827715572,High,UK,Win back now
15311,117,54333.67,464.39034188034185,32002,585,1,United Kingdom,1,0.9970576941073104,39824.4376502908,39707.2619727193,Very High,UK,Protect loyalty
15312,8,2005.34,250.6675,1177,90,9,United Kingdom,1,0.9098449231675592,2120.0067454613823,1928.8773744390185,Very High,UK,Protect loyalty
15314,2,492.48,246.24,437,25,39,United Kingdom,1,0.6656798895337315,774.844134093086,515.7981575889453,Medium,UK,Low-cost nurture
15317,1,129.75,129.75,45,5,303,United Kingdom,1,0.176888459187172,281.429098274862,49.78155956427554,Low,UK,Low-cost nurture
15321,9,3961.42,440.15777777777777,2472,186,63,United Kingdom,1,0.9192464761561826,3359.97432611621,3088.64455925757,Very High,UK,Protect loyalty
15322,1,711.18,711.18,555,41,102,United Kingdom,1,0.5316561158232369,1131.3681373445106,601.4987894667529,Medium,UK,Win back now
15323,3,434.6,144.86666666666667,188,29,188,United Kingdom,1,0.5421350583872246,572.2551777596237,310.23959420710526,Medium,UK,Low-cost nurture
15324,1,140.22000000000003,140.22000000000003,74,8,327,United Kingdom,1,0.1776426761801929,283.0681276742638,50.28497974137276,Low,UK,Low-cost nurture
15325,7,1439.72,205.67428571428573,1151,141,21,United Kingdom,1,0.8936720626719821,1499.7185499219067,1340.2565699361444,High,UK,Protect loyalty
15326,4,1388.81,347.2025,965,78,235,United Kingdom,1,0.6579941982282594,1311.4770528225388,862.9442918667271,High,UK,Win back now
15328,1,107.24,107.24,88,8,33,United Kingdom,1,0.4426917122706188,286.04342926278093,126.62905548410012,Low,UK,Low-cost nurture
15329,8,1909.13,238.64125,731,60,0,United Kingdom,1,0.904290506957106,2131.818552488429,1927.783279570325,Very High,UK,Protect loyalty
15331,3,767.91,255.97000000000003,701,41,125,United Kingdom,1,0.6796062069740763,950.2843010358038,645.8191093739539,High,UK,Grow customer value
15332,2,3231.62,1615.81,1654,104,26,Lithuania,0,0.8100528123487689,4172.886894250811,3380.258764301189,Very High,Non-UK,Protect loyalty
15336,1,240.5,240.5,84,15,27,United Kingdom,1,0.4889099044231275,526.0324688260744,257.1824840572178,Medium,UK,Low-cost nurture
15337,1,373.02,373.02,200,21,37,United Kingdom,1,0.5312259880710692,736.2309102387367,391.1049927400356,Medium,UK,Low-cost nurture
15338,1,277.93,277.93,148,56,303,United Kingdom,1,0.2530365859157156,414.58706675807366,104.90569593727383,Low,UK,Low-cost nurture
15339,5,1246.95,249.39,722,108,47,United Kingdom,1,0.836850012784777,1324.6050475676188,1108.495750991742,High,UK,Protect loyalty
15340,1,105.5,105.5,76,7,187,United Kingdom,1,0.2783178455689777,252.9071166631346,70.38856383874572,Low,UK,Low-cost nurture
15341,1,382.2,382.2,196,7,75,United Kingdom,1,0.4696795755531344,822.874984285321,386.4875733524217,Medium,UK,Low-cost nurture
15346,2,343.7,171.85000000000002,116,20,51,United Kingdom,1,0.5925371814147941,569.8780458779419,337.6739310546864,Medium,UK,Low-cost nurture
15347,3,960.4,320.1333333333334,412,25,4,United Kingdom,1,0.7713022048639769,1321.7759342208053,1019.48869240065,High,UK,Protect loyalty
15350,1,431.9500000000001,431.9500000000001,221,25,9,United Kingdom,1,0.5743880901229192,835.4822783423065,479.89107018858266,Medium,UK,Low-cost nurture
15351,3,1495.56,498.52,608,72,30,United Kingdom,1,0.7859546676478418,1669.18706460203,1311.9053646013651,High,UK,Protect loyalty
15352,1,111.15,111.15,40,34,174,United Kingdom,1,0.2963013470945926,221.09238625178529,65.50997187876196,Low,UK,Low-cost nurture
15353,5,2024.35,404.87,1050,238,12,United Kingdom,1,0.8785737650095168,1870.4407633317544,1643.3201836676535,Very High,UK,Protect loyalty
15354,3,284.4,94.8,3,1,229,United Kingdom,1,0.3017086387430063,503.4844680239609,151.90561347575593,Low,UK,Low-cost nurture
15356,3,521.54,173.84666666666666,249,136,6,United Kingdom,1,0.7628258147203749,643.8976624549783,491.1817589587638,Medium,UK,Grow customer value
15358,20,8078.66,403.933,7852,258,0,United Kingdom,1,0.9758097295237532,6777.289835078302,6613.345360871839,Very High,UK,Protect loyalty
15359,8,181.35,22.66875,145,10,288,United Kingdom,1,0.5577458110983103,290.8850377862363,162.23991133644702,Low,UK,Low-cost nurture
15361,3,270.15,90.05,37,3,152,United Kingdom,1,0.4686185469116689,490.541300944353,229.8767516487024,Low,UK,Low-cost nurture
15362,2,613.08,306.54,368,38,74,United Kingdom,1,0.6390555201520143,859.8954408621656,549.5209282365169,Medium,UK,Low-cost nurture
15363,1,352.11,352.11,239,19,118,United Kingdom,1,0.4431103947645301,667.9523180601271,295.97661533950594,Medium,UK,Low-cost nurture
15365,6,2242.81,373.8016666666667,1047,82,29,United Kingdom,1,0.87885257355882,2286.2504397142334,2009.2770827428376,Very High,UK,Protect loyalty
15366,5,1786.57,357.314,1826,67,35,United Kingdom,1,0.8630341249183805,1941.7774070500475,1675.8201652797195,Very High,UK,Protect loyalty
15367,7,3203.74,457.6771428571428,1887,148,44,United Kingdom,1,0.902206581806322,2881.9460944326734,2600.1107348081823,Very High,UK,Protect loyalty
15368,1,275.8,275.8,176,4,20,United Kingdom,1,0.5061547689070008,690.4965982605638,349.4981461236459,Medium,UK,Low-cost nurture
15369,11,6251.26,568.2963636363637,3288,44,118,United Kingdom,1,0.9134192973263688,5699.65844371095,5206.17801065476,Very High,UK,Protect loyalty
15370,1,1352.96,1352.96,567,50,36,United Kingdom,1,0.6313517577126542,1995.8132007188308,1260.060172339952,High,UK,Win back now
15371,1,59.400000000000006,59.400000000000006,12,1,288,United Kingdom,1,0.1355605448782463,165.8910779267849,22.48828491419458,Low,UK,Low-cost nurture
15372,7,4009.66,572.8085714285714,3486,19,76,United Kingdom,1,0.8857477750215009,4357.483073677041,3859.63093720329,Very High,UK,Protect loyalty
15373,5,668.63,133.726,226,45,34,United Kingdom,1,0.7967923270894982,864.5929360737709,688.9010175193617,High,UK,Grow customer value
15374,1,139.32,139.32,164,6,250,United Kingdom,1,0.2508571726718856,312.5413074181166,78.40322872208337,Low,UK,Low-cost nurture
15375,1,60.96,60.96,84,6,316,United Kingdom,1,0.1666880977627025,147.36682851854238,24.564296319078213,Low,UK,Low-cost nurture
15377,4,1211.75,302.9375,253,15,8,United Kingdom,1,0.7921412170793926,1653.4282290052963,1309.7486496776803,High,UK,Protect loyalty
15378,2,246.5,123.25,130,8,88,United Kingdom,1,0.5274622836276613,465.2813956290757,245.4183874679776,Low,UK,Low-cost nurture
15379,1,1174.55,1174.55,695,69,26,United Kingdom,1,0.649007669741451,1726.4798487771673,1120.498663510442,High,UK,Win back now
15380,6,1558.7,259.78333333333336,578,6,46,United Kingdom,1,0.8287423560896171,2214.23768365666,1835.0325548960368,Very High,UK,Protect loyalty
15381,3,1293.72,431.24,631,16,49,United Kingdom,1,0.7480057403634729,1735.118945724467,1297.8789316153186,High,UK,Protect loyalty
15382,6,7777.84,1296.3066666666666,5166,196,0,United Kingdom,1,0.9305692292326876,6139.990771558071,5713.686479784608,Very High,UK,Protect loyalty
15384,2,1385.38,692.69,1171,70,7,United Kingdom,1,0.7697556287034838,1702.745533050764,1310.6979583155394,High,UK,Protect loyalty
15385,2,625.2,312.6,267,8,18,United Kingdom,1,0.661010572375442,1082.4499296234956,715.5108475481837,High,UK,Win back now
15387,1,468.65,468.65,335,20,118,United Kingdom,1,0.466747530001845,848.5730744814447,396.069386540286,Medium,UK,Low-cost nurture
15389,4,2233.8,558.45,3540,2,26,United Kingdom,1,0.8322002407104211,3477.335695191649,2893.8396025694296,Very High,UK,Protect loyalty
15390,2,1216.66,608.33,894,77,22,Canada,0,0.7701376734386818,1893.715902442893,1458.4219592612037,High,Non-UK,Protect loyalty
15391,1,289.87,289.87,109,12,210,United Kingdom,1,0.3067750657900582,548.535943627942,168.27715019467354,Low,UK,Low-cost nurture
15392,3,1376.09,458.69666666666666,867,48,0,United Kingdom,1,0.8089400275725196,1682.0872848841866,1360.7077346135986,High,UK,Protect loyalty
15393,3,659.48,219.82666666666668,228,29,193,United Kingdom,1,0.5590944681201224,809.9888017921436,452.8602583212338,Medium,UK,Low-cost nurture
15394,7,3103.26,443.3228571428572,1462,101,21,United Kingdom,1,0.905062568583014,2976.400481105384,2693.8286645609583,Very High,UK,Protect loyalty
15396,1,508.2000000000001,508.2000000000001,156,2,209,United Kingdom,1,0.3129897696684939,1053.2249414898135,329.6486318460098,Medium,UK,Win back now
15400,3,586.1,195.36666666666667,272,11,46,United Kingdom,1,0.6972183656476029,921.9923485670128,642.8299984074877,High,UK,Grow customer value
15401,2,216.95,108.475,93,14,78,United Kingdom,1,0.5316061183613638,394.3228379501272,209.6244332639042,Low,UK,Low-cost nurture
15402,4,1203.77,300.9425,1340,58,13,United Kingdom,1,0.8392604973322132,1442.3628251211485,1210.518141944671,High,UK,Protect loyalty
15403,2,170.88,85.44,492,6,117,United Kingdom,1,0.5238960611391101,353.6387581263875,185.2699524485409,Low,UK,Low-cost nurture
15404,1,257.06,257.06,334,16,1,United Kingdom,1,0.5704979023448863,577.1389980751906,329.2565877633256,Medium,UK,Low-cost nurture
15405,1,310.74,310.74,155,22,202,United Kingdom,1,0.337317207919452,549.7532859811363,185.4412434717009,Low,UK,Low-cost nurture
15406,2,465.16,232.58,293,66,79,United Kingdom,1,0.6260880970449326,634.8153436968174,397.45033051006527,Medium,UK,Low-cost nurture
15409,1,131.25,131.25,59,9,347,United Kingdom,1,0.1602915406838611,259.3634123412856,41.57376096120823,Low,UK,Low-cost nurture
15410,2,1234.88,617.44,702,32,194,United Kingdom,1,0.5546540772178532,1450.7971333608273,804.6905452345563,High,UK,Win back now
15413,5,6798.72,1359.744,2694,20,317,United Kingdom,1,0.678319681354508,5520.220616166079,3744.4742893643606,Very High,UK,Protect loyalty
15416,3,588.5,196.16666666666663,330,36,104,United Kingdom,1,0.6655276758919799,775.1518341523139,515.8849986467949,Medium,UK,Low-cost nurture
15418,2,449.42,224.71,264,64,51,United Kingdom,1,0.649886927679922,631.6636161003273,410.5099267946314,Medium,UK,Low-cost nurture
15420,6,743.0,123.83333333333331,844,52,60,United Kingdom,1,0.8333362113569406,932.9204764141122,777.4364153122483,High,UK,Grow customer value
15421,6,2854.98,475.83,1427,160,11,United Kingdom,1,0.8996932789249462,2635.342878476247,2371.0002754278007,Very High,UK,Protect loyalty
15422,5,1522.27,304.454,672,79,5,United Kingdom,1,0.8605380433736757,1676.1132355731886,1442.3592042128726,High,UK,Protect loyalty
15423,2,223.39,111.695,97,12,207,United Kingdom,1,0.3888498614604252,371.69691181071073,144.53429266286275,Low,UK,Low-cost nurture
15424,1,214.44,214.44,319,16,89,United Kingdom,1,0.4639163169129252,462.5030076615393,214.5626918754917,Low,UK,Low-cost nurture
15425,4,1941.12,485.28,1041,114,26,United Kingdom,1,0.8431143929371244,1957.0944199483436,1650.0544737953812,Very High,UK,Protect loyalty
15426,4,752.28,188.07,385,141,68,United Kingdom,1,0.7725232382960006,821.8087964467954,634.8663926912171,Medium,UK,Grow customer value
15428,3,668.97,222.99,245,35,13,United Kingdom,1,0.7447334449357103,924.7817791318648,688.7159201866489,High,UK,Grow customer value
15430,2,954.75,477.375,309,36,93,United Kingdom,1,0.6281498160875727,1231.2114504908527,773.3852461907428,High,UK,Win back now
15431,1,153.24,153.24,84,2,128,United Kingdom,1,0.3334732073572593,407.5070856732207,135.89269488025835,Low,UK,Low-cost nurture
15432,1,149.57,149.57,27,6,167,United Kingdom,1,0.2756633264746884,343.1871484192396,94.60411093661018,Low,UK,Low-cost nurture
15434,6,1525.5800000000002,254.2633333333333,776,60,0,United Kingdom,1,0.8793837316790155,1749.33006332353,1538.3323990237343,High,UK,Protect loyalty
15437,1,193.29,193.29,98,12,266,United Kingdom,1,0.2418309140433548,373.3615365700273,90.29036165736116,Low,UK,Low-cost nurture
15439,4,1269.05,317.26250000000005,572,49,30,United Kingdom,1,0.8099705014481668,1494.9560710015826,1210.8703184721332,High,UK,Protect loyalty
15441,3,1254.21,418.07,587,45,22,United Kingdom,1,0.7806874314252237,1531.0933612204933,1195.3053434434391,High,UK,Protect loyalty
15443,7,1900.64,271.52000000000004,1060,212,100,United Kingdom,1,0.8624692468588351,1691.0135799416707,1458.447208720355,High,UK,Protect loyalty
15445,1,171.0,171.0,60,9,216,United Kingdom,1,0.2637544007576028,358.68035910263904,94.60352317863835,Low,UK,Low-cost nurture
15446,3,399.75,133.25,265,90,2,United Kingdom,1,0.7546429707099743,544.0106205403946,410.53379078238,Medium,UK,Grow customer value
15447,4,337.71000000000004,84.42750000000001,143,20,153,United Kingdom,1,0.6064958895484192,487.6788009090548,295.7751881712436,Medium,UK,Low-cost nurture
15448,1,294.17,294.17,255,21,300,United Kingdom,1,0.2582460869527697,493.06734058933927,127.33271131140542,Low,UK,Low-cost nurture
15451,2,226.86,113.43,76,56,60,United Kingdom,1,0.5712477651690131,352.4904203687781,201.3593648791505,Low,UK,Low-cost nurture
15452,3,1256.63,418.8766666666667,807,126,16,United Kingdom,1,0.8053021931806866,1372.1204759781515,1104.971628613333,High,UK,Protect loyalty
15454,1,126.89,126.89,60,15,244,United Kingdom,1,0.2384317129258842,258.5071880588657,61.63631165252903,Low,UK,Low-cost nurture
15455,1,38.25,38.25,3,2,223,United Kingdom,1,0.1461414035232544,113.21624065828615,16.54558031142848,Low,UK,Low-cost nurture
15456,7,1656.93,236.7042857142857,2094,105,29,United Kingdom,1,0.8982571112949685,1753.6124833382214,1575.194883614187,Very High,UK,Protect loyalty
15458,1,208.8,208.8,144,6,28,United Kingdom,1,0.4859120774703041,520.4760631708708,252.90560512892307,Medium,UK,Low-cost nurture
15459,2,202.83,101.415,121,6,43,United Kingdom,1,0.5628578129297152,421.7971859291253,237.41184157197588,Low,UK,Low-cost nurture
15461,2,429.7,214.85,230,1,86,United Kingdom,1,0.5424775513962841,895.7845440891205,485.9430060561027,Medium,UK,Low-cost nurture
15462,1,502.45,502.45,323,30,71,United Kingdom,1,0.5280789059615697,890.2330651554328,470.1133030980957,Medium,UK,Low-cost nurture
15465,14,4745.78,338.9842857142857,1381,77,2,United Kingdom,1,0.9506050390530688,4673.120542669836,4442.291935964357,Very High,UK,Protect loyalty
15466,3,1225.93,408.6433333333334,695,172,15,United Kingdom,1,0.8057411824912319,1292.8859912252117,1041.7314873961504,High,UK,Protect loyalty
15468,1,962.97,962.97,1245,56,18,United Kingdom,1,0.6656220698027886,1522.99097740828,1013.7364066734714,High,UK,Win back now
15469,1,335.70000000000005,335.70000000000005,134,19,64,United Kingdom,1,0.4809207835100575,662.9005794442701,318.8026660556095,Medium,UK,Low-cost nurture
15470,1,63.42,63.42,232,4,201,United Kingdom,1,0.2751627074691816,176.71176740884954,48.62448836188332,Low,UK,Low-cost nurture
15471,2,837.53,418.765,414,67,6,United Kingdom,1,0.7276249284309748,1103.9165717204285,803.2372164918438,High,UK,Protect loyalty
15473,1,274.8,274.8,104,3,70,United Kingdom,1,0.4275004639284744,673.6848912232343,288.0006035395365,Medium,UK,Low-cost nurture
15474,1,150.35,150.35,55,19,221,United Kingdom,1,0.2634840001985991,294.828745485341,77.68265723401232,Low,UK,Low-cost nurture
15476,4,2209.98,552.495,1174,67,6,United Kingdom,1,0.8542385740669692,2364.587082025665,2019.92149720678,Very High,UK,Protect loyalty
15477,1,368.4,368.4,216,2,275,United Kingdom,1,0.2526984275209666,768.332833903773,194.1564989402115,Low,UK,Low-cost nurture
15478,1,583.5600000000001,583.5600000000001,319,24,201,United Kingdom,1,0.3856104636970534,934.8304141266584,360.4803894694892,Medium,UK,Low-cost nurture
15479,1,147.4,147.4,38,9,359,United Kingdom,1,0.1475122374117202,280.951827008802,41.443832606978965,Low,UK,Low-cost nurture
15480,4,5373.5,1343.375,1549,162,91,Malta,0,0.851841300387264,5369.876726314608,4574.28277346314,Very High,Non-UK,Protect loyalty
15481,1,1993.34,1993.34,1450,38,27,Norway,0,0.7051980612516171,3720.3786571451647,2623.603816140665,Very High,Non-UK,Protect loyalty
15482,7,3537.6,505.37142857142857,1512,41,12,United Kingdom,1,0.9048554712868428,3721.0948862102737,3367.053066964858,Very High,UK,Protect loyalty
15483,6,592.56,98.76,614,149,11,United Kingdom,1,0.8615351500136263,705.2803782362125,607.6238364654025,Medium,UK,Grow customer value
15484,2,1061.69,530.845,924,53,166,United Kingdom,1,0.5984374756149464,1237.9143228652013,740.8143224030368,High,UK,Win back now
15485,4,2246.42,561.605,872,38,39,United Kingdom,1,0.823148609103713,2483.6697702863994,2044.429316884188,Very High,UK,Protect loyalty
15486,1,102.0,102.0,40,1,153,United Kingdom,1,0.2686548863552729,294.9959462650264,79.25210241909687,Low,UK,Low-cost nurture
15487,1,231.32,231.32,144,14,305,United Kingdom,1,0.2271182035208289,416.3826182277963,94.56807222919628,Low,UK,Low-cost nurture
15488,4,340.6,85.15,178,8,82,United Kingdom,1,0.6723851847045896,576.926465126335,387.9168078149367,Medium,UK,Low-cost nurture
15489,5,1285.3300000000002,257.066,656,43,26,United Kingdom,1,0.8390224684833263,1536.8609667204753,1289.4608820134845,High,UK,Protect loyalty
15490,1,210.85,210.85,82,22,56,United Kingdom,1,0.4575844863022905,440.8550954045346,201.7284523644313,Low,UK,Low-cost nurture
15493,4,2168.27,542.0675,655,201,15,United Kingdom,1,0.8486538881695648,2008.248204804667,1704.307647417029,Very High,UK,Protect loyalty
15494,3,2422.02,807.34,1913,219,104,United Kingdom,1,0.7842495576449993,2108.330763377118,1653.4574685478483,Very High,UK,Protect loyalty
15495,1,246.5,246.5,194,20,5,United Kingdom,1,0.5493255561389716,536.5378061568313,294.7339287566851,Medium,UK,Low-cost nurture
15496,1,146.14,146.14,98,22,257,United Kingdom,1,0.249529807645853,277.98039376556187,69.36439418563914,Low,UK,Low-cost nurture
15497,7,7395.19,1056.4557142857143,2313,61,8,United Kingdom,1,0.922226744444972,6653.613769740525,6136.140565662043,Very High,UK,Protect loyalty
15498,17,11656.46,685.6741176470589,6029,333,1,United Kingdom,1,0.9730996382981204,8724.048789557017,8489.368721613087,Very High,UK,Protect loyalty
15499,1,158.65,158.65,59,40,349,United Kingdom,1,0.1781222798153367,256.1450355985015,45.62513770418567,Low,UK,Low-cost nurture
15501,2,399.95,199.975,205,64,30,United Kingdom,1,0.6589920372135374,579.9963192260651,382.2129559831378,Medium,UK,Low-cost nurture
15502,2,2618.94,1309.47,1323,107,64,United Kingdom,1,0.7497898623836675,2645.443580998397,1983.5267785405445,Very High,UK,Protect loyalty
15503,1,116.26,116.26,60,50,352,United Kingdom,1,0.1721538382765096,192.0394090033955,33.06032136028704,Low,UK,Low-cost nurture
15504,3,349.87,116.62333333333332,108,33,146,United Kingdom,1,0.5633320916262716,481.68335399190096,271.3476913058154,Medium,UK,Low-cost nurture
15506,3,1058.25,352.75,795,82,7,United Kingdom,1,0.8021069383928524,1258.9998084909384,1009.8524818258542,High,UK,Protect loyalty
15509,1,152.41,152.41,58,26,6,United Kingdom,1,0.4920605900905506,340.9202501109003,167.75341944338774,Low,UK,Low-cost nurture
15512,2,210.58,105.29,167,22,16,United Kingdom,1,0.6261966247657011,387.5953095413032,242.7108746097812,Low,UK,Low-cost nurture
15513,16,11678.83,729.926875,4768,151,25,United Kingdom,1,0.9656070801560944,9322.4253272855,9001.799900253374,Very High,UK,Protect loyalty
15514,7,2368.34,338.3342857142857,1989,97,5,United Kingdom,1,0.9110542421215104,2428.837423170455,2212.8026378029217,Very High,UK,Protect loyalty
15515,1,171.81,171.81,131,7,13,United Kingdom,1,0.4945239006567726,439.66358477234405,217.4241509183592,Low,UK,Low-cost nurture
15518,7,2268.44,324.0628571428571,1547,166,5,United Kingdom,1,0.9108845557871168,2188.639873298404,1993.598258767388,Very High,UK,Protect loyalty
15519,2,344.61,172.305,116,34,9,United Kingdom,1,0.6461130853622103,555.2524821461047,358.75589439444536,Medium,UK,Low-cost nurture
15521,8,4098.04,512.255,2671,121,26,United Kingdom,1,0.9230242532998378,3723.675687628708,3437.042971104248,Very High,UK,Protect loyalty
15523,15,16847.18,1123.1453333333334,15501,63,14,United Kingdom,1,0.9703343722949868,14368.02437326703,13941.787911353134,Very High,UK,Protect loyalty
15524,1,151.4,151.4,24,8,232,United Kingdom,1,0.2222177096941968,319.01786895505927,70.8914201907167,Low,UK,Low-cost nurture
15525,1,155.85,155.85,140,24,8,United Kingdom,1,0.5204738624792664,355.36132087659485,184.95627925237528,Low,UK,Low-cost nurture
15527,15,3126.36,208.424,1220,119,20,United Kingdom,1,0.9472200041145196,3103.5460224021,2939.7408761093184,Very High,UK,Protect loyalty
15529,1,821.06,821.06,816,122,20,United Kingdom,1,0.6577272619657853,1204.6796773953383,792.3506657590615,High,UK,Win back now
15530,1,311.37,311.37,390,31,138,United Kingdom,1,0.442517451639387,565.5827605792562,250.280241902702,Medium,UK,Low-cost nurture
15532,6,2174.12,362.3533333333333,822,281,2,United Kingdom,1,0.8962491321846815,1957.3645388345876,1754.2862692995682,Very High,UK,Protect loyalty
15534,1,162.25,162.25,63,8,351,United Kingdom,1,0.1623607561332835,312.9180652484878,50.80561368150863,Low,UK,Low-cost nurture
15535,2,541.47,270.735,179,50,30,United Kingdom,1,0.6608188035305191,767.2906751480795,507.0401059114781,Medium,UK,Low-cost nurture
15536,1,259.09,259.09,242,16,35,United Kingdom,1,0.5216200455481813,562.4962820725808,293.40933627538226,Medium,UK,Low-cost nurture
15538,6,3358.4,559.7333333333333,1016,3,163,United Kingdom,1,0.7698204334241178,4144.057014101404,3190.1797667297983,Very High,UK,Protect loyalty
15540,1,247.38,247.38,244,16,1,United Kingdom,1,0.5580208897605696,555.8715918168948,310.18796025828783,Medium,UK,Low-cost nurture
15542,3,855.71,285.2366666666667,418,212,138,United Kingdom,1,0.681243976426602,840.3149115021708,572.459471762307,Medium,UK,Grow customer value
15543,1,114.4,114.4,81,28,85,United Kingdom,1,0.4069960931868576,251.46900109774296,102.346901004383,Low,UK,Low-cost nurture
15544,11,4261.18,387.38000000000005,3636,121,32,United Kingdom,1,0.9412373759250028,3934.4597528363774,3703.260573442247,Very High,UK,Protect loyalty
15546,2,1079.1,539.5500000000001,198,6,232,United Kingdom,1,0.4327695932704108,1481.3416811593977,641.0796368498591,High,UK,Win back now
15547,12,5146.45,428.8708333333333,3279,365,2,United Kingdom,1,0.9560373327324168,4159.373424503308,3976.516274600241,Very High,UK,Protect loyalty
15548,1,158.09,158.09,64,23,221,United Kingdom,1,0.2718829920279363,301.5886975656216,81.9968374559496,Low,UK,Low-cost nurture
15549,5,652.7,130.54000000000002,242,43,47,United Kingdom,1,0.7876502379034513,844.2847694462062,665.0010995125648,High,UK,Grow customer value
15550,8,1635.42,204.4275,844,138,4,United Kingdom,1,0.9078460309025118,1696.6925075598954,1540.335558650281,High,UK,Protect loyalty
15551,6,1243.75,207.29166666666663,578,95,20,United Kingdom,1,0.8650769423328141,1368.4459838639525,1183.8110674686473,High,UK,Protect loyalty
15552,1,162.4,162.4,106,13,249,United Kingdom,1,0.2542742527284326,324.686365477031,82.55938295278283,Low,UK,Low-cost nurture
15555,20,6449.05,322.4525,4084,410,1,United Kingdom,1,0.9733977891144556,5248.375483375384,5108.75709196011,Very High,UK,Protect loyalty
15558,1,202.68,202.68,73,23,265,United Kingdom,1,0.244863519566808,359.3984789025937,88.00357647104632,Low,UK,Low-cost nurture
15559,1,1109.4,1109.4,526,62,194,United Kingdom,1,0.4513897886296549,1454.0339718977518,656.3360872352639,High,UK,Win back now
15560,2,153.52,76.76,72,10,23,United Kingdom,1,0.5648300135122869,319.1583413367843,180.27021024981497,Low,UK,Low-cost nurture
15561,4,1133.8,283.45,1067,44,9,United Kingdom,1,0.8331700099800198,1415.96585214534,1179.7402831633,High,UK,Protect loyalty
15562,2,536.88,268.44,521,31,50,United Kingdom,1,0.6667441124357625,807.8567118414726,538.6337063120162,Medium,UK,Low-cost nurture
15563,3,1459.02,486.34,1504,111,140,United Kingdom,1,0.7243957565900943,1447.6699995236916,1048.686004597746,High,UK,Protect loyalty
15564,2,70.74000000000001,35.370000000000005,42,4,89,United Kingdom,1,0.4283745001146668,174.10355354704316,74.58152271890174,Low,UK,Low-cost nurture
15566,2,227.87,113.935,153,9,18,United Kingdom,1,0.6089940912884378,455.9360736852711,277.6623748795799,Medium,UK,Low-cost nurture
15569,5,2207.74,441.54800000000006,1068,102,16,United Kingdom,1,0.8713172574724607,2217.836191633113,1932.438948016931,Very High,UK,Protect loyalty
15570,13,4587.67,352.8976923076923,2016,287,0,United Kingdom,1,0.9548335539944692,3889.687113760426,3714.003770758357,Very High,UK,Protect loyalty
15571,10,3241.92,324.192,2147,410,12,United Kingdom,1,0.9403704262660568,2704.936652652192,2543.642433077223,Very High,UK,Protect loyalty
15572,3,1431.78,477.2600000000001,876,113,6,United Kingdom,1,0.8157737503951004,1564.7324668399606,1276.4676728390116,High,UK,Protect loyalty
15573,3,597.23,199.07666666666668,415,104,244,United Kingdom,1,0.5435994039492941,623.0613838739131,338.6957968976815,Medium,UK,Low-cost nurture
15574,2,425.8,212.9,418,74,46,United Kingdom,1,0.6702823396979415,600.6544934376316,402.6080992114576,Medium,UK,Low-cost nurture
15575,1,30.1,30.1,6,3,245,United Kingdom,1,0.1422324245948856,89.12232638582476,12.67608456739261,Low,UK,Low-cost nurture
15577,2,137.15,68.575,31,20,349,United Kingdom,1,0.2163623030579561,205.1466537768169,44.38600247578526,Low,UK,Low-cost nurture
15579,3,923.03,307.6766666666667,596,106,9,United Kingdom,1,0.7937656308558366,1082.2518182972276,859.0542972955751,High,UK,Protect loyalty
15580,8,1375.39,171.92375,955,150,2,United Kingdom,1,0.9083986734400702,1459.4552852838513,1325.7672450969496,High,UK,Protect loyalty
15581,25,3804.63,152.1852,2745,438,13,United Kingdom,1,0.9736467724808188,3391.007209274018,3301.643224768836,Very High,UK,Protect loyalty
15583,1,95.96,95.96,56,37,2,United Kingdom,1,0.4843956047420559,223.0299001168894,108.03470334268096,Low,UK,Low-cost nurture
15584,2,547.34,273.67,170,93,25,United Kingdom,1,0.6748352097642115,721.781070153961,487.0832798811853,Medium,UK,Grow customer value
15586,3,1139.1,379.7000000000001,1338,30,218,United Kingdom,1,0.6141115304670526,1288.306546334714,791.1639048803339,High,UK,Win back now
15587,3,608.4,202.8,216,3,18,United Kingdom,1,0.7003024292507201,1104.4604490958743,773.4563355131822,High,UK,Protect loyalty
15588,1,579.6,579.6,96,4,303,United Kingdom,1,0.228295161898309,1018.8888200118648,232.6073881209857,Low,UK,Win back now
15590,5,1496.6,299.32,832,75,8,United Kingdom,1,0.8618177350422072,1664.8907101716472,1434.8323409329407,High,UK,Protect loyalty
15591,3,217.9,72.63333333333334,58,6,208,United Kingdom,1,0.4246589302725654,370.11848251629016,157.174118859473,Low,UK,Low-cost nurture
15595,1,357.6,357.6,144,4,113,United Kingdom,1,0.4057352479364988,794.9202806239746,322.52717714871955,Medium,UK,Low-cost nurture
15596,4,1321.13,330.2825,647,57,15,United Kingdom,1,0.825221459374838,1540.127476841462,1270.9462440623984,High,UK,Protect loyalty
15597,1,238.8,238.8,114,15,201,United Kingdom,1,0.3138838648909676,458.5681076331321,143.93712993962473,Low,UK,Low-cost nurture
15598,1,307.34,307.34,244,22,53,United Kingdom,1,0.5139578742029869,617.115441601693,317.1713405034436,Medium,UK,Low-cost nurture
15599,1,488.32,488.32,380,31,71,United Kingdom,1,0.5334020102041097,868.3743633605412,463.1926310262267,Medium,UK,Low-cost nurture
15600,4,1199.31,299.8275,657,55,54,United Kingdom,1,0.7961057981176108,1383.8769500255162,1101.7124637966283,High,UK,Protect loyalty
15601,16,7415.18,463.44875,5412,152,15,United Kingdom,1,0.9654233505088264,6434.226229395807,6211.752244315073,Very High,UK,Protect loyalty
15602,7,1840.09,262.87,1155,47,8,United Kingdom,1,0.8949587592927183,2117.198037007596,1894.8049283772968,Very High,UK,Protect loyalty
15603,1,40.0,40.0,32,2,274,United Kingdom,1,0.1565597285205802,117.08371807950006,18.33059511670669,Low,UK,Low-cost nurture
15605,4,543.72,135.93,200,30,214,United Kingdom,1,0.5766976869472527,663.1642217307157,382.44527273827873,Medium,UK,Low-cost nurture
15606,8,2310.83,288.85375,723,47,16,United Kingdom,1,0.898744702230276,2540.566307571416,2283.320509594544,Very High,UK,Protect loyalty
15607,8,1604.21,200.52625,1268,83,169,United Kingdom,1,0.8270876045292112,1569.2199937455796,1297.8824056063752,High,UK,Protect loyalty
15608,1,692.3,692.3,548,45,41,United Kingdom,1,0.5989917581128976,1147.5377254886844,687.3656396913427,High,UK,Win back now
15611,13,1405.83,108.14076923076922,243,24,9,United Kingdom,1,0.912240177999702,1860.083130315757,1696.842565893489,Very High,UK,Protect loyalty
15613,1,433.72,433.72,700,27,236,United Kingdom,1,0.3667035339783868,709.4728711682876,260.1662091192038,Medium,UK,Low-cost nurture
15614,4,3147.36,786.84,1632,73,63,United Kingdom,1,0.8348143589461513,3026.7961307811565,2526.8128715787625,Very High,UK,Protect loyalty
15615,24,10974.23,457.2595833333333,6582,193,16,United Kingdom,1,0.9777917665278448,9122.78646277342,8920.18549109153,Very High,UK,Protect loyalty
15616,1,317.11,317.11,137,13,64,United Kingdom,1,0.472790045085314,659.8682995066267,311.97916307410753,Medium,UK,Low-cost nurture
15617,3,828.5500000000001,276.18333333333334,485,41,22,United Kingdom,1,0.7635809604538092,1090.7755903800205,832.8954729419468,High,UK,Protect loyalty
15620,1,389.18,389.18,334,29,35,United Kingdom,1,0.5590793410810615,742.7650143189097,415.2645747834813,Medium,UK,Low-cost nurture
15622,8,4143.05,517.88125,2417,197,53,United Kingdom,1,0.9158516474215062,3466.1897569505927,3174.5155991787506,Very High,UK,Protect loyalty
15623,7,2136.02,305.1457142857143,962,77,19,United Kingdom,1,0.8934508464563427,2236.294566929876,1998.019273749218,Very High,UK,Protect loyalty
15625,5,1702.14,340.428,1832,78,2,United Kingdom,1,0.8800783113014592,1879.7176257273245,1654.298713773692,Very High,UK,Protect loyalty
15626,1,391.72,391.72,372,31,47,United Kingdom,1,0.5510618803044172,735.5050865659015,405.3088159764688,Medium,UK,Low-cost nurture
15627,2,566.9,283.45000000000005,344,23,83,United Kingdom,1,0.6159629614904889,846.577886629657,521.4606221807629,Medium,UK,Low-cost nurture
15628,8,2462.84,307.855,1675,82,27,United Kingdom,1,0.909370064335532,2524.6793771857374,2295.8678476579853,Very High,UK,Protect loyalty
15629,4,2240.9,560.225,1518,39,76,United Kingdom,1,0.8104721843755547,2423.686764554064,1964.3307063102527,Very High,UK,Protect loyalty
15630,1,295.05,295.05,187,20,270,United Kingdom,1,0.2752677337427156,506.1768103576558,139.33414346026825,Low,UK,Low-cost nurture
15631,1,596.67,596.67,525,39,268,United Kingdom,1,0.3417197321711789,861.6385251815713,294.4388860534162,Medium,UK,Low-cost nurture
15633,13,4335.96,333.5353846153846,2048,77,135,United Kingdom,1,0.9121622385877216,3903.334272819737,3560.474128251428,Very High,UK,Protect loyalty
15634,1,311.1,311.1,128,19,9,United Kingdom,1,0.5379648900524856,648.9217043405745,349.0970933282487,Medium,UK,Low-cost nurture
15635,1,100.35,100.35,5,2,21,United Kingdom,1,0.3413205010570042,297.36965461243625,101.498359511465,Low,UK,Low-cost nurture
15636,2,719.82,359.91,276,27,63,United Kingdom,1,0.6407305069058459,1026.9359190027703,657.9891719424658,High,UK,Win back now
15637,4,574.23,143.5575,523,23,39,United Kingdom,1,0.7721009221303287,834.7312279053335,644.4967507966895,High,UK,Grow customer value
15638,6,2265.2,377.5333333333333,1134,20,4,United Kingdom,1,0.8810186786096446,2774.685292722001,2444.5495701515524,Very High,UK,Protect loyalty
15639,2,639.76,319.88,526,40,77,United Kingdom,1,0.6500561775930038,889.1823316496922,578.0184676954335,Medium,UK,Low-cost nurture
15640,14,11078.2,791.3000000000001,5568,139,13,United Kingdom,1,0.9637887894675784,8994.437472484,8668.73800354718,Very High,UK,Protect loyalty
15641,8,3458.35,432.29375,2860,168,22,United Kingdom,1,0.92490275838751,3120.8646816570827,2886.496352618794,Very High,UK,Protect loyalty
15642,1,105.78,105.78,270,6,355,United Kingdom,1,0.1772737869097098,230.69044110092725,40.89536809783275,Low,UK,Low-cost nurture
15645,2,443.16,221.58,140,16,40,United Kingdom,1,0.6161103959060995,731.301220795023,450.5622846706355,Medium,UK,Low-cost nurture
15646,2,337.17,168.58499999999998,427,33,20,United Kingdom,1,0.6755688954847275,554.8189936529704,374.8184547360853,Medium,UK,Grow customer value
15647,1,169.0,169.0,124,11,41,United Kingdom,1,0.4683176309507146,403.7198224209474,189.06911080402128,Low,UK,Low-cost nurture
15649,2,844.3499999999999,422.175,173,8,1,United Kingdom,1,0.6742706367945825,1399.8429995661606,943.8730307299136,High,UK,Protect loyalty
15650,2,553.88,276.94,210,33,147,United Kingdom,1,0.5344161195997922,750.9417715747087,401.3153876103493,Medium,UK,Low-cost nurture
15651,2,612.76,306.38,392,28,46,United Kingdom,1,0.6644578832267178,911.3111033686172,605.5278467053159,Medium,UK,Low-cost nurture
15652,4,1068.2,267.05,449,76,13,United Kingdom,1,0.8172712362973694,1240.5796382613864,1013.8900546872268,High,UK,Protect loyalty
15658,3,1093.17,364.39,385,48,67,United Kingdom,1,0.729368471255485,1298.064708063447,946.7674717109336,High,UK,Protect loyalty
15659,2,226.04,113.02,50,8,12,United Kingdom,1,0.5749288516896677,452.0124656418584,259.875007820889,Medium,UK,Low-cost nurture
15660,6,1002.83,167.13833333333332,733,39,7,United Kingdom,1,0.8642562819429261,1288.0481071144643,1113.203668018371,High,UK,Protect loyalty
15661,6,906.15,151.025,543,26,5,United Kingdom,1,0.8546687206236967,1236.162992663276,1056.509843421882,High,UK,Protect loyalty
15662,2,283.73,141.865,145,12,287,United Kingdom,1,0.328001876476362,429.0105629489622,140.71626967544003,Low,UK,Low-cost nurture
15664,3,867.6,289.2,373,46,75,United Kingdom,1,0.7135617264146886,1068.0183666535306,762.0970295518892,High,UK,Protect loyalty
15665,3,1764.86,588.2866666666666,1123,122,37,United Kingdom,1,0.8056822413744332,1810.6504500957717,1458.8089129787877,High,UK,Protect loyalty
15666,2,632.94,316.47,469,62,98,United Kingdom,1,0.6317543310911237,821.7769414946116,519.1611419800378,Medium,UK,Low-cost nurture
15670,1,152.15,152.15,41,7,182,United Kingdom,1,0.2764108023251964,340.9834572943511,94.25151101035092,Low,UK,Low-cost nurture
15672,1,45.3,45.3,10,3,351,United Kingdom,1,0.1046389297983976,115.6819935988575,12.104840007129532,Low,UK,Low-cost nurture
15673,5,3478.09,695.618,1823,95,77,United Kingdom,1,0.855655066443778,3148.0036090452186,2693.605237262839,Very High,UK,Protect loyalty
15674,8,4501.63,562.70375,2373,199,43,United Kingdom,1,0.9200364264567744,3739.0100374608687,3440.025433351508,Very High,UK,Protect loyalty
15675,1,218.35,218.35,97,14,30,United Kingdom,1,0.4857828151951656,489.0395807798542,237.5670242931012,Low,UK,Low-cost nurture
15677,2,648.4,324.2,356,32,47,United Kingdom,1,0.6644854291238268,938.4620013455,623.5943256804699,Medium,UK,Low-cost nurture
15678,2,1473.24,736.62,838,67,21,United Kingdom,1,0.7506729711014299,1771.9840581007356,1330.180537638848,High,UK,Protect loyalty
15680,7,2695.01,385.0014285714286,1791,115,40,United Kingdom,1,0.899084511888514,2575.4339662314605,2315.5327904303126,Very High,UK,Protect loyalty
15681,9,1563.54,173.72666666666666,576,23,5,United Kingdom,1,0.8989377521424112,2016.0415597747,1812.295867969549,Very High,UK,Protect loyalty
15682,2,318.24,159.12,222,25,225,United Kingdom,1,0.4235249966159314,459.5610829074597,194.63560608319565,Low,UK,Low-cost nurture
15683,1,330.79,330.79,201,16,99,United Kingdom,1,0.4526542962348371,654.1327332824169,296.09599202812285,Medium,UK,Low-cost nurture
15684,3,173.95,57.98333333333333,77,9,173,United Kingdom,1,0.4715673969078534,303.98432344406564,143.349096107313,Low,UK,Low-cost nurture
15685,1,55.98,55.98,36,17,76,United Kingdom,1,0.3557692489447113,145.95605267585896,51.92667523942506,Low,UK,Low-cost nurture
15686,1,90.0,90.0,72,1,46,United Kingdom,1,0.3875246467617285,292.0672048810292,113.1832404022062,Low,UK,Low-cost nurture
15688,1,190.57,190.57,95,26,44,United Kingdom,1,0.4754064901443262,402.1968217263267,191.20697936411625,Low,UK,Low-cost nurture
15689,1,266.93,266.93,123,15,243,United Kingdom,1,0.2803674934502673,487.6491568310853,136.72097178386767,Low,UK,Low-cost nurture
15691,3,434.5,144.83333333333334,140,10,20,United Kingdom,1,0.690747257146992,732.3192924260428,505.8475425991151,Medium,UK,Grow customer value
15693,1,37.5,37.5,30,1,285,United Kingdom,1,0.1439658185435895,115.4466761309415,16.62037522732767,Low,UK,Low-cost nurture
15694,10,3499.08,349.908,790,42,22,United Kingdom,1,0.9175634800574258,3682.433106277757,3378.866136074895,Very High,UK,Protect loyalty
15695,2,721.0600000000001,360.53,272,35,223,United Kingdom,1,0.4696809349842803,880.0451732121131,413.3404397826682,Medium,UK,Low-cost nurture
15696,5,1170.11,234.022,371,36,49,United Kingdom,1,0.808252654099184,1410.7228128105628,1140.2204576524036,High,UK,Protect loyalty
15697,1,246.75,246.75,127,14,315,United Kingdom,1,0.217952859298593,435.1066796363813,94.83274492666622,Low,UK,Low-cost nurture
15698,1,46.2,46.2,60,2,250,United Kingdom,1,0.187424749861968,135.8503004110049,25.46170857320581,Low,UK,Low-cost nurture
15702,2,140.39,70.195,103,30,102,Nigeria,0,0.5357974118517265,315.68286963076054,169.14206451408748,Low,Non-UK,Low-cost nurture
15704,2,1441.04,720.52,681,75,128,United Kingdom,1,0.6451729960066872,1572.7294804323403,1014.6825907985736,High,UK,Win back now
15708,2,651.9,325.95000000000005,248,48,16,United Kingdom,1,0.690283178344566,915.509444985163,631.9607694888279,Medium,UK,Grow customer value
15709,1,194.6,194.6,48,20,215,United Kingdom,1,0.2733723672608057,364.4946100081456,99.64275439173096,Low,UK,Low-cost nurture
15710,1,898.87,898.87,641,110,43,United Kingdom,1,0.6274681630879729,1286.7394087516664,807.3880131823124,High,UK,Win back now
15711,2,420.25,210.125,199,25,182,United Kingdom,1,0.4777624920479542,598.4215793590454,285.9033850498501,Medium,UK,Low-cost nurture
15712,7,2400.05,342.86428571428576,791,69,5,United Kingdom,1,0.8975829949672295,2516.1627634798647,2258.464909069278,Very High,UK,Protect loyalty
15713,2,482.94,241.47000000000003,301,32,245,United Kingdom,1,0.4321728798380203,626.2099691338806,270.63096574386697,Medium,UK,Low-cost nurture
15714,3,453.93,151.31,175,14,79,United Kingdom,1,0.6459360248414451,701.4379269460684,453.08402620456735,Medium,UK,Low-cost nurture
15715,5,658.02,131.60399999999998,246,33,181,United Kingdom,1,0.6668772392103529,789.4091978846076,526.4390264925463,Medium,UK,Low-cost nurture
15716,7,1384.15,197.7357142857143,641,117,79,United Kingdom,1,0.8538028435674275,1403.45007304177,1198.2696631679771,High,UK,Protect loyalty
15717,4,456.7000000000001,114.175,154,13,47,United Kingdom,1,0.7177867168113969,715.8526441225857,513.8295191455081,Medium,UK,Grow customer value
15718,1,293.79,293.79,95,18,166,United Kingdom,1,0.3528224837614657,547.4158181462072,193.14060860865968,Low,UK,Low-cost nurture
15719,18,5165.9,286.9944444444444,2638,283,7,United Kingdom,1,0.9663122936177548,4447.175859737213,4297.360705144177,Very High,UK,Protect loyalty
15720,1,140.49,140.49,46,25,176,United Kingdom,1,0.3011871116263221,278.8277742269869,83.97933196062246,Low,UK,Low-cost nurture
15722,6,3022.79,503.79833333333335,1256,74,71,United Kingdom,1,0.8649591654877639,2883.1954641484326,2493.8463426079343,Very High,UK,Protect loyalty
15723,3,740.0,246.66666666666663,354,77,37,United Kingdom,1,0.7483749431634509,905.8700277163838,677.9304305057224,High,UK,Grow customer value
15724,1,92.6,92.6,44,6,26,United Kingdom,1,0.4162932207819748,259.2178908994063,107.9106506868244,Low,UK,Low-cost nurture
15726,1,321.91,321.91,123,23,16,United Kingdom,1,0.5334824540788053,649.2917237756368,346.3857422128845,Medium,UK,Low-cost nurture
15727,8,4212.65,526.58125,2845,278,13,United Kingdom,1,0.9320499706162304,3490.93683202526,3253.72757171226,Very High,UK,Protect loyalty
15728,2,544.6,272.3,132,10,5,United Kingdom,1,0.6501607188330969,939.728306578556,610.9744313129229,Medium,UK,Low-cost nurture
15729,2,107.55,53.775000000000006,19,5,26,United Kingdom,1,0.490325324129418,249.32847144644043,122.25206357666823,Low,UK,Low-cost nurture
15730,2,605.7,302.85,372,40,7,United Kingdom,1,0.7058119829994265,891.9723034384159,629.5647402704345,Medium,UK,Grow customer value
15731,1,125.3,125.3,122,8,179,United Kingdom,1,0.306862017244916,292.0059007094632,89.60551973912453,Low,UK,Low-cost nurture
15732,8,1249.85,156.23125,1049,52,134,United Kingdom,1,0.8350380277328211,1379.4320385806457,1151.8782088878472,High,UK,Protect loyalty
15734,2,923.85,461.925,170,14,62,United Kingdom,1,0.6234285753438952,1353.129402467945,843.5795356365271,High,UK,Win back now
15735,1,327.68,327.68,206,19,47,United Kingdom,1,0.5143955725190263,663.2657760949519,341.1809786266391,Medium,UK,Low-cost nurture
15736,2,1767.12,883.56,1208,95,61,United Kingdom,1,0.7367630652402698,1931.265413733971,1422.8850260151582,High,UK,Protect loyalty
15738,25,8230.9,329.236,6048,64,28,United Kingdom,1,0.9741165305944663,8127.953784126205,7917.574141025183,Very High,UK,Protect loyalty
15741,2,208.62,104.31,70,11,84,United Kingdom,1,0.5091174300182675,388.276786880986,197.67847987259813,Low,UK,Low-cost nurture
15742,1,156.87,156.87,51,41,245,United Kingdom,1,0.2528752373260582,273.8841315492816,69.25851476536593,Low,UK,Low-cost nurture
15747,6,1553.17,258.8616666666667,878,78,1,United Kingdom,1,0.8831121485038382,1723.987653670942,1522.4744408274364,High,UK,Protect loyalty
15748,2,465.45,232.725,211,16,75,United Kingdom,1,0.5944049612783655,746.5555204828748,443.7563052447732,Medium,UK,Low-cost nurture
15750,10,3989.941,398.9941,2498,241,0,United Kingdom,1,0.9440089731541068,3469.447467437391,3275.189541147688,Very High,UK,Protect loyalty
15751,11,1380.44,125.49454545454546,443,90,86,United Kingdom,1,0.884480311275847,1470.2989857695625,1300.4505046020247,High,UK,Protect loyalty
15752,2,1298.31,649.155,832,167,27,United Kingdom,1,0.7547088094014757,1423.6972079556954,1074.476824764448,High,UK,Protect loyalty
15754,6,2579.04,429.84,1563,90,119,United Kingdom,1,0.8407611264500306,2384.89216421132,2005.1246224441604,Very High,UK,Protect loyalty
15755,11,3628.87,329.8972727272727,2607,181,5,United Kingdom,1,0.9454706860624514,3330.288277736451,3148.6899427372223,Very High,UK,Protect loyalty
15757,4,2225.94,556.485,1266,127,12,United Kingdom,1,0.858316291343924,2198.1044922789515,1886.6688957992883,Very High,UK,Protect loyalty
15759,4,577.89,144.4725,463,7,137,United Kingdom,1,0.6639245719530905,884.3859624901934,587.1655715876236,Medium,UK,Low-cost nurture
15760,2,13916.34,6958.17,2,1,256,Norway,0,0.3618827100499065,17036.936201288532,6165.372643469654,Very High,Non-UK,Win back now
15761,1,143.05,143.05,31,5,68,United Kingdom,1,0.3724919572231155,364.9127548133699,135.927066256111,Low,UK,Low-cost nurture
15764,2,1223.11,611.555,895,69,60,United Kingdom,1,0.7131599303402012,1467.2915283107652,1046.4135241188726,High,UK,Protect loyalty
15765,1,370.63,370.63,335,25,292,United Kingdom,1,0.28241690910995,592.9106371747262,167.44798952929722,Low,UK,Low-cost nurture
15766,2,516.0,258.0,164,15,82,United Kingdom,1,0.5807504419567324,811.6164566093253,471.3466158752228,Medium,UK,Low-cost nurture
15768,31,14687.06,473.7761290322581,3971,416,102,United Kingdom,1,0.9748024550704968,10175.364261940937,9918.970063776618,Very High,UK,Protect loyalty
15769,20,32359.8,1617.99,19396,11,0,United Kingdom,1,0.978213094263468,31750.971824159424,31059.216393983177,Very High,UK,Protect loyalty
15770,1,321.45,321.45,67,18,238,United Kingdom,1,0.2758101407496439,554.4541917493513,152.92408866561863,Low,UK,Low-cost nurture
15771,3,1006.54,335.5133333333333,512,26,230,United Kingdom,1,0.5606282376639738,1150.591798781321,645.0542524213935,High,UK,Win back now
15772,1,280.88,280.88,110,16,44,United Kingdom,1,0.4864644147766963,589.4602985497002,286.75145916807656,Medium,UK,Low-cost nurture
15773,1,138.84,138.84,99,37,35,United Kingdom,1,0.4815009367131672,298.6380610963378,143.79450615609073,Low,UK,Low-cost nurture
15774,5,1017.54,203.508,378,69,44,United Kingdom,1,0.8162328635744316,1168.178352365622,953.5055617170532,High,UK,Protect loyalty
15775,1,45.6,45.6,192,2,257,United Kingdom,1,0.2083846993757269,136.37511749204776,28.41848786090982,Low,UK,Low-cost nurture
15777,3,715.5,238.5,221,15,22,United Kingdom,1,0.7239544415127626,1068.384554020716,773.4617431269294,High,UK,Protect loyalty
15778,1,307.95000000000005,307.95000000000005,101,17,57,United Kingdom,1,0.4734471055396504,624.9417146439747,295.876845929176,Medium,UK,Low-cost nurture
15779,2,124.08,62.04,20,8,89,United Kingdom,1,0.4349700514298935,254.58875514256945,110.73848391783598,Low,UK,Low-cost nurture
15782,1,1399.36,1399.36,980,18,56,United Kingdom,1,0.6122730088951174,2296.100631922433,1405.8404426331283,High,UK,Win back now
15784,2,848.33,424.165,381,33,93,United Kingdom,1,0.6294648085905155,1130.717367288991,711.7467911705363,High,UK,Win back now
15785,11,3640.96,330.99636363636364,2867,78,5,United Kingdom,1,0.942871344838386,3696.0898794481095,3484.9372352787877,Very High,UK,Protect loyalty
15786,2,3582.62,1791.31,2617,166,43,United Kingdom,1,0.7974254291230438,3358.582840698753,2678.219362989495,Very High,UK,Protect loyalty
15788,1,221.83,221.83,115,14,134,United Kingdom,1,0.3783675773555043,458.0389575831337,173.3070907151709,Low,UK,Low-cost nurture
15789,5,1610.71,322.142,2061,90,57,United Kingdom,1,0.8539460883805988,1693.8317253456428,1446.4409762338726,High,UK,Protect loyalty
15791,3,1995.65,665.2166666666666,1239,73,155,United Kingdom,1,0.708342501309127,1947.5071939103727,1379.5021170519924,High,UK,Protect loyalty
15792,2,933.84,466.92,606,57,25,United Kingdom,1,0.7224161395643839,1222.2594820322458,882.9799765556985,High,UK,Protect loyalty
15793,5,1433.96,286.79200000000003,1132,9,4,United Kingdom,1,0.8496454439676144,2064.891197831649,1754.4253985264909,Very High,UK,Protect loyalty
15794,2,777.0,388.5,288,15,362,United Kingdom,1,0.3128789541496276,926.5837549524128,289.9085561815458,Medium,UK,Low-cost nurture
15795,7,1369.86,195.6942857142857,830,74,56,United Kingdom,1,0.8663270777097104,1502.31157150744,1301.493193553523,High,UK,Protect loyalty
15796,9,2463.02,273.6688888888889,873,107,0,United Kingdom,1,0.9206438961922554,2488.4110833599416,2290.940475112488,Very High,UK,Protect loyalty
15797,2,613.6800000000001,306.84000000000003,408,4,207,United Kingdom,1,0.4585322928623096,993.1795500981368,455.40489633045576,Medium,UK,Win back now
15798,3,1535.37,511.79,915,73,118,United Kingdom,1,0.7250972693501329,1601.2999089741252,1161.0981914077545,High,UK,Protect loyalty
15799,1,537.2,537.2,386,54,44,United Kingdom,1,0.5775529483155221,900.6694415350498,520.1842914162628,Medium,UK,Low-cost nurture
15800,5,530.18,106.036,243,97,79,United Kingdom,1,0.7680236410184973,629.3093451724675,483.3244546063248,Medium,UK,Grow customer value
15803,3,1513.84,504.6133333333333,740,42,71,United Kingdom,1,0.7515110223160236,1745.5648935759352,1311.811257690212,High,UK,Protect loyalty
15805,13,4660.75,358.5192307692308,2838,176,11,United Kingdom,1,0.9533075281140893,4166.468876942514,3971.9261460423536,Very High,UK,Protect loyalty
15807,2,913.62,456.81,1102,40,34,United Kingdom,1,0.7255629463971346,1255.1019226906271,910.65544905612,High,UK,Protect loyalty
15808,17,13528.98,795.8223529411764,5448,282,7,United Kingdom,1,0.9722648902969706,10015.265556017928,9737.4910671168,Very High,UK,Protect loyalty
15809,2,758.6700000000001,379.335,399,22,85,United Kingdom,1,0.6284832297543317,1086.7941904262475,683.0319228773324,High,UK,Win back now
15810,4,1607.06,401.765,792,48,12,United Kingdom,1,0.8336243073743457,1862.133594922562,1552.3198283058211,High,UK,Protect loyalty
15811,1,1267.53,1267.53,710,118,14,United Kingdom,1,0.6733669172500143,1744.0774087621155,1174.404028183539,High,UK,Protect loyalty
15812,7,3400.33,485.76142857142855,2528,57,61,United Kingdom,1,0.8933147669517659,3363.083987091854,3004.292588168176,Very High,UK,Protect loyalty
15814,2,689.11,344.555,457,23,19,United Kingdom,1,0.6962860432551078,1053.1774475026582,733.3127577671398,High,UK,Protect loyalty
15816,2,144.15,72.075,54,11,168,United Kingdom,1,0.3934529432498601,266.1536679766394,104.7189440221548,Low,UK,Low-cost nurture
15817,3,2766.4,922.1333333333332,1596,133,46,United Kingdom,1,0.8186268936242451,2608.603333294239,2135.4728434325143,Very High,UK,Protect loyalty
15818,1,340.5,340.5,284,11,214,United Kingdom,1,0.3366766801058432,642.2531749921051,216.23166674377907,Low,UK,Low-cost nurture
15819,6,2029.34,338.22333333333336,1571,110,57,United Kingdom,1,0.8722768831686839,2000.9885216726184,1745.416030940904,Very High,UK,Protect loyalty
15822,4,954.59,238.64750000000004,575,25,119,United Kingdom,1,0.7228369373143704,1188.52473464794,859.1095791152917,High,UK,Protect loyalty
15823,2,3867.17,1933.5850000000005,1773,154,355,United Kingdom,1,0.4804272435870618,2810.0306029098883,1350.0152569512873,High,UK,Win back now
15824,2,890.94,445.47,478,24,79,United Kingdom,1,0.647766712655952,1240.557397074284,803.5917869638334,High,UK,Win back now
15826,1,943.97,943.97,861,51,194,United Kingdom,1,0.4592267969960733,1310.717602301104,601.916646271109,Medium,UK,Win back now
15827,14,1767.05,126.21785714285714,833,65,47,United Kingdom,1,0.9255160076446052,2001.1675330200155,1852.1125857886884,Very High,UK,Protect loyalty
15828,1,1108.82,1108.82,367,74,1,United Kingdom,1,0.652878824269026,1645.5831437919294,1074.3663881558025,High,UK,Win back now
15833,1,80.4,80.4,24,5,363,United Kingdom,1,0.1228109663298333,178.23279037213638,21.88894121726468,Low,UK,Low-cost nurture
15834,3,1539.24,513.08,854,105,2,United Kingdom,1,0.8187216749277643,1681.474645623976,1376.659738213831,High,UK,Protect loyalty
15837,1,385.03,385.03,216,28,111,United Kingdom,1,0.4576398433718676,691.0968175906734,316.2734393569919,Medium,UK,Low-cost nurture
15838,15,39562.42,2637.4946666666665,45746,11,6,United Kingdom,1,0.9754285570239511,36788.55978450537,35884.61178558943,Very High,UK,Protect loyalty
15841,5,1518.35,303.67,1449,41,12,United Kingdom,1,0.8640388436024359,1820.7661229331031,1573.212655329609,Very High,UK,Protect loyalty
15842,2,548.8000000000001,274.4,296,24,19,United Kingdom,1,0.6761220359349385,859.8678922052176,581.3756299128759,Medium,UK,Grow customer value
15845,3,714.51,238.17,202,36,162,United Kingdom,1,0.5956257207567534,863.5804701955511,514.3707399916811,Medium,UK,Low-cost nurture
15846,1,107.01,107.01,79,27,11,United Kingdom,1,0.4847715694560919,253.05910139360503,122.6758577477262,Low,UK,Low-cost nurture
15847,3,433.3,144.43333333333334,194,22,54,United Kingdom,1,0.6799323141448548,654.9714446882467,445.33625008567833,Medium,UK,Grow customer value
15848,1,137.99,137.99,45,34,247,United Kingdom,1,0.2417486314837736,250.5669127358435,60.574208249004286,Low,UK,Low-cost nurture
15850,4,771.87,192.9675,1036,197,2,United Kingdom,1,0.8441769554937826,864.5017653126524,729.7924682606355,High,UK,Grow customer value
15851,1,109.73,109.73,67,8,152,United Kingdom,1,0.3102592884438205,264.28023860224715,81.99539877849632,Low,UK,Low-cost nurture
15852,1,96.55,96.55,12,11,152,United Kingdom,1,0.2623195052518662,222.95073583597917,58.48432672003358,Low,UK,Low-cost nurture
15854,9,2609.16,289.9066666666667,765,83,2,United Kingdom,1,0.9178033421400692,2680.445552603501,2460.121886603978,Very High,UK,Protect loyalty
15855,1,340.48,340.48,242,15,102,United Kingdom,1,0.4558415307234005,675.5938185213136,307.9637203820228,Medium,UK,Low-cost nurture
15856,25,16132.31,645.2923999999999,8684,179,0,United Kingdom,1,0.9817505408836044,12994.08293462968,12756.9479493591,Very High,UK,Protect loyalty
15857,1,273.48,273.48,276,10,56,United Kingdom,1,0.4965678529440864,611.2537925615512,303.5289833762195,Medium,UK,Low-cost nurture
15858,8,2124.84,265.605,1552,180,54,United Kingdom,1,0.9012177135953168,1987.8735310475115,1791.5068385672876,Very High,UK,Protect loyalty
15859,1,438.46,438.46,174,22,58,United Kingdom,1,0.5097203133474311,822.7296536301733,419.3620168485954,Medium,UK,Low-cost nurture
15860,9,1396.14,155.1266666666667,822,161,2,United Kingdom,1,0.9151285432896866,1472.4246310841004,1347.457807747847,High,UK,Protect loyalty
15861,4,1222.28,305.57,1309,191,82,United Kingdom,1,0.8072332517369599,1201.2782477045648,969.711746135433,High,UK,Protect loyalty
15862,9,1679.41,186.60111111111112,935,299,13,United Kingdom,1,0.9184979838386236,1585.3778892240143,1456.16639487459,High,UK,Protect loyalty
15863,3,286.26,95.42,143,56,243,United Kingdom,1,0.4672082639148404,356.76738466034203,166.68467040859647,Low,UK,Low-cost nurture
15864,1,244.44,244.44,294,3,7,United Kingdom,1,0.5302264158525773,653.4774319999788,346.4909966098951,Medium,UK,Low-cost nurture
15865,2,1346.29,673.145,773,86,39,United Kingdom,1,0.7339964255185405,1570.927655876314,1153.0552841614344,High,UK,Protect loyalty
15867,16,5113.16,319.5725,3015,349,0,United Kingdom,1,0.9650755695032875,4278.245778009319,4128.830480687379,Very High,UK,Protect loyalty
15868,1,94.53,94.53,57,4,209,United Kingdom,1,0.2415134990250468,238.82079364691955,57.67844551360622,Low,UK,Low-cost nurture
15869,1,171.47,171.47,98,18,252,United Kingdom,1,0.2555690214009325,326.3404055016253,83.40249807763387,Low,UK,Low-cost nurture
15870,3,506.02,168.67333333333332,171,61,22,United Kingdom,1,0.7266895899269467,677.3437459785034,492.2186490047006,Medium,UK,Grow customer value
15871,1,33.099999999999994,33.099999999999994,5,5,63,United Kingdom,1,0.277213638937033,105.67333532968156,29.29408982535436,Low,UK,Low-cost nurture
15872,2,413.0,206.5,280,70,4,United Kingdom,1,0.6966820787018412,604.911231709254,421.4308143372942,Medium,UK,Grow customer value
15873,4,313.92,78.48,1152,3,125,United Kingdom,1,0.6725416738629362,593.4036232284122,399.0886660423675,Medium,UK,Low-cost nurture
15874,14,6878.88,491.34857142857146,2568,168,13,United Kingdom,1,0.9573955824290062,5823.558645947389,5575.449321646275,Very High,UK,Protect loyalty
15875,1,108.52,108.52,74,18,272,United Kingdom,1,0.2196680335872289,218.194559424994,47.9303698083202,Low,UK,Low-cost nurture
15876,2,1449.14,724.5699999999999,886,11,35,United Kingdom,1,0.7136131092582092,2129.164362580463,1519.3996009028174,High,UK,Protect loyalty
15878,2,330.77,165.385,243,47,187,United Kingdom,1,0.4818700228852386,455.075359447245,219.2871738713521,Low,UK,Low-cost nurture
15879,4,1137.8,284.45000000000005,639,171,30,United Kingdom,1,0.8239124939046993,1179.3734021772818,971.7004810327544,High,UK,Protect loyalty
15882,4,608.3000000000001,152.075,374,33,13,United Kingdom,1,0.78984108490969,852.3749275699527,673.2407375416698,High,UK,Grow customer value
15884,2,244.6,122.3,152,14,58,United Kingdom,1,0.5755239694389758,446.4211385909461,256.9260657233284,Medium,UK,Low-cost nurture
15885,12,1572.47,131.03916666666666,511,68,9,United Kingdom,1,0.9222868826308048,1817.676717498742,1676.4193934125087,Very High,UK,Protect loyalty
15886,3,871.78,290.5933333333333,520,47,42,United Kingdom,1,0.7522466175407576,1104.011485524181,830.488905711712,High,UK,Protect loyalty
15887,3,1027.15,342.3833333333334,605,27,32,United Kingdom,1,0.7615299064251552,1364.8067765009182,1039.341176797162,High,UK,Protect loyalty
15888,2,260.85,130.425,63,24,26,United Kingdom,1,0.5917692661368418,447.4643093002269,264.79562593702406,Medium,UK,Low-cost nurture
15889,6,1007.53,167.92166666666665,594,190,6,United Kingdom,1,0.8749059020022739,1069.4270372756018,935.64802667323,High,UK,Protect loyalty
15890,5,535.65,107.13,119,10,20,United Kingdom,1,0.76762249680656,853.0866180010348,654.8484797022185,High,UK,Grow customer value
15892,1,128.2,128.2,46,38,295,United Kingdom,1,0.2045560661080085,224.0534038465895,45.831482888967294,Low,UK,Low-cost nurture
15893,1,305.28000000000003,305.28000000000003,288,1,107,United Kingdom,1,0.4135558272530988,790.2087352739779,326.79542721885497,Medium,UK,Low-cost nurture
15898,20,3612.62,180.631,1593,239,44,United Kingdom,1,0.958619705657762,3282.0575465944594,3146.245039268217,Very High,UK,Protect loyalty
15900,3,549.29,183.09666666666664,440,68,39,United Kingdom,1,0.742221767114167,718.3105757956445,533.145744903838,Medium,UK,Grow customer value
15901,4,335.99,83.9975,316,49,77,United Kingdom,1,0.7214891541458857,471.03178863747087,339.84432675987244,Medium,UK,Grow customer value
15902,1,145.01,145.01,124,18,6,United Kingdom,1,0.5104632068739425,345.6128226407779,176.4226297819666,Low,UK,Low-cost nurture
15903,5,3813.08,762.616,1516,20,4,United Kingdom,1,0.8785529856376427,4303.606790698002,3780.946594978164,Very High,UK,Protect loyalty
15905,1,114.69,114.69,82,22,169,United Kingdom,1,0.3168119439955138,242.59423663934308,76.85675171181799,Low,UK,Low-cost nurture
15906,3,962.5,320.8333333333333,205,41,0,United Kingdom,1,0.7632348929662292,1239.196549462907,945.7980457934424,High,UK,Protect loyalty
15908,2,758.62,379.31,173,37,116,United Kingdom,1,0.5757497114595167,984.4261240141344,566.7830568543484,Medium,UK,Win back now
15910,7,1432.29,204.6128571428572,1145,244,26,United Kingdom,1,0.8953267825901936,1393.3462585865398,1247.5002227343705,High,UK,Protect loyalty
15911,8,1700.24,212.53,810,162,249,United Kingdom,1,0.7687843971615219,1418.0675710655323,1090.188222755919,High,UK,Protect loyalty
15912,7,810.08,115.72571428571428,574,66,62,United Kingdom,1,0.8455921157093451,972.132730407202,822.0277722553283,High,UK,Protect loyalty
15913,1,6.300000000000001,6.300000000000001,3,1,160,United Kingdom,1,0.145672214414873,29.76419649606237,4.335816413860812,Low,UK,Low-cost nurture
15914,2,205.99,102.995,149,13,4,United Kingdom,1,0.6253561666526064,406.8974483557442,254.45582852447507,Medium,UK,Low-cost nurture
15915,1,364.45,364.45,414,105,27,United Kingdom,1,0.5963117450198506,610.5335798275839,364.06834438020286,Medium,UK,Low-cost nurture
15916,5,1642.38,328.476,866,133,19,United Kingdom,1,0.8634414115692063,1668.1182405314848,1440.322368268846,High,UK,Protect loyalty
15917,4,407.07,101.7675,206,115,232,United Kingdom,1,0.571766234660509,438.9686078507384,250.98742804498227,Medium,UK,Low-cost nurture
15918,1,248.65,248.65,87,21,257,United Kingdom,1,0.2609244756552059,434.9077027472939,113.47806429774784,Low,UK,Low-cost nurture
15920,5,401.64,80.328,139,42,50,United Kingdom,1,0.7581138891215149,558.7883652788656,423.6252207974145,Medium,UK,Grow customer value
15921,3,452.23,150.74333333333334,173,52,22,United Kingdom,1,0.721223509718977,628.5544250026082,453.3282284497746,Medium,UK,Grow customer value
15924,1,102.82,102.82,103,14,357,United Kingdom,1,0.1641356688299254,201.8612280241136,33.13262767256798,Low,UK,Low-cost nurture
15926,1,134.44,134.44,155,7,168,United Kingdom,1,0.3252539366133315,318.12140800160887,103.47024027349906,Low,UK,Low-cost nurture
15927,1,106.54,106.54,66,13,273,United Kingdom,1,0.2117705819286798,222.2804347430784,47.07245701690167,Low,UK,Low-cost nurture
15928,1,293.53,293.53,164,11,282,United Kingdom,1,0.2527602206644269,532.664263890445,134.63633688100342,Low,UK,Low-cost nurture
15929,1,594.0,594.0,120,1,270,United Kingdom,1,0.2489449919577878,1195.554200332621,297.6272307869038,Medium,UK,Win back now
15931,1,239.9,239.9,118,14,54,United Kingdom,1,0.4694495392429488,520.9604705978477,244.5646528859494,Low,UK,Low-cost nurture
15934,2,2190.66,1095.33,2166,29,43,United Kingdom,1,0.7572887813749193,2722.276394604508,2061.5493734357565,Very High,UK,Protect loyalty
15936,2,282.79,141.395,211,16,5,United Kingdom,1,0.6503084769806002,520.3333339033181,338.3771778929049,Medium,UK,Low-cost nurture
15938,4,330.23,82.5575,209,19,82,United Kingdom,1,0.6895377776438658,512.460793773177,353.3610768679679,Medium,UK,Grow customer value
15939,1,2945.38,2945.38,1532,41,0,United Kingdom,1,0.720167734606209,4102.348173790027,2954.3787908842824,Very High,UK,Protect loyalty
15941,1,405.0,405.0,60,6,263,United Kingdom,1,0.2434253814332974,742.0351314946615,180.63018492099505,Low,UK,Low-cost nurture
15943,2,271.29,135.645,183,12,275,United Kingdom,1,0.3459220805221567,418.8643938160416,144.8944425654971,Low,UK,Low-cost nurture
15944,3,1839.14,613.0466666666666,809,25,19,United Kingdom,1,0.7931266045259394,2276.077666835741,1805.2177515347537,Very High,UK,Protect loyalty
15945,3,465.27,155.09,293,24,67,United Kingdom,1,0.6838085430269615,686.0213925566715,469.1072889295047,Medium,UK,Grow customer value
15946,3,2304.18,768.06,1614,25,128,United Kingdom,1,0.7288134401483692,2554.205739358971,1861.5394717489207,Very High,UK,Protect loyalty
15948,1,553.85,553.85,285,35,50,United Kingdom,1,0.5534901356696276,962.4089212994614,532.6838444196989,Medium,UK,Low-cost nurture
15950,6,5376.2,896.0333333333334,2635,182,1,United Kingdom,1,0.9192801021264314,4490.248979090988,4127.796540071868,Very High,UK,Protect loyalty
15951,1,304.95,304.95,107,18,7,United Kingdom,1,0.5321233916999354,641.1243731353671,341.1572759342865,Medium,UK,Low-cost nurture
15953,10,1783.06,178.30599999999998,850,51,12,United Kingdom,1,0.9150464416928475,2069.072745786817,1893.297653635877,Very High,UK,Protect loyalty
15954,1,190.75,190.75,119,20,215,United Kingdom,1,0.2990281206503118,364.0996109868952,108.87602240292092,Low,UK,Low-cost nurture
15955,8,3669.72,458.715,1832,110,36,United Kingdom,1,0.9138228675007158,3384.724232357336,3093.03840371194,Very High,UK,Protect loyalty
15956,2,617.6,308.79999999999995,278,18,177,United Kingdom,1,0.503947923008116,865.5437392757128,436.1889696806737,Medium,UK,Low-cost nurture
15957,2,492.36,246.18,242,88,46,United Kingdom,1,0.6606641935337212,658.1365658324619,434.8072635007562,Medium,UK,Low-cost nurture
15958,3,357.77,119.25666666666666,121,45,29,United Kingdom,1,0.6946093855097741,519.8181074639486,361.07053620238713,Medium,UK,Grow customer value
15959,3,542.89,180.96333333333337,269,58,308,United Kingdom,1,0.4421364950255869,581.8744685464227,257.26793806799145,Medium,UK,Low-cost nurture
15960,4,410.95,102.7375,258,24,0,United Kingdom,1,0.7766027996519325,640.4099681932462,497.34417422388,Medium,UK,Grow customer value
15961,1,451.29,451.29,154,42,5,United Kingdom,1,0.5771296639585298,813.5011650316636,469.4956540045965,Medium,UK,Low-cost nurture
15962,1,289.48,289.48,228,43,75,United Kingdom,1,0.4969514549010344,533.1760092814201,264.9625935307291,Medium,UK,Low-cost nurture
15964,1,269.21000000000004,269.21000000000004,93,20,289,United Kingdom,1,0.2374576776860187,456.3217925835304,108.35711314440624,Low,UK,Low-cost nurture
15965,9,1963.07,218.1188888888889,879,138,7,United Kingdom,1,0.917237845340212,1987.0882132067327,1822.6325111826757,Very High,UK,Protect loyalty
15966,1,426.53,426.53,275,27,76,United Kingdom,1,0.5086068632913057,780.4012859400208,396.9174501504553,Medium,UK,Low-cost nurture
15967,10,2568.32,256.832,978,270,5,United Kingdom,1,0.9314711468373784,2321.267384221523,2162.1935924970235,Very High,UK,Protect loyalty
15968,1,404.55,404.55,247,70,14,United Kingdom,1,0.5889821220517902,699.8892747276045,412.2222702303529,Medium,UK,Low-cost nurture
15969,2,460.95,230.475,99,15,51,United Kingdom,1,0.5928508993000986,750.2076936719646,444.7613058552772,Medium,UK,Low-cost nurture
15970,1,703.22,703.22,382,13,224,United Kingdom,1,0.3637971243513785,1154.0598003865514,419.84363671015336,Medium,UK,Win back now
15971,6,1702.98,283.83,534,3,11,United Kingdom,1,0.8446423878798022,2616.470274903728,2209.9817008112072,Very High,UK,Protect loyalty
15972,5,1769.33,353.866,468,104,82,United Kingdom,1,0.8124878366239185,1721.222216729277,1398.4721152193958,High,UK,Protect loyalty
15973,2,372.8,186.4,89,7,54,United Kingdom,1,0.565189683216674,679.8529680290177,384.24588363423607,Medium,UK,Low-cost nurture
15976,4,1266.77,316.6925,778,203,36,United Kingdom,1,0.8283130473889397,1262.4331855624612,1045.689879058169,High,UK,Protect loyalty
15978,2,2180.64,1090.32,1556,72,58,United Kingdom,1,0.7483974743818678,2395.964072337204,1793.1334604468582,Very High,UK,Protect loyalty
15979,1,329.22,329.22,450,22,228,United Kingdom,1,0.3473793550514171,575.8839922618627,200.05020981636116,Low,UK,Low-cost nurture
15980,4,4144.82,1036.205,3262,65,116,United Kingdom,1,0.8198154327936151,3751.670112995309,3075.6770573841204,Very High,UK,Protect loyalty
15981,13,5954.29,458.02230769230766,2961,106,27,United Kingdom,1,0.950248551680522,5366.8156546113305,5099.80880293077,Very High,UK,Protect loyalty
15982,1,324.51,324.51,131,45,231,United Kingdom,1,0.316481577178037,511.3620468053699,161.83666708195264,Low,UK,Low-cost nurture
15983,4,1645.25,411.3125,986,98,18,United Kingdom,1,0.841993810155984,1744.3102588838915,1468.6984409718189,High,UK,Protect loyalty
15984,20,5612.39,280.6195,3915,289,6,United Kingdom,1,0.9713531266196538,4849.49832775318,4710.575363199834,Very High,UK,Protect loyalty
15985,5,1572.86,314.572,1664,34,62,United Kingdom,1,0.8370533232342625,1847.3540029024969,1546.3338073196524,High,UK,Protect loyalty
15986,1,186.3,186.3,100,11,7,United Kingdom,1,0.5024002963009037,448.1402275538807,225.145783107424,Low,UK,Low-cost nurture
15987,1,103.22,103.22,66,38,5,United Kingdom,1,0.4900690047925178,236.37546061748336,115.84028674218308,Low,UK,Low-cost nurture
15988,2,582.11,291.055,296,93,177,United Kingdom,1,0.5342970038249294,681.020103339313,363.8670007587387,Medium,UK,Low-cost nurture
15989,2,368.31,184.155,169,81,1,United Kingdom,1,0.6827374444393501,536.8864269000087,366.5524670558859,Medium,UK,Grow customer value
15990,5,1205.64,241.128,643,86,120,United Kingdom,1,0.7805435681663462,1246.9444612888522,973.294479119663,High,UK,Protect loyalty
15991,1,150.55,150.55,41,6,160,United Kingdom,1,0.2941184505068086,349.42882216005404,102.77346373613427,Low,UK,Low-cost nurture
15992,2,854.61,427.305,497,51,22,United Kingdom,1,0.7149873702846299,1148.5258420611635,821.1814715192514,High,UK,Protect loyalty
15994,2,761.41,380.705,289,69,37,United Kingdom,1,0.6856579159232838,985.2335289718432,675.5331681725763,High,UK,Protect loyalty
15995,1,694.54,694.54,352,108,40,United Kingdom,1,0.6007078315660975,1030.666584014512,619.1294887509946,Medium,UK,Win back now
15996,1,353.82,353.82,263,45,23,United Kingdom,1,0.5683434737211397,655.0808741717037,372.3109395950269,Medium,UK,Low-cost nurture
15998,11,5193.92,472.1745454545455,3318,502,19,United Kingdom,1,0.9505774778268994,3953.220432875003,3757.842308376084,Very High,UK,Protect loyalty
15999,1,20.4,20.4,24,1,361,United Kingdom,1,0.0959136208886537,65.82184203804864,6.313211203430248,Low,UK,Low-cost nurture
16001,1,583.39,583.39,337,29,7,United Kingdom,1,0.604809907249164,1065.7051391201342,644.5490263462057,High,UK,Win back now
16002,1,169.21,169.21,70,42,251,United Kingdom,1,0.2587876691775473,291.1656664875619,75.35008417484325,Low,UK,Low-cost nurture
16003,5,2878.46,575.692,1025,89,7,United Kingdom,1,0.8783769448900693,2831.930963440558,2487.502867806508,Very High,UK,Protect loyalty
16004,5,2146.39,429.278,1076,63,100,United Kingdom,1,0.8170810979570814,2147.183348926163,1754.4229282557524,Very High,UK,Protect loyalty
16005,6,1786.78,297.7966666666667,989,170,1,United Kingdom,1,0.892771330220322,1770.7709513491593,1580.893537751494,Very High,UK,Protect loyalty
16006,1,231.42,231.42,121,67,13,United Kingdom,1,0.5435249229274747,435.7884681571356,236.86189356778937,Low,UK,Low-cost nurture
16007,3,1359.25,453.0833333333333,1243,206,9,United Kingdom,1,0.8266716560927001,1400.175139190848,1157.4851011347253,High,UK,Protect loyalty
16008,12,4860.35,405.0291666666667,2914,58,8,United Kingdom,1,0.9472547998043463,4898.788200680026,4640.400636319053,Very High,UK,Protect loyalty
16010,8,1302.46,162.8075,717,69,2,United Kingdom,1,0.8990157417658224,1521.384687171365,1367.7487830485284,High,UK,Protect loyalty
16011,13,2248.05,172.9269230769231,1288,135,8,United Kingdom,1,0.9418785220692188,2312.8933688628244,2178.464587968214,Very High,UK,Protect loyalty
16012,2,1563.3,781.6500000000001,961,138,27,United Kingdom,1,0.7610324036010634,1705.6614184611058,1298.0636090210546,High,UK,Protect loyalty
16013,37,18947.84,512.1037837837838,9984,30,5,United Kingdom,1,0.9855302554147892,19294.342571412624,19015.15836246472,Very High,UK,Protect loyalty
16014,2,453.45,226.725,204,127,34,United Kingdom,1,0.6705709179738037,592.0274643712664,396.9964002491435,Medium,UK,Low-cost nurture
16016,3,617.89,205.9633333333333,279,44,6,United Kingdom,1,0.7550255810132575,849.1817949246131,641.1539780988369,High,UK,Grow customer value
16017,4,1333.7,333.425,533,81,43,United Kingdom,1,0.8063701871268407,1452.151560832395,1170.9717258449523,High,UK,Protect loyalty
16018,2,289.23,144.615,313,26,22,United Kingdom,1,0.6545771538508665,498.36844483705136,326.22059819051964,Medium,UK,Low-cost nurture
16019,18,13542.92,752.3844444444444,5226,156,7,United Kingdom,1,0.9722395745758764,10815.453965571463,10515.212362332177,Very High,UK,Protect loyalty
16021,2,487.03,243.515,276,117,21,United Kingdom,1,0.6935862559014033,644.4812097498271,447.0033092691896,Medium,UK,Grow customer value
16024,2,232.96,116.48,107,21,37,United Kingdom,1,0.5915226529579958,413.7169053396529,244.72292142008348,Low,UK,Low-cost nurture
16027,9,1113.74,123.74888888888889,952,11,83,United Kingdom,1,0.8585699463351467,1566.9516180088633,1345.337566583641,High,UK,Protect loyalty
16028,1,82.2,82.2,18,5,221,United Kingdom,1,0.2033281070035215,202.05656359148747,41.08377858269382,Low,UK,Low-cost nurture
16029,44,36912.78,838.9268181818181,14342,21,26,United Kingdom,1,0.9879787957888508,35620.979891263065,35192.77281778895,Very High,UK,Protect loyalty
16032,6,1965.72,327.62,1467,130,82,United Kingdom,1,0.8590107010532358,1870.895221091388,1607.1190154668618,Very High,UK,Protect loyalty
16033,7,1829.99,261.4271428571429,671,164,2,United Kingdom,1,0.8988465740557993,1809.5800720244551,1626.534848218828,Very High,UK,Protect loyalty
16034,3,473.62,157.8733333333333,343,28,20,United Kingdom,1,0.734695396826574,711.6478043861364,522.8443660442326,Medium,UK,Grow customer value
16035,1,217.73,217.73,33,21,186,United Kingdom,1,0.2932662403927659,404.7400389387241,118.69658955598128,Low,UK,Low-cost nurture
16036,2,1797.92,898.96,653,79,50,United Kingdom,1,0.7269118786434622,1998.4676807027092,1452.7098961878494,High,UK,Protect loyalty
16037,2,654.32,327.16,338,32,170,United Kingdom,1,0.5314360023266813,857.8907496444662,455.9140304240949,Medium,UK,Low-cost nurture
16039,2,456.4,228.2,409,27,49,United Kingdom,1,0.6521454419697268,714.2417841424352,465.7895239928146,Medium,UK,Low-cost nurture
16040,4,1103.35,275.8375,501,50,56,United Kingdom,1,0.7849082427170007,1297.0656943552144,1018.0775548448576,High,UK,Protect loyalty
16042,3,1067.85,355.95,687,50,5,United Kingdom,1,0.7944340417064797,1343.338380082826,1067.1937386686348,High,UK,Protect loyalty
16043,4,1082.6,270.65000000000003,508,29,5,United Kingdom,1,0.814854553317476,1416.1452430409631,1153.9523994508124,High,UK,Protect loyalty
16044,1,340.84000000000003,340.84000000000003,170,19,61,United Kingdom,1,0.4933385287263221,675.7417727373448,333.36945196115846,Medium,UK,Low-cost nurture
16045,4,2094.23,523.5575,1211,59,42,United Kingdom,1,0.8311247867640409,2231.954587412365,1855.032780530125,Very High,UK,Protect loyalty
16046,1,235.78,235.78,248,22,188,United Kingdom,1,0.3573022866985366,444.81680890810736,158.93406298481275,Low,UK,Low-cost nurture
16047,1,107.14,107.14,1,1,308,EIRE,0,0.1189823073368703,329.2246872280194,39.1719129186492,Low,Non-UK,Low-cost nurture
16048,2,562.35,281.175,281,28,25,United Kingdom,1,0.6718701173356324,857.3089277757475,576.0002498975767,Medium,UK,Low-cost nurture
16049,3,777.34,259.11333333333334,369,175,1,United Kingdom,1,0.790288702316078,881.4835299030193,696.6264749600529,High,UK,Grow customer value
16050,2,162.8,81.4,110,9,9,United Kingdom,1,0.595174517078075,345.20553496650854,205.45753756637023,Low,UK,Low-cost nurture
16051,1,188.44,188.44,80,12,307,United Kingdom,1,0.2043821926925431,352.6926819160777,72.08410367662162,Low,UK,Low-cost nurture
16053,4,2122.89,530.7225,1274,101,39,United Kingdom,1,0.8398043649666072,2125.5471041962737,1785.0437360461624,Very High,UK,Protect loyalty
16054,3,1327.98,442.66,411,49,44,United Kingdom,1,0.7567566684945869,1553.3068564668004,1175.4753218496153,High,UK,Protect loyalty
16057,3,1591.73,530.5766666666667,828,91,145,United Kingdom,1,0.7019397355995105,1571.5201974522718,1103.1124718889382,High,UK,Protect loyalty
16058,1,62.7,62.7,18,2,32,United Kingdom,1,0.3516864104393885,203.5075245063372,71.57083079103963,Low,UK,Low-cost nurture
16059,6,1600.41,266.735,790,143,13,United Kingdom,1,0.8811653387014693,1626.8089086410955,1433.4876229852985,High,UK,Protect loyalty
16060,3,541.95,180.65,243,22,26,United Kingdom,1,0.7201473059742023,810.0176615602059,583.3320367641054,Medium,UK,Grow customer value
16061,1,89.65,89.65,19,3,57,United Kingdom,1,0.3450440455134553,259.6517728532472,89.59129813002521,Low,UK,Low-cost nurture
16062,4,1709.83,427.4575,1235,100,5,United Kingdom,1,0.8545948094103933,1822.6237922339055,1557.604832350983,High,UK,Protect loyalty
16064,1,109.31,109.31,55,17,351,United Kingdom,1,0.1588604592559965,206.57144928842112,32.81603530313537,Low,UK,Low-cost nurture
16065,7,1624.99,232.14142857142852,979,181,6,United Kingdom,1,0.9011550055293608,1625.1193658641475,1464.484451131177,High,UK,Protect loyalty
16067,3,3269.11,1089.7033333333334,1236,60,188,United Kingdom,1,0.689827599778477,2935.9126279207444,2025.273561277888,Very High,UK,Protect loyalty
16068,1,115.73,115.73,48,34,219,United Kingdom,1,0.262112568240339,221.40096256143335,58.03197490786045,Low,UK,Low-cost nurture
16069,1,457.7,457.7,138,25,43,United Kingdom,1,0.5222036157450501,846.9661897299253,442.2888066907752,Medium,UK,Low-cost nurture
16071,3,750.5600000000001,250.1866666666667,517,47,153,United Kingdom,1,0.6432421279174712,892.8652405500183,574.3285372749385,Medium,UK,Low-cost nurture
16072,3,3595.77,1198.59,1440,399,54,United Kingdom,1,0.8291250462107606,2828.054176334298,2344.8105496397093,Very High,UK,Protect loyalty
16074,1,252.5,252.5,38,23,16,United Kingdom,1,0.4828131876995433,519.3502177325926,250.74913415592488,Medium,UK,Low-cost nurture
16075,2,736.9300000000001,368.465,271,41,128,United Kingdom,1,0.5790665996352292,947.836401043868,548.8604017629661,Medium,UK,Low-cost nurture
16077,1,2300.4,2300.4,840,8,251,United Kingdom,1,0.3963226731390718,3259.3149995531267,1291.740433225168,High,UK,Win back now
16078,1,283.79,283.79,184,38,295,United Kingdom,1,0.2609107870739118,445.9767402664716,116.36014231958262,Low,UK,Low-cost nurture
16080,2,385.4,192.7,170,20,11,United Kingdom,1,0.6515061457753576,651.3279044347923,424.344132654252,Medium,UK,Low-cost nurture
16081,3,1479.54,493.18,704,134,19,United Kingdom,1,0.8047386286018327,1554.1983554229714,1250.7234531183058,High,UK,Protect loyalty
16082,1,106.75,106.75,39,16,296,United Kingdom,1,0.1859680392545424,211.6965526083376,39.36879280551863,Low,UK,Low-cost nurture
16083,2,1033.8,516.9,606,38,8,United Kingdom,1,0.734569709543557,1414.268858147684,1038.8790643460425,High,UK,Protect loyalty
16085,7,1359.52,194.21714285714285,746,168,6,United Kingdom,1,0.8945739804981201,1406.1444625224494,1257.9002489940972,High,UK,Protect loyalty
16086,5,1566.34,313.268,939,57,5,United Kingdom,1,0.8638502816481091,1794.2826963393616,1549.991612589086,High,UK,Protect loyalty
16087,5,1739.92,347.98400000000004,664,6,15,United Kingdom,1,0.8331668818686709,2487.960352912675,2072.886169449132,Very High,UK,Protect loyalty
16088,2,1437.43,718.7149999999999,373,3,201,United Kingdom,1,0.4900013462966829,2085.864572799353,1022.0764488642382,High,UK,Win back now
16089,2,263.49,131.745,119,42,12,United Kingdom,1,0.6380991596067274,432.23470427704376,275.808601552044,Medium,UK,Low-cost nurture
16090,1,180.56,180.56,58,18,250,United Kingdom,1,0.2447673100062548,338.2058871540256,82.78174522696982,Low,UK,Low-cost nurture
16092,3,770.08,256.6933333333333,560,28,130,United Kingdom,1,0.6614129335301341,987.929444786859,653.429312197273,High,UK,Win back now
16094,7,2617.33,373.9042857142857,1373,74,1,United Kingdom,1,0.9077235105436,2717.343883170095,2466.596928985337,Very High,UK,Protect loyalty
16095,1,447.05,447.05,265,30,82,United Kingdom,1,0.5042725983230578,797.6043538986153,402.2100199742385,Medium,UK,Low-cost nurture
16096,3,1264.35,421.45,545,49,42,United Kingdom,1,0.7643971709756594,1500.4676397816663,1146.9532189896306,High,UK,Protect loyalty
16098,7,2005.07,286.43857142857144,1395,62,41,United Kingdom,1,0.8864857653626995,2152.6886040085124,1908.3278047120475,Very High,UK,Protect loyalty
16099,4,841.3,210.325,526,21,43,United Kingdom,1,0.7780921900053331,1156.3339260675248,899.7343969113454,High,UK,Protect loyalty
16100,1,582.64,582.64,438,37,88,United Kingdom,1,0.5294120875349064,975.6119240368236,516.5007453282814,Medium,UK,Win back now
16101,3,1938.46,646.1533333333333,1087,94,60,United Kingdom,1,0.7873481221839149,1982.8200355309616,1561.169631603946,Very High,UK,Protect loyalty
16103,16,4762.07,297.629375,2081,92,15,United Kingdom,1,0.9563494949904446,4638.378489448277,4435.910925958401,Very High,UK,Protect loyalty
16104,8,2476.25,309.53125,925,162,44,United Kingdom,1,0.8999520514857362,2284.848240718498,2056.2538615681874,Very High,UK,Protect loyalty
16105,4,2049.23,512.3075,1795,80,64,United Kingdom,1,0.8279293460776586,2092.613440951083,1732.536077759949,Very High,UK,Protect loyalty
16108,3,1393.42,464.47333333333336,858,79,60,United Kingdom,1,0.7706276428185395,1529.0712727932334,1178.344590654193,High,UK,Protect loyalty
16109,1,327.6,327.6,480,13,324,United Kingdom,1,0.2515838660922038,565.1010551656518,142.17030819135843,Low,UK,Low-cost nurture
16110,1,460.64,460.64,160,84,148,United Kingdom,1,0.4329942252109084,682.2781127311691,295.4224828003934,Medium,UK,Low-cost nurture
16111,1,549.33,549.33,233,72,54,United Kingdom,1,0.5549159441386314,872.4918343316167,484.1596300013755,Medium,UK,Low-cost nurture
16115,4,892.92,223.23,595,99,23,United Kingdom,1,0.8154976728394465,1032.1519424636087,841.7175070957873,High,UK,Protect loyalty
16117,2,422.19,211.095,191,46,28,United Kingdom,1,0.6550269198985723,631.0525902352981,413.3564344758432,Medium,UK,Low-cost nurture
16118,1,4376.25,4376.25,2851,41,278,United Kingdom,1,0.4621584050277543,4647.412491865475,2147.8407447466093,Very High,UK,Win back now
16119,6,1297.45,216.24166666666667,571,31,20,United Kingdom,1,0.8556025709731625,1616.3153679394204,1382.923584312401,High,UK,Protect loyalty
16120,2,1658.37,829.1850000000001,1283,60,48,United Kingdom,1,0.7411590460252632,1955.1234347555887,1449.0574197650883,High,UK,Protect loyalty
16121,3,595.38,198.46,303,112,16,United Kingdom,1,0.760782820342762,732.660490530508,557.3955143395114,Medium,UK,Grow customer value
16122,2,211.2,105.6,152,10,0,United Kingdom,1,0.6268125752885624,429.1149437144625,268.9746429644687,Medium,UK,Low-cost nurture
16124,3,1523.49,507.83,749,57,44,United Kingdom,1,0.7778504163509755,1729.756298255145,1345.491656783487,High,UK,Protect loyalty
16125,13,4003.0,307.9230769230769,1695,162,6,United Kingdom,1,0.9495665867071876,3686.73699587534,3500.8022652604577,Very High,UK,Protect loyalty
16126,11,8356.83,759.7118181818182,4015,122,5,United Kingdom,1,0.9531113765183824,7064.918249547548,6733.653957816104,Very High,UK,Protect loyalty
16127,1,145.06,145.06,68,35,352,United Kingdom,1,0.1756807229815717,241.4300504085278,42.41460580524747,Low,UK,Low-cost nurture
16128,6,1920.83,320.1383333333334,1457,82,6,United Kingdom,1,0.8917347735494683,2056.766015695285,1834.0897772502772,Very High,UK,Protect loyalty
16129,3,1396.05,465.35,1261,91,33,United Kingdom,1,0.8020366898320015,1548.6475933476163,1242.0721894848175,High,UK,Protect loyalty
16130,4,987.48,246.87,296,53,48,United Kingdom,1,0.7759895453851856,1170.8246894319086,908.547718478018,High,UK,Protect loyalty
16131,6,6450.88,1075.1466666666668,2966,105,1,United Kingdom,1,0.9195126244342362,5594.778503509979,5144.469464890709,Very High,UK,Protect loyalty
16132,2,664.1999999999999,332.1,280,14,170,United Kingdom,1,0.5103127985785642,951.5511357957586,485.5887230985449,Medium,UK,Low-cost nurture
16133,23,8403.22,365.3573913043478,4766,129,2,United Kingdom,1,0.9757014487252972,7656.285982259421,7470.249324745702,Very High,UK,Protect loyalty
16134,3,1527.25,509.0833333333333,1266,69,49,United Kingdom,1,0.7893097705711927,1703.6232840067712,1344.6865034391265,High,UK,Protect loyalty
16135,1,301.9,301.9,186,18,209,United Kingdom,1,0.3319201123162479,547.7736841557871,181.81710276887375,Low,UK,Low-cost nurture
16136,1,237.42,237.42,234,9,289,United Kingdom,1,0.2477827110455346,456.199598654243,113.03837333243318,Low,UK,Low-cost nurture
16137,1,422.7,422.7,210,28,306,United Kingdom,1,0.2623310298102239,640.9432195843077,168.13929484343194,Low,UK,Low-cost nurture
16138,3,910.35,303.45000000000005,774,35,4,United Kingdom,1,0.7896336963174695,1229.074728129257,970.518820623094,High,UK,Protect loyalty
16139,2,475.74,237.87,272,23,348,United Kingdom,1,0.3152421559457185,591.5082217434843,186.4683270820341,Low,UK,Low-cost nurture
16140,1,708.28,708.28,542,29,67,United Kingdom,1,0.5631808149836094,1205.9763005505265,679.1827157949638,High,UK,Win back now
16141,1,335.54,335.54,172,20,43,United Kingdom,1,0.5142592472158654,672.6206690217522,345.90139891295803,Medium,UK,Low-cost nurture
16143,6,2130.14,355.0233333333333,947,65,36,United Kingdom,1,0.8710815331659778,2234.4531101213743,1946.390840952014,Very High,UK,Protect loyalty
16145,8,3005.9500000000003,375.74375,2147,110,14,United Kingdom,1,0.9207297084251306,2922.455301370992,2690.7914175167907,Very High,UK,Protect loyalty
16146,1,212.25,212.25,117,12,74,United Kingdom,1,0.4396422255704766,470.8763874386275,207.01714294210424,Low,UK,Low-cost nurture
16147,4,2023.91,505.9775,1149,101,26,United Kingdom,1,0.8446148037987266,2059.512701487135,1739.494916287542,Very High,UK,Protect loyalty
16148,1,310.3,310.3,178,8,62,United Kingdom,1,0.475144410403256,687.3682034611511,326.599159763494,Medium,UK,Low-cost nurture
16149,1,141.7,141.7,290,12,55,United Kingdom,1,0.4778258360881038,346.4646067951056,165.54974041680748,Low,UK,Low-cost nurture
16150,5,1949.15,389.83,943,74,83,United Kingdom,1,0.8251133497454006,1965.213953455185,1621.5242681018094,Very High,UK,Protect loyalty
16153,6,3309.26,551.5433333333334,2620,106,46,United Kingdom,1,0.8924027522145892,3078.8116894051086,2747.540025175568,Very High,UK,Protect loyalty
16155,5,796.9,159.38,495,45,7,United Kingdom,1,0.8356772657451932,1036.1423500608307,865.8806060216339,High,UK,Protect loyalty
16156,11,3096.14,281.4672727272728,1932,101,8,United Kingdom,1,0.9386745890209992,3102.1084639821947,2911.87038752705,Very High,UK,Protect loyalty
16158,9,628.32,69.81333333333333,182,29,148,United Kingdom,1,0.778551402562527,806.4367204719878,627.8524398013906,Medium,UK,Grow customer value
16159,3,884.59,294.86333333333334,399,25,96,United Kingdom,1,0.687009561355216,1147.460636224952,788.3164283652812,High,UK,Protect loyalty
16161,24,7046.39,293.5995833333333,3672,276,1,United Kingdom,1,0.9765224610315402,6046.694105611729,5904.732609116873,Very High,UK,Protect loyalty
16163,4,1551.38,387.845,484,58,43,United Kingdom,1,0.8038770613843069,1711.150410604636,1375.5545636634051,High,UK,Protect loyalty
16165,1,79.9,79.9,2,1,131,United Kingdom,1,0.2116266575171093,234.0303806048153,49.52706720485399,Low,UK,Low-cost nurture
16166,2,435.83,217.915,173,18,54,United Kingdom,1,0.6097950624376443,706.4547225896463,430.792601670922,Medium,UK,Low-cost nurture
16167,5,1386.12,277.22400000000005,1494,51,40,United Kingdom,1,0.8494778606247853,1609.8827968948815,1367.5597941629096,High,UK,Protect loyalty
16168,39,6573.07,168.54025641025643,3083,103,4,United Kingdom,1,0.9826159230280024,6812.505279893119,6694.076163735316,Very High,UK,Protect loyalty
16170,14,4983.95,355.99642857142857,4286,187,21,United Kingdom,1,0.9572650657063068,4403.407509699143,4215.228179103794,Very High,UK,Protect loyalty
16172,3,744.34,248.1133333333333,632,41,99,United Kingdom,1,0.7003397446720855,943.2220502165874,660.5758898177658,High,UK,Grow customer value
16174,4,1237.2,309.3,780,15,117,United Kingdom,1,0.7337577681491144,1575.111167282595,1155.7500546920232,High,UK,Protect loyalty
16175,3,798.85,266.28333333333336,399,32,97,United Kingdom,1,0.6866143627925927,1023.3023293610944,702.6140768184437,High,UK,Protect loyalty
16176,4,2052.69,513.1725,952,53,47,United Kingdom,1,0.8213634300724849,2204.74338749994,1810.8955911865803,Very High,UK,Protect loyalty
16177,7,1915.36,273.6228571428572,926,66,62,United Kingdom,1,0.8699032740955859,2008.791478415822,1747.454284049236,Very High,UK,Protect loyalty
16178,1,414.7,414.7,210,17,27,United Kingdom,1,0.544294759693221,831.2253700981277,452.4316130684691,Medium,UK,Low-cost nurture
16180,5,5995.69,1199.138,3946,106,104,United Kingdom,1,0.8653522091025769,4864.748159310268,4209.720566386835,Very High,UK,Protect loyalty
16182,5,3354.0,670.8,2096,8,64,United Kingdom,1,0.8418966160205371,4104.142587356074,3455.26375596085,Very High,UK,Protect loyalty
16183,3,739.1,246.36666666666667,238,17,20,United Kingdom,1,0.7305898470840391,1085.4734490392984,793.0358811474055,High,UK,Protect loyalty
16185,1,115.31,115.31,61,9,190,United Kingdom,1,0.275469567095368,263.546257075838,72.59897334628567,Low,UK,Low-cost nurture
16186,14,4711.49,336.535,3574,110,14,United Kingdom,1,0.9554565162427046,4484.895515356576,4285.122644815123,Very High,UK,Protect loyalty
16188,1,105.8,105.8,56,7,34,United Kingdom,1,0.4231807105514444,284.41836112362364,120.36036415417236,Low,UK,Low-cost nurture
16190,7,2508.4700000000003,358.3528571428572,1143,88,20,United Kingdom,1,0.8985502904606295,2523.372151585111,2267.376779747065,Very High,UK,Protect loyalty
16191,11,10497.3,954.3,5997,54,1,United Kingdom,1,0.9552524323151932,9510.170142554758,9084.61316040676,Very High,UK,Protect loyalty
16192,1,351.3,351.3,208,11,361,United Kingdom,1,0.201500878471542,584.2709059988533,117.73110082413268,Low,UK,Low-cost nurture
16193,1,315.98,315.98,160,19,36,United Kingdom,1,0.5163203309517725,646.1352233058087,333.6127523368526,Medium,UK,Low-cost nurture
16194,1,308.6,308.6,140,8,1,United Kingdom,1,0.5346532955375178,714.7798664973523,382.1594112066764,Medium,UK,Low-cost nurture
16195,1,323.25,323.25,123,16,349,United Kingdom,1,0.200328363552727,522.8662793500691,104.7449460991024,Low,UK,Low-cost nurture
16196,1,93.3,93.3,26,4,114,United Kingdom,1,0.3035733198887918,251.18373483897088,76.25268028713236,Low,UK,Low-cost nurture
16197,9,2016.71,224.07888888888888,1420,52,95,United Kingdom,1,0.881896560811096,2146.5031479414247,1892.9937439397336,Very High,UK,Protect loyalty
16198,1,629.36,629.36,255,18,63,United Kingdom,1,0.5278078604197558,1142.3042240133254,602.9171484249227,Medium,UK,Win back now
16199,7,942.75,134.67857142857142,321,2,18,United Kingdom,1,0.8321948604282148,1638.6911388534536,1363.710343583102,High,UK,Protect loyalty
16200,10,4539.23,453.92300000000006,2552,241,8,United Kingdom,1,0.9433081304896594,3841.8687618023055,3624.066039282357,Very High,UK,Protect loyalty
16201,1,248.65,248.65,135,13,41,United Kingdom,1,0.4888200528532135,548.0793818400217,267.91219239879604,Medium,UK,Low-cost nurture
16202,8,2136.72,267.09000000000003,1116,92,43,United Kingdom,1,0.8968771855165601,2168.950489995377,1945.282210991818,Very High,UK,Protect loyalty
16203,2,350.94,175.47,275,31,19,United Kingdom,1,0.6629353113867107,573.8973728990384,380.4568336068392,Medium,UK,Low-cost nurture
16204,2,534.53,267.265,453,47,6,United Kingdom,1,0.7111269933669773,791.7725513380129,563.0508338635018,Medium,UK,Grow customer value
16205,3,1062.48,354.16,936,89,22,United Kingdom,1,0.7961600955182373,1239.9187239310832,987.173809679822,High,UK,Protect loyalty
16206,9,2052.81,228.09,1107,139,13,United Kingdom,1,0.9182606196793928,2059.428570671117,1891.092155489906,Very High,UK,Protect loyalty
16208,8,2776.19,347.02375,1208,141,20,United Kingdom,1,0.9128933102149626,2616.401525433786,2388.4954494047265,Very High,UK,Protect loyalty
16209,4,1884.16,471.04,716,17,8,United Kingdom,1,0.8267819090657175,2401.098169931757,1985.1845287903784,Very High,UK,Protect loyalty
16210,17,12664.67,744.9805882352941,4838,93,19,United Kingdom,1,0.96746043347955,10688.213114251546,10340.42329263561,Very High,UK,Protect loyalty
16211,2,543.5699999999999,271.785,365,12,47,United Kingdom,1,0.6432058726190877,905.6968433048156,582.5495284262271,Medium,UK,Low-cost nurture
16212,2,603.37,301.685,327,36,244,United Kingdom,1,0.4466646126668089,745.7300875274316,333.0912406994258,Medium,UK,Low-cost nurture
16214,1,975.5,975.5,888,54,61,United Kingdom,1,0.6097915756517853,1486.1572151963371,906.2461499208438,High,UK,Win back now
16218,6,883.99,147.33166666666668,711,39,12,United Kingdom,1,0.8587690831175108,1154.377745386401,991.343917976739,High,UK,Protect loyalty
16219,1,40.8,40.8,48,1,126,United Kingdom,1,0.2705734034657276,141.4330407634119,38.26801920186335,Low,UK,Low-cost nurture
16221,6,1159.06,193.17666666666665,735,101,8,United Kingdom,1,0.8743798187554314,1298.4367879514805,1135.3269233143997,High,UK,Protect loyalty
16222,1,498.50000000000006,498.50000000000006,138,23,347,United Kingdom,1,0.2197622838215765,723.628594232252,159.0262725070766,Low,UK,Low-cost nurture
16223,2,1087.05,543.5250000000001,643,101,0,United Kingdom,1,0.7582382424678838,1324.3910765431351,1004.2039622182156,High,UK,Protect loyalty
16224,1,321.24,321.24,439,20,13,United Kingdom,1,0.5790912337560119,674.881950880437,390.8182215750165,Medium,UK,Low-cost nurture
16225,10,1762.99,176.299,788,122,28,United Kingdom,1,0.9135710489492266,1823.657450476347,1666.040649955749,Very High,UK,Protect loyalty
16226,2,417.05,208.525,329,20,4,United Kingdom,1,0.6821053153193918,707.5881183610227,482.6496165909005,Medium,UK,Grow customer value
16227,2,713.0,356.5,346,23,120,United Kingdom,1,0.5847279776423162,996.2913982994118,582.5594544700504,Medium,UK,Win back now
16228,3,885.71,295.2366666666667,555,45,11,United Kingdom,1,0.7787003234044398,1153.4202284241264,898.1687048950902,High,UK,Protect loyalty
16229,4,1857.26,464.315,974,109,7,United Kingdom,1,0.8515893645313085,1922.37948172396,1637.0779212293332,Very High,UK,Protect loyalty
16231,4,1074.47,268.6175,563,69,5,United Kingdom,1,0.8263402673600628,1273.886924780609,1052.6640620096966,High,UK,Protect loyalty
16232,3,1722.09,574.0300000000001,1299,49,46,United Kingdom,1,0.7909321815691711,1966.5549824585448,1555.4116224516597,High,UK,Protect loyalty
16233,6,1281.63,213.605,503,35,5,United Kingdom,1,0.8624024934822113,1592.6164408694965,1373.4763897666185,High,UK,Protect loyalty
16234,3,333.18,111.06,170,13,102,United Kingdom,1,0.6086653591676862,536.6024227877051,326.6113063963291,Medium,UK,Low-cost nurture
16235,4,1186.4,296.6,458,55,1,United Kingdom,1,0.8243840125801525,1420.6652201832485,1171.1736947477325,High,UK,Protect loyalty
16237,1,136.65,136.65,57,7,63,United Kingdom,1,0.401621805958827,344.22098024038,138.24665173305914,Low,UK,Low-cost nurture
16238,1,63.66,63.66,85,6,48,United Kingdom,1,0.4013754429803755,188.72717202034508,75.75045227209954,Low,UK,Low-cost nurture
16239,4,1078.0,269.5,464,9,8,United Kingdom,1,0.797577519027041,1602.9744212223268,1278.4963619423104,High,UK,Protect loyalty
16241,3,1402.55,467.51666666666665,815,259,9,United Kingdom,1,0.8210895340345322,1388.5091353709593,1140.090318964432,High,UK,Protect loyalty
16242,7,3824.79,546.3985714285715,1952,249,7,United Kingdom,1,0.92121733478323,3236.206137152446,2981.249192476708,Very High,UK,Protect loyalty
16246,2,821.35,410.675,336,79,85,United Kingdom,1,0.6474745917856591,997.5270845266976,645.8734418490621,High,UK,Win back now
16250,1,175.8,175.8,60,11,12,United Kingdom,1,0.4765153872487036,421.5478638227912,200.87404357338116,Low,UK,Low-cost nurture
16251,1,128.31,128.31,44,20,138,United Kingdom,1,0.3301601018640425,273.04252793676847,90.14774883681916,Low,UK,Low-cost nurture
16252,1,295.09000000000003,295.09000000000003,158,21,8,United Kingdom,1,0.5463484797219452,616.5442049434616,336.8479890522357,Medium,UK,Low-cost nurture
16253,5,3588.34,717.6679999999999,2797,144,46,United Kingdom,1,0.8824876295695774,3175.036683487961,2801.930596607744,Very High,UK,Protect loyalty
16254,3,967.44,322.48,543,65,4,United Kingdom,1,0.790380603185496,1195.3503708941755,944.781747165345,High,UK,Protect loyalty
16255,7,1910.09,272.87,1109,131,28,United Kingdom,1,0.89374314743538,1903.9291797237556,1701.6236575803705,Very High,UK,Protect loyalty
16256,2,876.9399999999999,438.47,1009,16,119,United Kingdom,1,0.6237165858357511,1258.6837075468914,785.0619047182321,High,UK,Win back now
16258,10,6739.01,673.9010000000001,4206,166,13,United Kingdom,1,0.9474964183172256,5616.364957556381,5321.485681247048,Very High,UK,Protect loyalty
16259,3,340.94,113.64666666666666,143,75,36,United Kingdom,1,0.6995292358544208,469.0088423245638,328.08539708026865,Medium,UK,Grow customer value
16261,2,312.62,156.31,153,41,12,United Kingdom,1,0.6518334251018413,502.0610802003032,327.2601935172938,Medium,UK,Low-cost nurture
16262,1,755.15,755.15,446,46,4,United Kingdom,1,0.6346949128105801,1262.705589967166,801.4328143296425,High,UK,Win back now
16263,1,348.16,348.16,197,19,49,United Kingdom,1,0.5128528285889881,696.1462393562691,357.02056796544935,Medium,UK,Low-cost nurture
16264,2,823.53,411.765,616,62,64,United Kingdom,1,0.6837820325851126,1056.8796165353083,722.6752923922875,High,UK,Protect loyalty
16265,3,1488.17,496.0566666666667,568,67,12,United Kingdom,1,0.7966510357910582,1698.2612280576448,1352.921566375917,High,UK,Protect loyalty
16266,7,896.06,128.00857142857143,393,41,49,United Kingdom,1,0.8434695396896231,1122.0419544852596,946.4082108621268,High,UK,Protect loyalty
16267,1,186.66,186.66,198,7,217,United Kingdom,1,0.2963140468932748,404.3251352862764,119.80721709734736,Low,UK,Low-cost nurture
16269,1,717.57,717.57,579,53,63,United Kingdom,1,0.5813129560692805,1141.3007424839436,663.452908377406,High,UK,Win back now
16271,5,1993.18,398.636,1335,116,83,United Kingdom,1,0.8373298567630545,1910.079409884464,1599.366518684618,Very High,UK,Protect loyalty
16273,2,318.34000000000003,159.17000000000002,40,15,274,United Kingdom,1,0.3082848208305966,455.1850672793469,140.32664691097654,Low,UK,Low-cost nurture
16275,2,1591.24,795.62,932,76,100,United Kingdom,1,0.6866422182539105,1753.6106393790456,1204.103099376886,High,UK,Protect loyalty
16276,2,1818.79,909.395,1047,16,105,United Kingdom,1,0.6646621497543457,2345.173318351724,1558.7479393221893,High,UK,Win back now
16277,1,188.69,188.69,33,23,359,United Kingdom,1,0.158410390041424,310.1932569593605,49.13783482315198,Low,UK,Low-cost nurture
16278,2,551.46,275.73,228,30,106,United Kingdom,1,0.5807241831475717,782.356254467057,454.33319680577546,Medium,UK,Low-cost nurture
16279,6,4195.5,699.25,2637,165,11,United Kingdom,1,0.9123605228002754,3662.5453736008185,3341.5618118381726,Very High,UK,Protect loyalty
16280,1,238.05,238.05,101,16,351,United Kingdom,1,0.1873166223393169,402.7591723694649,75.44348778442689,Low,UK,Low-cost nurture
16281,2,1361.96,680.98,636,19,49,United Kingdom,1,0.6968018598019762,1870.0405484148775,1303.0477320405944,High,UK,Protect loyalty
16282,2,1139.28,569.64,676,21,113,United Kingdom,1,0.6304426546812967,1515.884955449725,955.678535505164,High,UK,Win back now
16283,3,2779.51,926.5033333333334,1631,277,44,United Kingdom,1,0.8285489873671524,2404.766252800512,1992.466643612566,Very High,UK,Protect loyalty
16284,1,205.8,205.8,139,30,19,United Kingdom,1,0.52246910825928,433.0517608621978,226.25616732778343,Low,UK,Low-cost nurture
16285,1,176.9,176.9,60,31,272,United Kingdom,1,0.2343353150944619,307.1466793144741,71.97531387737496,Low,UK,Low-cost nurture
16286,2,328.95,164.475,101,17,103,United Kingdom,1,0.5257942312178749,535.9679423301066,281.8088521948847,Medium,UK,Low-cost nurture
16287,4,864.48,216.12,1128,18,2,United Kingdom,1,0.8235821948968245,1259.7198852806678,1037.4828680746284,High,UK,Protect loyalty
16288,1,129.85,129.85,19,7,96,United Kingdom,1,0.3301989687722975,315.5117720745096,104.18166177452323,Low,UK,Low-cost nurture
16289,1,136.31,136.31,97,21,88,United Kingdom,1,0.4112347292865005,301.0922240248248,123.81957923711916,Low,UK,Low-cost nurture
16290,4,1957.7,489.425,957,85,90,United Kingdom,1,0.796052412412761,1938.0894641291336,1542.8207933917522,High,UK,Protect loyalty
16291,1,117.72,117.72,1,1,308,Portugal,0,0.1204756471472614,356.0915156506249,42.90035579165822,Low,Non-UK,Low-cost nurture
16292,4,951.51,237.8775,497,38,6,United Kingdom,1,0.81375262565345,1230.6880704487046,1001.4756486880112,High,UK,Protect loyalty
16293,5,2030.21,406.042,851,86,5,United Kingdom,1,0.870320180155667,2119.708672246732,1844.8252335073053,Very High,UK,Protect loyalty
16294,1,126.05,126.05,54,8,102,United Kingdom,1,0.3579261943003087,307.42496410573995,110.03544743527652,Low,UK,Low-cost nurture
16296,4,1313.67,328.4175,645,56,252,United Kingdom,1,0.619418390131318,1275.5249175171257,790.0835909808401,High,UK,Win back now
16298,4,487.5,121.875,110,16,23,United Kingdom,1,0.73455108896062,748.111429904645,549.5260655003435,Medium,UK,Grow customer value
16299,1,193.65,193.65,107,12,103,United Kingdom,1,0.401506912863327,425.6574965336685,170.90442737036554,Low,UK,Low-cost nurture
16300,3,1367.32,455.77333333333337,643,190,56,United Kingdom,1,0.7775988655041202,1353.7351522469407,1052.6629185802683,High,UK,Protect loyalty
16301,1,107.33,107.33,41,6,362,United Kingdom,1,0.1380054487054658,224.78176119359475,31.021107814326918,Low,UK,Low-cost nurture
16303,4,2567.64,641.9100000000001,1200,66,18,United Kingdom,1,0.8505915093033316,2661.504990817771,2263.8535471580376,Very High,UK,Protect loyalty
16304,1,381.66,381.66,228,25,320,United Kingdom,1,0.2481210958801196,590.4843989736227,146.51163617344903,Low,UK,Low-cost nurture
16306,1,492.45,492.45,225,26,60,United Kingdom,1,0.5240927795935948,892.0651057523663,467.52488085221177,Medium,UK,Low-cost nurture
16307,3,1194.92,398.3066666666667,1123,69,55,United Kingdom,1,0.775459673239668,1378.0350395101,1068.6106014513152,High,UK,Protect loyalty
16308,3,2560.0,853.3333333333334,8000,1,32,United Kingdom,1,0.8130165726167304,4202.329939201312,3416.5638841741243,Very High,UK,Protect loyalty
16310,2,460.08,230.04,270,26,40,United Kingdom,1,0.647439365429717,722.0785896372898,467.502103865152,Medium,UK,Low-cost nurture
16312,1,171.15,171.15,53,10,58,United Kingdom,1,0.4186322393840012,400.90343657926655,167.83110343192024,Low,UK,Low-cost nurture
16314,3,1491.4,497.1333333333334,636,58,15,United Kingdom,1,0.795400694388515,1729.810332222197,1375.8923394099634,High,UK,Protect loyalty
16315,1,176.34,176.34,68,9,162,United Kingdom,1,0.3181840111831099,384.7863776738679,122.43287309689036,Low,UK,Low-cost nurture
16316,5,2806.0,561.2,1573,115,6,United Kingdom,1,0.8868075743466118,2711.514872864149,2404.591927209417,Very High,UK,Protect loyalty
16317,2,850.86,425.43,346,47,176,United Kingdom,1,0.5425779933997954,1017.481679616396,552.0631680473177,Medium,UK,Win back now
16320,4,4590.53,1147.6325000000002,2587,138,79,Unspecified,0,0.8630105558435572,4885.530074287329,4216.264025001123,Very High,Non-UK,Protect loyalty
16321,2,230.9,115.45000000000002,124,10,252,Australia,0,0.3761515630507376,481.8746598093461,181.257906481828,Low,Non-UK,Low-cost nurture
16323,1,146.16,146.16,96,3,203,United Kingdom,1,0.2699239287646586,357.6285721271311,96.53250922705033,Low,UK,Low-cost nurture
16325,9,3003.26,333.6955555555556,2270,99,50,United Kingdom,1,0.9159442163828992,2897.8530534487177,2654.2717442338776,Very High,UK,Protect loyalty
16326,10,1682.03,168.203,401,122,9,United Kingdom,1,0.9120704132282356,1759.1220813331056,1604.4432036403991,Very High,UK,Protect loyalty
16327,10,6339.37,633.937,5564,233,26,United Kingdom,1,0.9474107240806348,5098.139269593336,4830.031816869342,Very High,UK,Protect loyalty
16328,1,310.83,310.83,141,16,189,United Kingdom,1,0.342212043958811,575.0587159211457,196.7920185717045,Low,UK,Low-cost nurture
16329,4,1664.92,416.23,797,83,53,United Kingdom,1,0.813818232855479,1741.621933095756,1417.3636838943316,High,UK,Protect loyalty
16330,4,373.47,93.3675,179,71,50,United Kingdom,1,0.7379714198759114,497.898192773888,367.4346362749964,Medium,UK,Grow customer value
16331,6,2037.7,339.6166666666667,756,33,58,United Kingdom,1,0.8484398404819088,2282.041519731602,1936.174942974173,Very High,UK,Protect loyalty
16332,4,417.21,104.3025,331,41,57,United Kingdom,1,0.7441957609452624,585.3220038029045,435.5941540181083,Medium,UK,Grow customer value
16334,1,263.73,263.73,206,54,118,United Kingdom,1,0.446065035497334,463.43617440417046,206.72267358634497,Low,UK,Low-cost nurture
16335,7,2753.52,393.36,1004,193,177,United Kingdom,1,0.8223351801088213,2192.509787304908,1802.9779308337352,Very High,UK,Protect loyalty
16336,4,3517.69,879.4224999999999,1473,64,46,United Kingdom,1,0.8440480938814644,3413.3191191015794,2881.005496286847,Very High,UK,Protect loyalty
16340,2,961.93,480.965,833,170,65,United Kingdom,1,0.7129066937917868,1072.851942818916,764.8433314831286,High,UK,Protect loyalty
16341,3,1878.92,626.3066666666667,1624,67,63,United Kingdom,1,0.7896845169522019,2019.8475161655977,1595.0423101203348,Very High,UK,Protect loyalty
16343,1,285.54,285.54,170,28,33,United Kingdom,1,0.5250652847621275,569.7415487893104,299.15150855587484,Medium,UK,Low-cost nurture
16344,3,741.3199999999999,247.10666666666663,688,42,135,United Kingdom,1,0.6683839720157565,912.6314954283606,609.9882639010874,Medium,UK,Low-cost nurture
16345,1,613.33,613.33,323,68,109,United Kingdom,1,0.5082896303000083,927.896870430057,471.6403572274284,Medium,UK,Low-cost nurture
16346,1,224.51,224.51,289,15,11,United Kingdom,1,0.5481638425956739,513.7770866671813,281.6340220650926,Medium,UK,Low-cost nurture
16347,9,2595.51,288.39000000000004,1374,167,14,United Kingdom,1,0.923793398895159,2458.3502515636555,2271.0077345667587,Very High,UK,Protect loyalty
16348,1,328.77,328.77,359,29,56,United Kingdom,1,0.5319792843361842,635.2330885437854,337.9308438301869,Medium,UK,Low-cost nurture
16350,5,1137.42,227.484,532,49,0,United Kingdom,1,0.849234286313917,1389.7161387801975,1180.1945932959334,High,UK,Protect loyalty
16351,12,3176.13,264.6775,2075,123,37,United Kingdom,1,0.9370921367590184,3052.7281677395263,2860.687561651476,Very High,UK,Protect loyalty
16353,15,3119.75,207.9833333333333,1477,46,0,United Kingdom,1,0.9494479653877262,3531.9525548927268,3353.4051670888807,Very High,UK,Protect loyalty
16354,3,723.66,241.22,442,87,5,United Kingdom,1,0.780915390436159,902.1296847545498,704.4869549941483,High,UK,Grow customer value
16355,1,416.35,416.35,179,47,1,United Kingdom,1,0.5857869527791407,754.8089936577957,442.1572603250899,Medium,UK,Low-cost nurture
16356,3,204.1,68.03333333333335,97,17,2,United Kingdom,1,0.6801694454893417,371.3292637541688,252.5668194216385,Medium,UK,Grow customer value
16357,1,209.49,209.49,143,13,7,United Kingdom,1,0.5224844534614881,488.2598379969779,255.1081746030457,Medium,UK,Low-cost nurture
16358,1,892.1500000000001,892.1500000000001,763,45,20,United Kingdom,1,0.6413729130004647,1451.0033355697128,930.6342361077376,High,UK,Win back now
16359,7,946.83,135.26142857142858,581,52,2,United Kingdom,1,0.8783719832000887,1193.4376570226202,1048.2822016246262,High,UK,Protect loyalty
16362,1,212.17,212.17,127,13,63,United Kingdom,1,0.4561038251989101,471.28218854367134,214.95360894288248,Low,UK,Low-cost nurture
16365,6,1626.92,271.1533333333333,530,58,21,United Kingdom,1,0.8635424103007021,1810.9557987959404,1563.8371354402798,Very High,UK,Protect loyalty
16366,3,1220.83,406.9433333333333,626,57,208,United Kingdom,1,0.6126903510478635,1259.8437831908748,771.8941297886855,High,UK,Win back now
16367,1,549.8100000000001,549.8100000000001,460,90,9,United Kingdom,1,0.6310175271791053,891.41476693581,562.4983419227733,Medium,UK,Low-cost nurture
16368,1,141.53,141.53,56,20,61,United Kingdom,1,0.4222482927873788,316.1219677517719,133.4819611957725,Low,UK,Low-cost nurture
16369,4,1111.15,277.7875,559,36,62,United Kingdom,1,0.7790216234009973,1351.9895482167904,1053.229092673025,High,UK,Protect loyalty
16371,1,157.2,157.2,108,11,74,United Kingdom,1,0.4242310969099542,369.4346398678293,156.72566250766317,Low,UK,Low-cost nurture
16372,3,934.58,311.5266666666667,564,203,35,United Kingdom,1,0.7814743719171136,990.928755330172,774.3854266862533,High,UK,Protect loyalty
16373,2,309.49,154.745,119,25,8,United Kingdom,1,0.6390398677883495,526.659829287405,336.55662767725806,Medium,UK,Low-cost nurture
16374,3,1256.67,418.89,534,210,28,United Kingdom,1,0.7933710907226507,1270.0697093935466,1007.636590635358,High,UK,Protect loyalty
16375,2,104.0,52.0,74,11,96,United Kingdom,1,0.4712844767714599,216.1234311332082,101.85561815966666,Low,UK,Low-cost nurture
16377,1,632.28,632.28,1428,5,243,United Kingdom,1,0.3692325297568814,1177.7670719091625,434.86991542537487,Medium,UK,Win back now
16381,2,247.85,123.925,108,60,21,United Kingdom,1,0.6295486188910681,390.4588688635864,245.81284162683943,Low,UK,Low-cost nurture
16382,2,353.1,176.55,167,42,34,United Kingdom,1,0.6367416820330704,545.5372147828417,347.366283752463,Medium,UK,Low-cost nurture
16383,5,2252.93,450.58600000000007,1129,198,22,United Kingdom,1,0.8751085215775578,2077.131351346365,1817.7153459991123,Very High,UK,Protect loyalty
16384,2,774.45,387.225,601,48,55,United Kingdom,1,0.6855887219045461,1041.4417120556864,714.0006923063404,High,UK,Protect loyalty
16385,2,326.49,163.245,218,52,15,United Kingdom,1,0.6656382563387295,508.19519114969,338.274160916607,Medium,UK,Low-cost nurture
16386,1,765.59,765.59,495,54,13,United Kingdom,1,0.6320557605922273,1246.958546715416,788.1473326711907,High,UK,Win back now
16387,4,788.1,197.025,404,68,21,United Kingdom,1,0.8009731685489254,967.187719278789,774.6914120923402,High,UK,Protect loyalty
16388,1,186.05,186.05,83,13,279,United Kingdom,1,0.2271148018653717,353.7802696223363,80.34873583915468,Low,UK,Low-cost nurture
16390,3,467.5,155.83333333333334,122,16,162,United Kingdom,1,0.5477730686034611,659.4137273493698,361.2090809094103,Medium,UK,Low-cost nurture
16391,4,1052.26,263.065,715,261,26,United Kingdom,1,0.8316357014374959,1055.91683967539,878.1381416231069,High,UK,Protect loyalty
16392,2,538.81,269.405,403,92,39,United Kingdom,1,0.6873344348981496,716.1288944772626,492.22004899976594,Medium,UK,Grow customer value
16393,10,2256.81,225.681,1428,247,0,United Kingdom,1,0.9346141349624796,2128.1792795174324,1989.026436371258,Very High,UK,Protect loyalty
16395,9,2036.35,226.2611111111111,1429,319,19,United Kingdom,1,0.923462572906802,1852.582777615013,1710.79085833919,Very High,UK,Protect loyalty
16396,1,137.8,137.8,80,8,102,United Kingdom,1,0.3739429274209368,333.3987505559528,124.67210478137568,Low,UK,Low-cost nurture
16397,1,123.13,123.13,43,9,254,United Kingdom,1,0.2152890906011126,263.13016157834136,56.64905319592493,Low,UK,Low-cost nurture
16399,1,222.2,222.2,189,37,15,United Kingdom,1,0.5445834002464325,454.4219159797282,247.47063215073905,Low,UK,Low-cost nurture
16400,8,2755.92,344.49,1894,187,21,United Kingdom,1,0.9190712117569187,2532.368084483709,2327.42660402099,Very High,UK,Protect loyalty
16401,11,2750.83,250.07545454545453,2153,76,5,United Kingdom,1,0.938074193356142,2918.8218170565656,2738.0714215856465,Very High,UK,Protect loyalty
16406,2,374.01,187.005,141,85,76,United Kingdom,1,0.6011525555858723,508.21458690130254,305.51449770173645,Medium,UK,Low-cost nurture
16407,4,681.97,170.4925,355,43,15,United Kingdom,1,0.7932350930125343,906.8821935354968,719.370781140541,High,UK,Grow customer value
16408,1,231.93,231.93,227,45,217,United Kingdom,1,0.3363690782942312,394.0716730654854,132.55352545090292,Low,UK,Low-cost nurture
16409,7,3629.76,518.5371428571428,2360,277,6,United Kingdom,1,0.9234986576332338,3070.999376569389,2836.0638018543286,Very High,UK,Protect loyalty
16410,1,130.32,130.32,348,5,360,United Kingdom,1,0.1822277202366002,279.8054195363748,50.98830371195908,Low,UK,Low-cost nurture
16411,2,544.6899999999999,272.345,330,112,9,United Kingdom,1,0.7130010259242355,720.3109926240892,513.5824767254801,Medium,UK,Grow customer value
16412,4,457.2,114.3,225,72,19,United Kingdom,1,0.7753857858568053,605.0001016578668,469.1084792674321,Medium,UK,Grow customer value
16413,1,259.83,259.83,135,32,1,United Kingdom,1,0.551431016932314,529.4889180868141,291.97661255500265,Medium,UK,Low-cost nurture
16414,3,424.96,141.65333333333334,174,54,57,United Kingdom,1,0.6873643047126194,578.1144356822821,397.37522712708017,Medium,UK,Grow customer value
16415,2,496.49,248.245,330,78,209,United Kingdom,1,0.4930398993318751,594.7547803144653,293.23783701339545,Medium,UK,Low-cost nurture
16416,6,1906.48,317.74666666666667,1526,92,16,United Kingdom,1,0.8887377018038137,2002.166453787757,1779.400812768023,Very High,UK,Protect loyalty
16417,1,35.7,35.7,6,1,118,United Kingdom,1,0.221811111119927,123.24526959321352,27.33717018874565,Low,UK,Low-cost nurture
16418,2,397.62,198.81,284,55,34,United Kingdom,1,0.6626853078778894,589.0451032882477,390.3515356265356,Medium,UK,Low-cost nurture
16419,2,504.99,252.495,273,34,203,United Kingdom,1,0.4781538031610396,665.9539706339353,318.4284237888115,Medium,UK,Low-cost nurture
16420,1,75.0,75.0,120,2,22,United Kingdom,1,0.4319125852652175,245.80117950684277,106.16462290204024,Low,UK,Low-cost nurture
16421,3,526.27,175.42333333333332,123,35,2,United Kingdom,1,0.728130366511526,754.4406572641785,549.3311522849629,Medium,UK,Grow customer value
16422,58,27236.47,469.5943103448276,30521,95,2,United Kingdom,1,0.9928863810504772,24890.157294565448,24713.098199978223,Very High,UK,Protect loyalty
16424,1,309.5,309.5,124,8,8,United Kingdom,1,0.5226330733362882,711.1058319917236,371.6474264411927,Medium,UK,Low-cost nurture
16428,3,638.49,212.83,575,121,39,United Kingdom,1,0.7617195404932324,764.3089932077432,582.1890951010473,Medium,UK,Grow customer value
16430,6,817.09,136.18166666666667,204,17,7,United Kingdom,1,0.8286277067262546,1168.5886779388125,968.324956306704,High,UK,Protect loyalty
16433,1,200.26,200.26,108,17,34,United Kingdom,1,0.4853213960987516,444.5382599531836,215.7439289397888,Low,UK,Low-cost nurture
16434,5,1161.89,232.378,550,55,72,United Kingdom,1,0.8057261411897072,1319.756638944186,1063.362424005997,High,UK,Protect loyalty
16435,3,1003.07,334.3566666666667,608,119,138,United Kingdom,1,0.6886265335226248,1034.6384937622065,712.479519408538,High,UK,Protect loyalty
16436,3,319.14,106.38,227,37,294,United Kingdom,1,0.4235384015615265,397.0609257527023,168.17054981583948,Low,UK,Low-cost nurture
16437,2,301.25,150.625,197,17,7,United Kingdom,1,0.6492073083050245,543.2630869534783,352.6903663825461,Medium,UK,Low-cost nurture
16439,1,310.70000000000005,310.70000000000005,74,9,348,United Kingdom,1,0.1826730098576368,534.7262090000396,97.680046047801,Low,UK,Low-cost nurture
16440,1,216.3,216.3,90,25,119,United Kingdom,1,0.3950610250625109,423.0529725905667,167.13174100737163,Low,UK,Low-cost nurture
16441,3,637.93,212.6433333333333,305,55,43,United Kingdom,1,0.7298721699812747,826.5655337965616,603.287179783827,Medium,UK,Grow customer value
16442,2,282.68,141.34,137,74,230,United Kingdom,1,0.4165206282472834,362.186564767362,150.85817549962704,Low,UK,Low-cost nurture
16443,1,162.24,162.24,96,1,146,United Kingdom,1,0.3150814322610145,443.38618603567375,139.7027545408687,Low,UK,Low-cost nurture
16444,13,2971.21,228.55461538461532,1538,159,16,United Kingdom,1,0.9442645648447668,2853.418189389901,2694.381684924397,Very High,UK,Protect loyalty
16445,3,352.65,117.55,176,93,12,United Kingdom,1,0.7317636564877402,480.925702672305,351.9239506864217,Medium,UK,Grow customer value
16447,2,471.19,235.595,94,27,216,United Kingdom,1,0.4193680801668129,627.2703239338965,263.057151493773,Medium,UK,Low-cost nurture
16448,1,178.13,178.13,100,31,97,United Kingdom,1,0.4192098852382246,357.6028270664466,149.91064009538977,Low,UK,Low-cost nurture
16450,2,1193.81,596.905,481,27,210,United Kingdom,1,0.5189710380182518,1411.0543167513376,732.2963234645769,High,UK,Win back now
16451,2,746.1800000000001,373.09,404,50,187,United Kingdom,1,0.5320323185184037,899.6855925243706,478.6618117283447,Medium,UK,Low-cost nurture
16452,2,332.17,166.085,199,14,256,United Kingdom,1,0.3779493553074265,495.5553570509252,187.29482771653872,Low,UK,Low-cost nurture
16453,2,251.71,125.855,139,15,156,United Kingdom,1,0.4654576891813836,419.4338719636704,195.22872080861035,Low,UK,Low-cost nurture
16454,2,24.05,12.025,6,2,232,United Kingdom,1,0.1990767529324495,67.1921881508782,13.376402639503045,Low,UK,Low-cost nurture
16455,4,2154.39,538.5975,1863,78,2,United Kingdom,1,0.8652964149065376,2299.1022133198635,1989.404902689364,Very High,UK,Protect loyalty
16456,8,3842.76,480.345,2149,187,34,United Kingdom,1,0.9198413507768904,3317.309497332721,3051.3984489715376,Very High,UK,Protect loyalty
16458,12,2208.15,184.0125,1241,66,1,United Kingdom,1,0.9362264949391048,2473.3518884154223,2315.6175692421866,Very High,UK,Protect loyalty
16459,1,71.78999999999999,71.78999999999999,59,5,355,United Kingdom,1,0.1392635722545763,165.74976859995266,23.08290487559881,Low,UK,Low-cost nurture
16461,2,1402.91,701.4549999999999,885,196,216,United Kingdom,1,0.5767315247703247,1286.5873342068016,742.0154750072761,High,UK,Win back now
16465,2,746.24,373.12,504,45,46,United Kingdom,1,0.6865941535786525,1021.3458215126436,701.2500698325671,High,UK,Protect loyalty
16466,8,2171.13,271.39125,992,134,9,United Kingdom,1,0.9112736671161866,2154.6354034618143,1963.462505411012,Very High,UK,Protect loyalty
16467,7,2869.16,409.88,7384,14,134,United Kingdom,1,0.8609344583782695,3300.049880990704,2841.1266569120044,Very High,UK,Protect loyalty
16468,2,712.62,356.31,340,37,96,United Kingdom,1,0.6182593304412108,960.1857802913032,593.6438176220727,Medium,UK,Low-cost nurture
16469,1,178.48000000000002,178.48000000000002,72,23,140,United Kingdom,1,0.3573229323113112,356.4177052270123,127.35621955938456,Low,UK,Low-cost nurture
16470,7,1664.08,237.72571428571428,813,211,22,United Kingdom,1,0.8934961661352074,1602.247757254308,1431.6022283054588,High,UK,Protect loyalty
16471,3,966.03,322.01,529,40,19,United Kingdom,1,0.7720284317457732,1248.519471816578,963.892529830614,High,UK,Protect loyalty
16472,2,789.6,394.8,252,39,60,United Kingdom,1,0.6502497273068978,1064.0516033526376,691.89926492052,High,UK,Win back now
16473,1,154.72,154.72,100,10,0,United Kingdom,1,0.5015830560228159,389.91224890935234,195.57337738868185,Low,UK,Low-cost nurture
16476,1,350.35,350.35,187,24,57,United Kingdom,1,0.5065089263663847,676.4893027066255,342.6478704122771,Medium,UK,Low-cost nurture
16477,4,1599.91,399.9775,1092,87,21,United Kingdom,1,0.8403909276850807,1727.190630536344,1451.5153362854178,High,UK,Protect loyalty
16481,1,453.38,453.38,201,16,308,United Kingdom,1,0.2536713270899612,722.8588558055413,183.3685652509226,Low,UK,Low-cost nurture
16485,4,1923.54,480.885,918,93,58,United Kingdom,1,0.8180769282726224,1936.138447145748,1583.9101935515182,Very High,UK,Protect loyalty
16486,1,134.36,134.36,24,7,163,United Kingdom,1,0.2747940784172472,309.1789798249336,84.96055282697729,Low,UK,Low-cost nurture
16487,2,209.4,104.7,163,28,203,United Kingdom,1,0.4233509264804754,323.81335951690164,137.08668575823555,Low,UK,Low-cost nurture
16489,2,303.7,151.85,38,4,6,United Kingdom,1,0.5721045203861534,620.2996058322412,354.8762084903744,Medium,UK,Low-cost nurture
16490,1,205.41000000000005,205.41000000000005,113,13,62,United Kingdom,1,0.4518777473720868,458.1334664936242,207.02031883490437,Low,UK,Low-cost nurture
16491,1,801.66,801.66,582,48,39,United Kingdom,1,0.609664701113277,1291.125501928566,787.153643233009,High,UK,Win back now
16492,1,385.56,385.56,235,23,166,United Kingdom,1,0.3968685121443899,678.8473521640922,269.4131386265219,Medium,UK,Low-cost nurture
16493,3,780.46,260.15333333333336,824,50,70,United Kingdom,1,0.7386455356470609,985.3711649202468,727.8400119236842,High,UK,Protect loyalty
16496,3,731.25,243.75,653,42,57,United Kingdom,1,0.73903835927461,958.3073842267504,708.225916919681,High,UK,Grow customer value
16497,17,3729.59,219.38764705882355,1654,147,39,United Kingdom,1,0.9524396658818532,3520.477512323784,3353.0424255822427,Very High,UK,Protect loyalty
16499,6,2212.89,368.815,1237,100,0,United Kingdom,1,0.8955222326949945,2265.600864703525,2028.8959447550117,Very High,UK,Protect loyalty
16500,3,443.05,147.68333333333334,263,19,0,United Kingdom,1,0.7372655817480177,711.597086577889,524.6360400060419,Medium,UK,Grow customer value
16501,1,1191.23,1191.23,628,181,9,United Kingdom,1,0.6794322802967582,1576.458507359224,1071.0967984483011,High,UK,Protect loyalty
16502,2,258.55,129.275,220,41,246,United Kingdom,1,0.4016035769451695,358.838997187767,144.11102481802487,Low,UK,Low-cost nurture
16503,7,2182.41,311.7728571428571,966,113,21,United Kingdom,1,0.8956918492495182,2172.5427172467453,1945.9288039843104,Very High,UK,Protect loyalty
16507,1,142.71,142.71,111,37,198,United Kingdom,1,0.3133932643316027,269.3526111903996,84.41329407720029,Low,UK,Low-cost nurture
16508,1,240.95,240.95,103,42,256,United Kingdom,1,0.2755845232108849,392.374362304582,108.13230155588325,Low,UK,Low-cost nurture
16510,5,1529.4,305.88,838,85,93,United Kingdom,1,0.8120157150533662,1562.9694944558369,1269.1557916471547,High,UK,Protect loyalty
16511,3,842.16,280.72,364,123,23,United Kingdom,1,0.7705856969764047,965.8050351235516,744.2355461340029,High,UK,Protect loyalty
16515,5,1554.92,310.98400000000004,747,106,5,United Kingdom,1,0.8653306695949242,1650.8197422435608,1428.5049529361406,High,UK,Protect loyalty
16518,2,475.05,237.525,197,28,47,United Kingdom,1,0.6321917389679957,727.3283141748644,459.8109517388683,Medium,UK,Low-cost nurture
16519,2,223.98,111.99,96,20,111,United Kingdom,1,0.5034008456432407,379.1861821788938,190.8826447650871,Low,UK,Low-cost nurture
16520,3,1101.81,367.27,487,166,50,United Kingdom,1,0.7677719472934229,1148.186495930692,881.5453818367192,High,UK,Protect loyalty
16521,3,1140.11,380.0366666666666,1014,212,41,United Kingdom,1,0.7965737091154346,1170.538546322932,932.4202315070468,High,UK,Protect loyalty
16522,2,433.36,216.68,212,16,61,United Kingdom,1,0.6070195067218876,711.1304144717901,431.6700334075976,Medium,UK,Low-cost nurture
16523,7,2497.86,356.83714285714285,714,61,41,United Kingdom,1,0.8798934710244664,2561.632849345452,2253.964019300863,Very High,UK,Protect loyalty
16524,2,306.19,153.095,259,50,72,United Kingdom,1,0.609447505954063,464.1242602545681,282.859372864921,Medium,UK,Low-cost nurture
16525,22,11123.85,505.6295454545455,7033,85,0,United Kingdom,1,0.976564099367237,10199.356764841596,9960.325653182668,Very High,UK,Protect loyalty
16526,1,426.85,426.85,173,20,210,United Kingdom,1,0.3420196389161404,721.7784401996948,246.86240149455463,Low,UK,Low-cost nurture
16527,1,1004.88,1004.88,602,58,50,United Kingdom,1,0.6105971822050508,1513.6462302491864,924.2281230454508,High,UK,Win back now
16529,3,1531.55,510.51666666666665,541,72,103,United Kingdom,1,0.7231888355718187,1604.776781448183,1160.5566519282029,High,UK,Protect loyalty
16530,1,48.35,48.35,17,3,294,United Kingdom,1,0.1405461635960956,128.81774998684654,18.10484056373228,Low,UK,Low-cost nurture
16531,4,1053.74,263.435,948,55,7,United Kingdom,1,0.8328218965371019,1296.9014525757118,1080.0879273558269,High,UK,Protect loyalty
16532,2,2007.84,1003.92,528,1,57,United Kingdom,1,0.6577624043353497,3376.3216523632614,2220.81744786796,Very High,UK,Win back now
16534,1,635.9,635.9,168,36,268,United Kingdom,1,0.3068208679862317,899.4026577506452,275.9555041201766,Medium,UK,Low-cost nurture
16535,2,378.29,189.145,308,36,11,United Kingdom,1,0.6793788685863176,605.4446769982851,411.32631965070345,Medium,UK,Grow customer value
16537,1,23.35,23.35,59,3,267,United Kingdom,1,0.1646535386529002,73.90812881635502,12.169234944827243,Low,UK,Low-cost nurture
16538,3,395.07,131.69,254,35,167,United Kingdom,1,0.5757804303503766,528.4612549241317,304.27764878371664,Medium,UK,Low-cost nurture
16539,6,1900.85,316.80833333333334,537,57,30,United Kingdom,1,0.8616341543946843,2052.580695735982,1768.5736320973251,Very High,UK,Protect loyalty
16540,1,205.75,205.75,105,25,40,United Kingdom,1,0.4856084382635796,432.84855196974206,210.1949093266783,Low,UK,Low-cost nurture
16541,1,424.03,424.03,173,38,361,United Kingdom,1,0.2166784504139208,592.0465539833027,128.28372989000377,Low,UK,Low-cost nurture
16542,1,137.7,137.7,96,9,27,United Kingdom,1,0.4637317379626108,350.0844645351167,162.34527717257967,Low,UK,Low-cost nurture
16543,1,292.21,292.21,317,18,217,United Kingdom,1,0.3398328043229715,534.6103097845365,181.6781207940516,Low,UK,Low-cost nurture
16544,4,376.7000000000001,94.175,150,8,145,United Kingdom,1,0.6052753216865537,595.2262919545813,360.2757853391037,Medium,UK,Low-cost nurture
16545,1,350.52,350.52,244,5,1,United Kingdom,1,0.5514770949122294,842.7527581104621,464.7588427720264,Medium,UK,Low-cost nurture
16546,3,4519.92,1506.64,3662,55,26,United Kingdom,1,0.8486640226619704,4501.5753597029,3820.325053081469,Very High,UK,Protect loyalty
16547,1,104.26,104.26,108,25,172,United Kingdom,1,0.32130514076498,221.3081603813835,71.1074496237792,Low,UK,Low-cost nurture
16548,1,30.15,30.15,6,6,225,United Kingdom,1,0.1591715110989224,84.7375584563132,13.487805226324648,Low,UK,Low-cost nurture
16549,24,8746.9,364.45416666666665,4793,646,23,United Kingdom,1,0.977357264491812,6463.203834291711,6316.859219336337,Very High,UK,Protect loyalty
16550,13,6514.61,501.1238461538461,3865,197,40,United Kingdom,1,0.9521273258826805,5345.880543940701,5089.958946790508,Very High,UK,Protect loyalty
16551,4,1315.0,328.75,1106,44,49,United Kingdom,1,0.8110176811072581,1554.2575718110536,1260.5303717335985,High,UK,Protect loyalty
16553,21,10864.19,517.342380952381,11827,149,22,United Kingdom,1,0.9759607845218388,9228.30791740802,9006.466634882625,Very High,UK,Protect loyalty
16554,5,2004.62,400.924,944,80,12,United Kingdom,1,0.8676033532132189,2107.5624229255104,1828.528225236349,Very High,UK,Protect loyalty
16555,4,1629.79,407.4475,1641,46,131,United Kingdom,1,0.7652359615466978,1746.8992969317771,1336.790163212839,High,UK,Protect loyalty
16556,10,4698.79,469.879,2463,183,1,United Kingdom,1,0.9438772658515736,4106.134082331454,3875.686610850973,Very High,UK,Protect loyalty
16558,18,4965.62,275.86777777777775,2436,182,5,United Kingdom,1,0.9649206774921631,4535.657540238086,4376.549746598973,Very High,UK,Protect loyalty
16559,1,175.0,175.0,61,17,23,United Kingdom,1,0.4723206708810314,396.7016791985831,187.3704032587065,Low,UK,Low-cost nurture
16560,6,2206.9700000000003,367.8283333333334,1103,102,23,United Kingdom,1,0.8839065526729826,2210.5377029075867,1953.9087605306984,Very High,UK,Protect loyalty
16562,1,223.86,223.86,264,34,102,United Kingdom,1,0.4579666452960017,433.80326220648624,198.66742471116632,Low,UK,Low-cost nurture
16563,5,3334.82,666.964,2098,46,26,United Kingdom,1,0.8773686488392471,3453.414247764152,3029.917392443039,Very High,UK,Protect loyalty
16564,1,87.80000000000001,87.80000000000001,40,5,195,United Kingdom,1,0.2444026136916803,220.80879545652135,53.966246735685445,Low,UK,Low-cost nurture
16565,3,599.35,199.78333333333333,165,7,32,United Kingdom,1,0.6895330902493766,988.3430289920844,681.4952230073411,High,UK,Protect loyalty
16568,2,1020.9,510.45,366,5,53,United Kingdom,1,0.6455753585601263,1675.2363132249366,1081.4912835831324,High,UK,Win back now
16569,4,1331.03,332.75750000000005,895,23,257,United Kingdom,1,0.6101311099707241,1432.7249293858956,874.1500514489437,High,UK,Win back now
16570,10,3695.91,369.591,2180,66,5,United Kingdom,1,0.9354541335340132,3770.696344028831,3527.313481323362,Very High,UK,Protect loyalty
16571,7,2827.05,403.86428571428576,2464,103,21,United Kingdom,1,0.9102783114336584,2771.8351281462205,2523.14140002144,Very High,UK,Protect loyalty
16574,2,850.34,425.17,586,58,49,United Kingdom,1,0.6966005504486529,1106.1328601796167,770.5327592704638,High,UK,Protect loyalty
16576,2,540.87,270.435,323,32,46,United Kingdom,1,0.6561940182046964,805.71020247239,528.7022152688771,Medium,UK,Low-cost nurture
16577,1,380.0,380.0,142,23,292,United Kingdom,1,0.2577814756492263,602.2342802856655,155.2448414585886,Low,UK,Low-cost nurture
16578,1,156.6,156.6,108,9,252,United Kingdom,1,0.2464174604099158,327.2710639412735,80.64530444205978,Low,UK,Low-cost nurture
16579,1,295.05,295.05,119,14,51,United Kingdom,1,0.4809066765925758,620.9352880782119,298.6119257687466,Medium,UK,Low-cost nurture
16583,1,64.5,64.5,42,4,299,United Kingdom,1,0.1613621678788232,161.0544415913097,25.988093841687043,Low,UK,Low-cost nurture
16584,3,2220.09,740.0300000000001,1267,46,58,United Kingdom,1,0.7870182856460826,2426.5515306682896,1909.7404256984348,Very High,UK,Protect loyalty
16585,2,341.59000000000003,170.79500000000002,151,16,219,United Kingdom,1,0.4114296068539946,511.9829633899511,210.64494934347076,Low,UK,Low-cost nurture
16586,2,998.83,499.415,253,19,70,United Kingdom,1,0.6361815622217099,1396.4408138692495,888.3898985174951,High,UK,Win back now
16588,4,1361.28,340.32,882,64,12,United Kingdom,1,0.8352426506105691,1569.8853730064848,1311.2352201046983,High,UK,Protect loyalty
16589,1,153.12,153.12,168,11,76,United Kingdom,1,0.4365045750821105,363.6149896414476,158.71960654692612,Low,UK,Low-cost nurture
16590,2,605.9,302.95,240,26,26,United Kingdom,1,0.6671865468389022,917.0779861309608,611.8620947486904,Medium,UK,Low-cost nurture
16592,12,3694.23,307.8525,2577,124,1,United Kingdom,1,0.9486904914846972,3572.541621242513,3389.2362665060964,Very High,UK,Protect loyalty
16593,5,741.11,148.222,261,40,16,United Kingdom,1,0.8137520927734951,971.0429880649082,790.1882637108471,High,UK,Protect loyalty
16595,4,1397.59,349.3975,996,286,2,United Kingdom,1,0.8584504367847505,1357.072343179234,1164.9793457507185,High,UK,Protect loyalty
16596,2,208.83,104.415,83,12,315,United Kingdom,1,0.2751477991402015,321.95591589470433,88.5854616785957,Low,UK,Low-cost nurture
16599,1,172.8,172.8,159,12,11,United Kingdom,1,0.5131197547380233,418.87128560833895,214.93113133815137,Low,UK,Low-cost nurture
16600,7,1339.89,191.41285714285712,1275,61,0,United Kingdom,1,0.8969387354718901,1588.327310249093,1424.6322891702898,High,UK,Protect loyalty
16601,2,434.3,217.15,258,38,16,United Kingdom,1,0.674388879497912,670.4706810049123,452.1579712991048,Medium,UK,Grow customer value
16602,1,235.25,235.25,93,11,14,United Kingdom,1,0.5007871518882606,540.9455447116318,270.8985786627818,Medium,UK,Low-cost nurture
16604,2,432.4500000000001,216.225,175,10,188,United Kingdom,1,0.4513158798107194,674.6874005669791,304.49713778409347,Medium,UK,Low-cost nurture
16605,1,60.48,60.48,144,1,350,United Kingdom,1,0.1441249591173785,167.2695326426127,24.10771455369957,Low,UK,Low-cost nurture
16606,2,357.66,178.83,148,16,30,United Kingdom,1,0.6208841423441422,616.8613028140027,382.9994009429623,Medium,UK,Low-cost nurture
16607,11,2359.16,214.4690909090909,1577,99,25,United Kingdom,1,0.9295653811029058,2436.6706304840764,2265.044663248188,Very High,UK,Protect loyalty
16608,2,1286.62,643.31,612,94,79,United Kingdom,1,0.6904002887688239,1444.512387212997,997.2917692619964,High,UK,Protect loyalty
16611,5,1655.64,331.12800000000004,827,79,29,United Kingdom,1,0.8525472965451946,1770.8682814202389,1509.7489658624595,High,UK,Protect loyalty
16612,5,2057.77,411.554,913,71,5,United Kingdom,1,0.8700655660601871,2195.4968641968176,1910.22622193077,Very High,UK,Protect loyalty
16614,2,673.6,336.79999999999995,126,20,28,United Kingdom,1,0.6436989339970918,1019.55088752475,656.2838194554704,High,UK,Win back now
16615,1,291.5,291.5,211,19,252,United Kingdom,1,0.2940798557814554,512.2551931694783,150.64393333058177,Low,UK,Low-cost nurture
16619,3,1712.12,570.7066666666667,922,93,9,United Kingdom,1,0.8167304362037883,1857.0130853098085,1516.6791072012225,High,UK,Protect loyalty
16620,4,1579.97,394.9925,1058,70,15,United Kingdom,1,0.8409433740792464,1760.9138034431787,1480.8287953302256,High,UK,Protect loyalty
16622,1,225.4,225.4,44,12,169,United Kingdom,1,0.3104786180068186,451.8999413704714,140.30526927406632,Low,UK,Low-cost nurture
16623,3,885.79,295.2633333333333,403,40,27,United Kingdom,1,0.7561651355476577,1148.5141534664797,868.4663605343839,High,UK,Protect loyalty
16625,4,1320.95,330.2375,893,69,48,United Kingdom,1,0.8122523842035021,1475.4890742464215,1198.469518422874,High,UK,Protect loyalty
16628,2,130.05,65.025,55,8,33,United Kingdom,1,0.534310740804619,281.383908169376,150.3464444244782,Low,UK,Low-cost nurture
16630,1,106.8,106.8,72,4,33,United Kingdom,1,0.4245701015560455,304.8307867454608,129.42203808592953,Low,UK,Low-cost nurture
16631,7,1892.52,270.36,775,46,107,United Kingdom,1,0.8380844087312997,1996.8038289309695,1673.4901563220071,Very High,UK,Protect loyalty
16632,2,406.4,203.2,256,22,111,United Kingdom,1,0.5623936739891994,627.0724091615386,352.6615560456162,Medium,UK,Low-cost nurture
16634,4,1431.91,357.9775,1175,65,13,United Kingdom,1,0.841412796793692,1641.6030313384674,1381.265797823503,High,UK,Protect loyalty
16635,1,473.0,473.0,277,25,32,United Kingdom,1,0.5603882498601358,888.8104682255334,498.07894274627455,Medium,UK,Low-cost nurture
16636,4,3802.04,950.51,2186,62,64,United Kingdom,1,0.8421187548226943,3630.1260111288575,3056.997196341308,Very High,UK,Protect loyalty
16638,5,699.41,139.882,372,43,33,United Kingdom,1,0.809330382158048,910.9541797196704,737.2628944009921,High,UK,Grow customer value
16639,1,490.47,490.47,241,31,35,United Kingdom,1,0.5574093755384241,889.4766429206528,495.8026200864149,Medium,UK,Low-cost nurture
16640,1,179.4,179.4,146,13,23,United Kingdom,1,0.4994546581827124,423.727753616416,211.6328003450156,Low,UK,Low-cost nurture
16641,1,323.4,323.4,198,24,327,United Kingdom,1,0.2335692747151329,512.36505268703,119.67273374549046,Low,UK,Low-cost nurture
16642,1,389.12,389.12,296,20,41,United Kingdom,1,0.5414251376610794,769.8050345814845,416.7917968204722,Medium,UK,Low-cost nurture
16643,1,435.6,435.6,284,28,48,United Kingdom,1,0.542500897879596,808.955770103015,438.8592316257656,Medium,UK,Low-cost nurture
16645,1,160.39,160.39,117,14,361,United Kingdom,1,0.1735616852477891,292.3236208778274,50.73618027729152,Low,UK,Low-cost nurture
16646,1,678.8,678.8,1072,29,75,United Kingdom,1,0.5767920589780581,1170.30980835251,675.0254040018607,High,UK,Win back now
16647,2,327.84,163.92000000000002,250,16,68,United Kingdom,1,0.5949974946294952,561.8625141950209,334.30678827226666,Medium,UK,Low-cost nurture
16648,2,382.14,191.07,222,18,81,United Kingdom,1,0.58446010859442,622.4123214314906,363.775172974354,Medium,UK,Low-cost nurture
16649,1,306.58,306.58,82,20,146,United Kingdom,1,0.3719541788579684,567.9538150564352,211.25279490856684,Low,UK,Low-cost nurture
16650,6,1397.69,232.94833333333327,1139,53,46,United Kingdom,1,0.8597091682806995,1602.0940822270231,1377.3349709388249,High,UK,Protect loyalty
16651,1,136.2,136.2,60,6,212,United Kingdom,1,0.2553918902886214,310.54741904774085,79.31129237485517,Low,UK,Low-cost nurture
16652,9,10776.42,1197.38,4194,102,30,United Kingdom,1,0.9406261711023456,8635.363926214188,8122.6493059901695,Very High,UK,Protect loyalty
16654,4,882.8000000000001,220.7,358,42,62,United Kingdom,1,0.7636073099492453,1087.2998194455529,830.2700902351188,High,UK,Protect loyalty
16655,7,2633.74,376.2485714285714,1575,240,37,United Kingdom,1,0.903279917270122,2315.136044783551,2091.2158950011635,Very High,UK,Protect loyalty
16656,15,8207.37,547.158,6539,16,46,United Kingdom,1,0.9530293313759762,8859.456386156357,8443.321796053215,Very High,UK,Protect loyalty
16658,5,567.59,113.518,237,43,62,United Kingdom,1,0.7719405275113456,742.5479615260609,573.2028651229018,Medium,UK,Grow customer value
16660,3,611.9,203.96666666666667,420,5,48,United Kingdom,1,0.698711800226125,1044.613624792575,729.8838663195579,High,UK,Protect loyalty
16661,4,932.76,233.19,364,50,166,United Kingdom,1,0.6748222035485074,1028.3875867062795,693.9787773630633,High,UK,Protect loyalty
16662,1,151.05,151.05,35,28,20,United Kingdom,1,0.4597364302408382,328.9741908251921,151.24142013134212,Low,UK,Low-cost nurture
16663,1,165.0,165.0,100,1,355,United Kingdom,1,0.1538101744656898,381.87749468275945,58.73664408167578,Low,UK,Low-cost nurture
16664,1,109.2,109.2,24,8,195,United Kingdom,1,0.2430295672210488,250.05623892027344,60.77105952571724,Low,UK,Low-cost nurture
16666,1,98.73,98.73,121,15,247,United Kingdom,1,0.2473258994524875,211.74155759750525,52.36917118427369,Low,UK,Low-cost nurture
16668,7,555.7,79.38571428571427,455,23,13,United Kingdom,1,0.8520973385620564,831.9948992256146,708.9406393273525,High,UK,Grow customer value
16670,9,3934.25,437.1388888888889,1978,144,19,United Kingdom,1,0.9293659114011042,3550.8782929540957,3300.06524100568,Very High,UK,Protect loyalty
16673,1,171.13,171.13,95,19,305,United Kingdom,1,0.2128996628873622,310.4255366274542,66.08949209961352,Low,UK,Low-cost nurture
16675,2,608.86,304.43,296,21,67,United Kingdom,1,0.6287526982854728,917.136567130307,576.6520912794562,Medium,UK,Low-cost nurture
16676,2,769.78,384.89,291,43,28,United Kingdom,1,0.6873099477993578,1058.656158215719,727.6249088407145,High,UK,Protect loyalty
16677,2,880.62,440.31,457,45,37,United Kingdom,1,0.6975558546587061,1179.4112664704098,822.7052339768736,High,UK,Protect loyalty
16679,2,533.5600000000001,266.78000000000003,218,13,20,United Kingdom,1,0.6546138648888498,894.7417248316938,585.7103385693907,Medium,UK,Low-cost nurture
16680,2,637.75,318.875,283,16,154,United Kingdom,1,0.5294310472975164,917.6940536533788,485.8557239244115,Medium,UK,Low-cost nurture
16681,1,151.5,151.5,85,5,267,United Kingdom,1,0.2204669178999308,333.106532621941,73.43897057949209,Low,UK,Low-cost nurture
16683,1,320.25,320.25,190,18,159,United Kingdom,1,0.3861785141194542,598.749694068116,231.22426718470285,Low,UK,Low-cost nurture
16684,27,80489.21,2981.081851851852,54555,124,5,United Kingdom,1,0.9891332269165598,54150.26180953049,53561.82320203745,Very High,UK,Protect loyalty
16686,9,1921.19,213.4655555555556,1442,273,15,United Kingdom,1,0.9233610779465832,1803.7098946084825,1665.475512588606,Very High,UK,Protect loyalty
16687,1,157.63,157.63,141,8,16,United Kingdom,1,0.4927751293412151,402.9841793379304,198.5805810957121,Low,UK,Low-cost nurture
16690,2,127.45,63.725,71,5,19,United Kingdom,1,0.5504326297919656,295.0141623676753,162.38542121791343,Low,UK,Low-cost nurture
16691,2,178.83,89.41499999999999,92,11,44,United Kingdom,1,0.5575421255692253,354.14615684271786,197.4514010482612,Low,UK,Low-cost nurture
16692,2,638.6999999999999,319.35,726,1,34,United Kingdom,1,0.6520978803420828,1325.5754650146491,864.4049509695235,High,UK,Win back now
16693,3,701.62,233.8733333333333,455,98,37,United Kingdom,1,0.7569395670353648,845.7550469383169,640.1854590474643,High,UK,Grow customer value
16694,1,98.3,98.3,26,3,349,United Kingdom,1,0.1309109793668964,223.98290435795192,29.321821370941382,Low,UK,Low-cost nurture
16695,2,191.9,95.95,184,30,187,United Kingdom,1,0.4432055290712319,303.14327039892675,134.35477354153986,Low,UK,Low-cost nurture
16699,7,994.6,142.0857142857143,640,51,6,United Kingdom,1,0.8785847790066993,1244.390764423969,1093.3027847594103,High,UK,Protect loyalty
16700,12,3754.22,312.8516666666667,2620,129,15,United Kingdom,1,0.9459488363829988,3565.71286931743,3372.9819396067064,Very High,UK,Protect loyalty
16701,13,4518.43,347.57153846153847,4653,95,49,United Kingdom,1,0.946127705285694,4276.422874921504,4046.042161480732,Very High,UK,Protect loyalty
16702,4,1110.83,277.7075,692,84,41,United Kingdom,1,0.8096817841368205,1248.5907719581323,1010.9612038958304,High,UK,Protect loyalty
16704,2,664.16,332.08,433,50,244,United Kingdom,1,0.4663130960351953,781.4288034193232,364.3904846535426,Medium,UK,Low-cost nurture
16705,22,29480.061,1340.0027727272727,16826,314,26,United Kingdom,1,0.9817532267344454,19642.34470866483,19283.93529836196,Very High,UK,Protect loyalty
16707,4,533.41,133.3525,396,64,26,United Kingdom,1,0.7863690218356502,700.5009786415283,550.8522693692543,Medium,UK,Grow customer value
16709,9,6026.14,669.571111111111,2410,182,5,United Kingdom,1,0.9399482732347544,5005.314831274365,4704.737032652646,Very High,UK,Protect loyalty
16710,12,3453.36,287.78,2351,364,9,United Kingdom,1,0.949760689272659,2947.4968121280635,2799.416603915715,Very High,UK,Protect loyalty
16711,4,1217.45,304.3625,379,10,5,United Kingdom,1,0.799217640976478,1752.333399590951,1400.4957658253718,High,UK,Protect loyalty
16712,2,621.5600000000001,310.78,344,69,27,United Kingdom,1,0.6939971954677122,840.4951748383737,583.3012941419757,Medium,UK,Grow customer value
16713,17,7204.78,423.8105882352941,4211,345,33,United Kingdom,1,0.96520626728211,5629.811417342012,5433.929263634888,Very High,UK,Protect loyalty
16714,1,368.27,368.27,239,23,296,United Kingdom,1,0.2677974160933316,590.092432509489,158.02522868226984,Low,UK,Low-cost nurture
16715,1,323.8,323.8,532,9,188,United Kingdom,1,0.3791557386204318,649.3902728064093,246.2200485388378,Low,UK,Low-cost nurture
16716,1,1248.48,1248.48,792,6,256,United Kingdom,1,0.3627376645207861,2002.8875810288969,726.5227634401087,High,UK,Win back now
16717,8,2820.6,352.57500000000005,1285,131,6,United Kingdom,1,0.9181876102280584,2707.008150619308,2485.541344685017,Very High,UK,Protect loyalty
16718,4,2400.03,600.0075,1517,82,215,United Kingdom,1,0.7100897442229678,2109.521366486005,1497.9494875609323,High,UK,Protect loyalty
16719,7,1743.4,249.05714285714288,1181,143,16,United Kingdom,1,0.8989041844662587,1764.283533444394,1585.9218507980822,Very High,UK,Protect loyalty
16720,2,605.79,302.895,280,107,2,United Kingdom,1,0.717186940697671,793.6473702298786,569.1935294479184,Medium,UK,Grow customer value
16722,9,3458.75,384.30555555555554,2985,93,14,United Kingdom,1,0.9312430679157774,3395.2633863435203,3161.815492280651,Very High,UK,Protect loyalty
16723,2,654.96,327.48,560,72,69,United Kingdom,1,0.6707485211573017,852.5818635377595,571.8680241334886,Medium,UK,Low-cost nurture
16724,1,147.35,147.35,69,17,30,United Kingdom,1,0.462391032843662,342.4730442353893,158.35646464511484,Low,UK,Low-cost nurture
16725,7,929.99,132.8557142857143,412,157,8,United Kingdom,1,0.8788171390442655,1020.7518577165742,897.054227272599,High,UK,Protect loyalty
16726,2,705.14,352.57,378,68,9,United Kingdom,1,0.717302229792978,950.5017001362528,681.7969889297507,High,UK,Grow customer value
16727,3,1121.45,373.8166666666666,899,132,18,United Kingdom,1,0.8041629290886638,1241.0271406866116,997.9880205330747,High,UK,Protect loyalty
16731,1,170.3,170.3,124,40,274,United Kingdom,1,0.2541155266465173,292.0028473372096,74.20245733337761,Low,UK,Low-cost nurture
16732,3,3783.89,1261.2966666666669,2097,177,29,United Kingdom,1,0.8444382617573386,3337.5628743835387,2818.365792150262,Very High,UK,Protect loyalty
16733,1,259.68,259.68,112,12,155,United Kingdom,1,0.3585978655806802,522.6378034019656,187.41680077172003,Low,UK,Low-cost nurture
16735,9,3970.0,441.1111111111111,2708,124,19,United Kingdom,1,0.9316414481060218,3661.848735111725,3411.530058324692,Very High,UK,Protect loyalty
16736,5,2956.56,591.312,1050,116,131,United Kingdom,1,0.8098079975941848,2547.8013461983646,2063.2299064326658,Very High,UK,Protect loyalty
16737,1,417.6,417.6,288,1,203,United Kingdom,1,0.3247101825359819,952.5159587839388,309.29163084516864,Medium,UK,Low-cost nurture
16739,1,463.43,463.43,219,25,162,United Kingdom,1,0.4069141767627549,785.8237304711203,319.7628163652929,Medium,UK,Low-cost nurture
16740,1,226.91,226.91,110,30,21,United Kingdom,1,0.5155905454196297,467.2543075395988,240.9119032740131,Low,UK,Low-cost nurture
16741,1,173.06,173.06,81,11,251,United Kingdom,1,0.2450352245667172,346.6254483496799,84.93544457690285,Low,UK,Low-cost nurture
16742,13,2334.9700000000003,179.61307692307693,2557,50,118,United Kingdom,1,0.9106717652610844,2492.0982153459167,2269.483480973064,Very High,UK,Protect loyalty
16743,7,1999.02,285.57428571428574,1672,71,82,United Kingdom,1,0.8707089100755712,2052.870062699987,1787.4522548202751,Very High,UK,Protect loyalty
16746,24,11366.64,473.61,7240,250,9,United Kingdom,1,0.9792620510311189,9175.198969034234,8984.924161035071,Very High,UK,Protect loyalty
16748,9,2121.43,235.71444444444447,1247,39,14,United Kingdom,1,0.9122380397212544,2461.997015895719,2245.9273315802884,Very High,UK,Protect loyalty
16749,2,4157.88,2078.94,1910,53,217,United Kingdom,1,0.6181685726518545,3778.916566978555,2336.00746037958,Very High,UK,Win back now
16754,28,63497.67,2267.7739285714283,59271,38,26,United Kingdom,1,0.98708616536242,50502.11901778188,49849.94300393885,Very High,UK,Protect loyalty
16755,4,1389.25,347.3125,927,125,93,United Kingdom,1,0.7893010771759825,1385.6981645115866,1093.7330538897772,High,UK,Protect loyalty
16756,6,1072.97,178.82833333333335,601,53,30,United Kingdom,1,0.8522850338699824,1286.7442638657176,1096.672878510799,High,UK,Protect loyalty
16757,1,163.65,163.65,99,8,35,United Kingdom,1,0.4603847544493934,407.1380652379131,187.4401581915577,Low,UK,Low-cost nurture
16760,1,228.0,228.0,168,17,56,United Kingdom,1,0.4813206694326604,490.7056259428121,236.18676037316695,Low,UK,Low-cost nurture
16763,1,352.85,352.85,173,21,364,United Kingdom,1,0.2026283847838428,542.3556420099795,109.89664771888624,Low,UK,Low-cost nurture
16765,1,420.75,420.75,307,51,8,United Kingdom,1,0.5986970465916915,757.139657004382,453.2972765059698,Medium,UK,Low-cost nurture
16767,4,2481.2,620.3,2679,75,44,United Kingdom,1,0.85098989247186,2531.334175312871,2154.1397976598446,Very High,UK,Protect loyalty
16768,6,1220.48,203.41333333333333,578,72,9,United Kingdom,1,0.8680375789572583,1403.9638809156183,1218.6934081334298,High,UK,Protect loyalty
16769,3,755.51,251.83666666666667,215,54,104,United Kingdom,1,0.6670384440453935,904.0081554593212,603.0081934219317,Medium,UK,Low-cost nurture
16770,4,1021.83,255.4575,596,132,13,United Kingdom,1,0.8282676701355853,1125.2842457673817,932.0365604820286,High,UK,Protect loyalty
16771,5,1706.99,341.398,821,138,83,United Kingdom,1,0.8261047109254354,1629.8304862814464,1346.410642726996,High,UK,Protect loyalty
16772,3,3698.05,1232.6833333333334,687,54,49,United Kingdom,1,0.7939646068043009,3637.786444870014,2888.2736843392363,Very High,UK,Protect loyalty
16773,2,249.65,124.825,81,34,62,United Kingdom,1,0.5657277551222315,404.5436343037576,228.86156208365375,Low,UK,Low-cost nurture
16774,4,905.96,226.49,452,60,49,United Kingdom,1,0.784955115452004,1080.8292596863907,848.4024563210348,High,UK,Protect loyalty
16775,5,1129.33,225.866,518,73,7,United Kingdom,1,0.8484040618639419,1310.3481615829774,1111.704702742947,High,UK,Protect loyalty
16776,1,220.97,220.97,181,48,41,United Kingdom,1,0.5186350231584189,429.5606159916802,222.78518002278977,Low,UK,Low-cost nurture
16777,3,1069.56,356.52,408,86,39,United Kingdom,1,0.7623493719953849,1217.6200103007586,928.2518501817974,High,UK,Protect loyalty
16779,31,22197.31,716.0422580645162,14110,241,4,United Kingdom,1,0.986590615819704,16934.750788113004,16707.666208797626,Very High,UK,Protect loyalty
16780,1,174.16,174.16,82,37,33,United Kingdom,1,0.485592568734802,360.26702512952807,174.942990163093,Low,UK,Low-cost nurture
16781,1,311.75,311.75,79,22,295,United Kingdom,1,0.2336850940112048,506.51492958339946,118.3649889377755,Low,UK,Low-cost nurture
16782,25,7368.17,294.7268,3322,551,0,United Kingdom,1,0.9784005568724098,5804.258728000244,5678.889971706984,Very High,UK,Protect loyalty
16783,1,391.95,391.95,163,25,62,United Kingdom,1,0.5009932980328506,734.9659893044179,368.2130349235972,Medium,UK,Low-cost nurture
16784,4,784.73,196.1825,470,137,2,United Kingdom,1,0.825104140548404,902.712433929979,744.8317669601532,High,UK,Grow customer value
16785,1,533.78,533.78,313,35,35,United Kingdom,1,0.5719592211100775,945.6978245249792,540.9005911208019,Medium,UK,Low-cost nurture
16786,1,51.84,51.84,72,1,19,United Kingdom,1,0.3967054919256461,188.81134114733968,74.90249597099638,Low,UK,Low-cost nurture
16787,4,1017.53,254.3825,472,102,23,United Kingdom,1,0.8138224632938131,1142.478717937136,929.7748444923576,High,UK,Protect loyalty
16788,3,1334.54,444.8466666666666,661,261,30,United Kingdom,1,0.8010064529023511,1304.236480172634,1044.701836728929,High,UK,Protect loyalty
16791,8,2251.85,281.48125,1097,240,9,United Kingdom,1,0.9163194766085364,2076.245993591366,1902.5046421582117,Very High,UK,Protect loyalty
16792,3,513.08,171.02666666666664,280,83,9,United Kingdom,1,0.7561868484354145,673.2620875154772,509.11193612937694,Medium,UK,Grow customer value
16794,5,856.1999999999999,171.24,653,151,6,United Kingdom,1,0.8547627936074053,958.8088231572322,819.5541082173044,High,UK,Grow customer value
16795,2,1647.53,823.7650000000001,975,255,42,United Kingdom,1,0.7590719181189721,1637.7978422433166,1243.206349602748,High,UK,Protect loyalty
16797,5,1802.02,360.404,898,289,19,United Kingdom,1,0.8723837894864038,1644.6761740811955,1434.7888332229538,High,UK,Protect loyalty
16798,3,841.16,280.38666666666666,205,141,180,United Kingdom,1,0.6072524142165665,831.0228134402973,504.6406097306639,Medium,UK,Low-cost nurture
16799,2,452.78,226.39,162,81,58,United Kingdom,1,0.630916702355393,609.602635228709,384.6084843656546,Medium,UK,Low-cost nurture
16802,2,582.61,291.305,369,48,305,United Kingdom,1,0.3883517191439343,668.9436865107529,259.785430666932,Medium,UK,Low-cost nurture
16805,3,630.75,210.25,581,139,203,United Kingdom,1,0.6075566919558011,654.4743211724261,397.63025354153774,Medium,UK,Low-cost nurture
16807,3,1002.29,334.09666666666664,655,62,96,United Kingdom,1,0.7198130129468663,1155.7155194570385,831.8990701698235,High,UK,Protect loyalty
16809,4,812.74,203.185,441,68,58,United Kingdom,1,0.7762186511818299,965.4510951788023,749.4011468817105,High,UK,Protect loyalty
16810,1,532.5,532.5,258,19,46,United Kingdom,1,0.5418527914453988,1000.50966581695,542.1289552910175,Medium,UK,Win back now
16812,3,1912.65,637.5500000000001,1035,90,4,United Kingdom,1,0.8245824851540496,2057.484610923112,1696.565773641193,Very High,UK,Protect loyalty
16814,15,5508.150000000001,367.21,2147,174,11,United Kingdom,1,0.957863230672474,4841.905543245523,4637.8832862641175,Very High,UK,Protect loyalty
16815,2,406.02,203.01,237,66,79,United Kingdom,1,0.6140768456949183,564.5544794214768,346.6798339460771,Medium,UK,Low-cost nurture
16817,4,955.95,238.9875,579,45,0,United Kingdom,1,0.8229755212004752,1220.26826588657,1004.2509121224,High,UK,Protect loyalty
16819,2,182.59,91.295,253,17,91,United Kingdom,1,0.5495446911701708,336.6344056161379,184.9956504715745,Low,UK,Low-cost nurture
16821,1,113.35,113.35,13,7,7,United Kingdom,1,0.4061233833244437,300.2467377831035,121.9372209806011,Low,UK,Low-cost nurture
16822,1,181.39,181.39,171,11,312,United Kingdom,1,0.21666493581413,348.11274944450685,75.4238265144744,Low,UK,Low-cost nurture
16823,6,1884.71,314.11833333333334,1030,118,13,United Kingdom,1,0.8861436001318844,1916.8168659605187,1698.57499839577,Very High,UK,Protect loyalty
16824,1,225.6,225.6,154,13,19,United Kingdom,1,0.514489585731151,515.2407734575735,265.0860120879848,Medium,UK,Low-cost nurture
16825,3,1051.71,350.57,731,32,4,United Kingdom,1,0.7908119800628184,1399.8384199765403,1107.008992669655,High,UK,Protect loyalty
16827,5,392.13,78.426,125,10,19,United Kingdom,1,0.7611226382326939,659.5930040889491,502.031167432009,Medium,UK,Grow customer value
16829,1,316.1,316.1,116,16,14,United Kingdom,1,0.5264162355156449,666.7950774737352,351.01175454408644,Medium,UK,Low-cost nurture
16830,3,881.59,293.86333333333334,435,47,68,United Kingdom,1,0.7251576737374988,1088.517238911214,789.3466287920212,High,UK,Protect loyalty
16831,1,91.8,91.8,48,6,190,United Kingdom,1,0.2568781213198911,226.54064242630568,58.19333462907061,Low,UK,Low-cost nurture
16832,2,218.46,109.23,146,8,54,United Kingdom,1,0.5647865994954672,433.02393558219615,244.5661160776128,Low,UK,Low-cost nurture
16833,2,1302.51,651.255,438,44,65,United Kingdom,1,0.6817483264279374,1604.1385133848914,1093.618746858749,High,UK,Protect loyalty
16834,1,485.5,485.5,402,24,300,United Kingdom,1,0.2881585848007706,744.4696080471211,214.5253086820428,Low,UK,Low-cost nurture
16835,4,1275.81,318.9525,435,52,13,United Kingdom,1,0.8163802318148925,1504.0171647384989,1227.8498816027932,High,UK,Protect loyalty
16836,2,530.5,265.25,374,31,32,United Kingdom,1,0.6736762430768581,806.5382503802958,543.34565841398,Medium,UK,Grow customer value
16838,2,570.76,285.38,324,31,156,United Kingdom,1,0.5397995479305985,775.9960829878652,418.8823347927648,Medium,UK,Low-cost nurture
16839,10,5163.9,516.3900000000001,2320,47,6,United Kingdom,1,0.9372382962945908,5192.0494086937015,4866.187542081422,Very High,UK,Protect loyalty
16840,2,139.85,69.925,117,9,229,United Kingdom,1,0.3509029936741169,256.25819893632337,89.92176916029328,Low,UK,Low-cost nurture
16841,6,2136.24,356.04,1228,92,54,United Kingdom,1,0.8691742675813753,2129.282850256654,1850.7178618454104,Very High,UK,Protect loyalty
16843,19,9374.86,493.4136842105264,8343,138,48,United Kingdom,1,0.9683648579777556,7924.032602143748,7673.354705386035,Very High,UK,Protect loyalty
16844,2,614.34,307.17,281,26,188,United Kingdom,1,0.4984855947789317,819.2897705932522,408.40414859047183,Medium,UK,Low-cost nurture
16845,1,253.88,253.88,167,20,244,United Kingdom,1,0.2910286988635806,454.6820548299765,132.32552681378726,Low,UK,Low-cost nurture
16846,2,628.09,314.045,382,36,203,United Kingdom,1,0.4995004109134671,798.5572839831784,398.8796914875399,Medium,UK,Low-cost nurture
16847,1,421.45,421.45,177,25,244,United Kingdom,1,0.31235324738913,678.0466507573518,211.7900732453822,Low,UK,Low-cost nurture
16848,3,1130.2,376.73333333333335,598,64,2,United Kingdom,1,0.7977806313010708,1368.264216724405,1091.574690605061,High,UK,Protect loyalty
16854,2,1408.96,704.48,997,72,43,United Kingdom,1,0.7363607480220932,1668.6829009352175,1228.7525891443331,High,UK,Protect loyalty
16856,2,323.09000000000003,161.54500000000002,159,15,43,United Kingdom,1,0.6047326382044943,565.7284723318472,342.11447158063623,Medium,UK,Low-cost nurture
16857,1,352.8,352.8,168,11,68,United Kingdom,1,0.4766791468286313,735.1826186761351,350.44622343377904,Medium,UK,Low-cost nurture
16858,9,3916.9,435.2111111111111,1332,75,32,United Kingdom,1,0.9177483022905776,3757.204633543157,3448.168173792524,Very High,UK,Protect loyalty
16859,5,1184.6,236.92,1072,46,42,United Kingdom,1,0.8378503071500527,1418.6249391195856,1188.5953409720696,High,UK,Protect loyalty
16860,3,1610.62,536.8733333333333,625,35,78,United Kingdom,1,0.7401939384403229,1862.213457979104,1378.3991136781258,High,UK,Protect loyalty
16861,3,772.83,257.61,476,38,16,United Kingdom,1,0.765021761088984,1042.8519038870045,797.804400066636,High,UK,Protect loyalty
16862,4,662.33,165.5825,513,34,173,United Kingdom,1,0.6608682116383423,808.7580293413754,534.4824724989847,Medium,UK,Low-cost nurture
16863,1,331.47,331.47,231,21,35,United Kingdom,1,0.5341370431137383,669.6727010590226,357.6969963976568,Medium,UK,Low-cost nurture
16864,2,409.25,204.625,283,17,60,United Kingdom,1,0.6168671906478638,677.2213532053837,417.7556335985497,Medium,UK,Low-cost nurture
16865,1,130.95,130.95,157,15,27,United Kingdom,1,0.4882357050392222,320.0268330010449,156.24852644173458,Low,UK,Low-cost nurture
16867,1,76.74000000000001,76.74000000000001,58,6,315,United Kingdom,1,0.1648176850455076,177.43865658544198,29.24502861599737,Low,UK,Low-cost nurture
16868,3,384.56,128.18666666666667,112,47,20,United Kingdom,1,0.7037693723702253,552.3865239607593,388.752717273634,Medium,UK,Grow customer value
16870,1,450.16,450.16,278,28,95,United Kingdom,1,0.4904127432473529,801.1370234065713,392.88780536583545,Medium,UK,Low-cost nurture
16872,3,533.11,177.7033333333333,479,9,53,United Kingdom,1,0.7017203667198506,874.467986160643,613.6319959334156,Medium,UK,Grow customer value
16873,6,7493.77,1248.9616666666668,4761,118,55,United Kingdom,1,0.9083118732052936,6046.094787847558,5491.739682326578,Very High,UK,Protect loyalty
16874,1,209.89,209.89,78,31,5,United Kingdom,1,0.518962396484868,439.0096436691074,227.82949675848792,Low,UK,Low-cost nurture
16875,6,2139.0,356.5,1030,90,63,United Kingdom,1,0.8613608524587922,2115.632565519309,1822.3230701252935,Very High,UK,Protect loyalty
16876,1,136.01,136.01,181,32,29,United Kingdom,1,0.5062641268118633,303.1196129109361,153.45858614990507,Low,UK,Low-cost nurture
16880,1,321.78000000000003,321.78000000000003,158,9,119,United Kingdom,1,0.4113146605173164,667.717849615068,274.6421406357742,Medium,UK,Low-cost nurture
16883,17,1973.58,116.0929411764706,913,130,107,United Kingdom,1,0.924181671937406,1972.693573486338,1823.12724496478,Very High,UK,Protect loyalty
16884,2,641.13,320.565,200,39,182,United Kingdom,1,0.502142683484396,809.088436365505,406.2778386127686,Medium,UK,Low-cost nurture
16885,1,234.19,234.19,180,40,11,United Kingdom,1,0.5506979971662749,471.614215903243,259.71700413305905,Medium,UK,Low-cost nurture
16886,1,134.0,134.0,48,8,82,United Kingdom,1,0.3770470849672422,327.98056110020985,123.6641144887546,Low,UK,Low-cost nurture
16887,2,465.84,232.92,267,65,26,United Kingdom,1,0.6767412605077037,662.7029398582129,448.4784228618079,Medium,UK,Grow customer value
16888,3,434.2,144.73333333333332,145,44,26,United Kingdom,1,0.7086367835344262,615.7854363522207,436.3682109639808,Medium,UK,Grow customer value
16889,3,947.98,315.99333333333334,686,72,23,United Kingdom,1,0.7824761986283973,1148.6135585695615,898.7627710025465,High,UK,Protect loyalty
16890,3,285.41,95.13666666666666,243,17,102,United Kingdom,1,0.6197174599257024,460.66021614821614,285.47917904019755,Medium,UK,Low-cost nurture
16891,6,985.51,164.2516666666667,387,196,104,United Kingdom,1,0.8089655929340386,961.4665388448268,777.7933486828432,High,UK,Grow customer value
16892,2,236.56,118.28,131,38,180,United Kingdom,1,0.4511371585064634,350.9072949165224,158.3073199278295,Low,UK,Low-cost nurture
16893,1,103.96,103.96,55,41,2,United Kingdom,1,0.4886686815504599,235.49926381211068,115.08111475316808,Low,UK,Low-cost nurture
16894,3,1306.96,435.65333333333336,503,186,128,United Kingdom,1,0.7079165397939595,1229.8661114304314,870.6425620136832,High,UK,Protect loyalty
16895,4,900.63,225.1575,330,82,64,United Kingdom,1,0.7694113109717957,1018.9064262082858,783.9581291465043,High,UK,Protect loyalty
16896,1,103.95,103.95,18,18,181,United Kingdom,1,0.2566638269314739,220.7724993448027,56.66431456306337,Low,UK,Low-cost nurture
16898,2,384.18,192.09,283,82,41,United Kingdom,1,0.661080127284096,543.001506703814,358.9675051672133,Medium,UK,Low-cost nurture
16899,2,424.71,212.355,291,42,4,United Kingdom,1,0.6906506543201082,657.9590994786903,454.4198825708266,Medium,UK,Grow customer value
16901,1,204.26,204.26,42,23,355,United Kingdom,1,0.1670804649493868,333.8684866077131,55.78290197436485,Low,UK,Low-cost nurture
16903,2,678.55,339.275,470,107,6,United Kingdom,1,0.7318502813858371,877.7502528158044,642.381769509736,High,UK,Grow customer value
16904,5,1021.61,204.322,623,178,4,United Kingdom,1,0.8598435740929806,1090.346108191568,937.5270946658096,High,UK,Protect loyalty
16905,10,1669.17,166.917,532,73,8,United Kingdom,1,0.9124853712163944,1868.020963602593,1704.5418024129183,Very High,UK,Protect loyalty
16906,3,851.33,283.7766666666667,327,116,54,United Kingdom,1,0.7416429974658416,956.0362446479312,709.0375861666785,High,UK,Grow customer value
16907,4,542.13,135.5325,165,48,12,United Kingdom,1,0.7723541561645768,731.3720583406783,564.8782489620643,Medium,UK,Grow customer value
16908,1,252.59,252.59,61,20,348,United Kingdom,1,0.1823399971109478,410.0572652593794,74.76984056271841,Low,UK,Low-cost nurture
16911,2,255.25,127.625,161,30,261,United Kingdom,1,0.3691904352229073,361.898185030883,133.60934843793194,Low,UK,Low-cost nurture
16912,4,1904.93,476.2325,664,63,47,United Kingdom,1,0.8138912162303884,2016.82888257634,1641.4793121686323,Very High,UK,Protect loyalty
16913,2,310.47,155.235,147,10,277,United Kingdom,1,0.3386096599085011,475.665973687889,161.06509358050215,Low,UK,Low-cost nurture
16915,5,921.5,184.3,58,11,12,United Kingdom,1,0.771721332447335,1318.3941146576817,1017.4328628543504,High,UK,Protect loyalty
16916,2,339.61,169.805,218,57,29,United Kingdom,1,0.6544365504940501,513.8658503220165,336.29259450143235,Medium,UK,Low-cost nurture
16917,1,1460.36,1460.36,560,37,258,United Kingdom,1,0.3846786892763663,1851.5415365312429,712.2485714135879,High,UK,Win back now
16918,10,2137.72,213.772,1345,218,48,United Kingdom,1,0.9182155216962518,1986.213496577434,1823.772061959985,Very High,UK,Protect loyalty
16919,13,2317.41,178.26230769230767,930,131,15,United Kingdom,1,0.9375896882742368,2354.3213465289805,2207.3874173894887,Very High,UK,Protect loyalty
16920,1,355.45,355.45,81,23,37,United Kingdom,1,0.4988957060693318,688.9280460414541,343.7032439608164,Medium,UK,Low-cost nurture
16921,2,255.03,127.515,121,28,68,United Kingdom,1,0.5704161733365583,422.1142748642693,240.78080937881265,Low,UK,Low-cost nurture
16922,1,611.08,611.08,281,122,198,United Kingdom,1,0.415241245342659,803.0707622812985,333.4681034279649,Medium,UK,Low-cost nurture
16923,13,6088.05,468.3115384615385,2846,227,1,United Kingdom,1,0.957769633642834,5093.953402388875,4878.83388399966,Very High,UK,Protect loyalty
16925,1,125.65,125.65,123,18,166,United Kingdom,1,0.3322254635162768,270.38048959465146,89.82728348134094,Low,UK,Low-cost nurture
16926,4,939.36,234.84,162,57,82,United Kingdom,1,0.7313889877424319,1072.859755523711,784.6778105820802,High,UK,Protect loyalty
16928,12,1082.83,90.23583333333332,495,85,2,United Kingdom,1,0.921319993042488,1304.9777423249138,1202.3020844793912,High,UK,Protect loyalty
16931,2,477.35,238.675,223,53,6,United Kingdom,1,0.688082365590175,701.5643750515324,482.7340747992511,Medium,UK,Grow customer value
16932,2,262.32,131.16,135,77,49,United Kingdom,1,0.6139295321800962,390.3443269261944,239.64391001895305,Low,UK,Low-cost nurture
16933,7,2536.07,362.2957142857143,1245,182,15,United Kingdom,1,0.90656489109755,2348.906670386236,2129.4363198370065,Very High,UK,Protect loyalty
16934,4,1152.11,288.02750000000003,539,77,9,United Kingdom,1,0.8255723201324978,1327.8151568291808,1096.2074397305632,High,UK,Protect loyalty
16935,3,530.86,176.95333333333335,273,55,7,United Kingdom,1,0.7524208531123366,727.9438299402767,547.7201175415247,Medium,UK,Grow customer value
16936,1,286.39,286.39,168,81,11,United Kingdom,1,0.5687582997901822,512.9911373557827,291.7679670899068,Medium,UK,Low-cost nurture
16937,1,196.25,196.25,123,49,125,United Kingdom,1,0.4076977341942535,360.8580487499963,147.12100884113298,Low,UK,Low-cost nurture
16938,5,4283.68,856.7360000000001,2508,426,7,United Kingdom,1,0.9075787266172156,3330.5223817825904,3022.7112622283794,Very High,UK,Protect loyalty
16939,3,433.85,144.61666666666667,229,38,114,United Kingdom,1,0.6338027226823548,588.8802085577834,373.233879517676,Medium,UK,Low-cost nurture
16940,5,3377.78,675.5559999999999,2334,220,76,United Kingdom,1,0.8674502343810103,2794.499715812719,2424.08943345941,Very High,UK,Protect loyalty
16941,1,33.0,33.0,12,2,237,United Kingdom,1,0.1570386906933008,101.23735954146797,15.898182391639072,Low,UK,Low-cost nurture
16943,2,482.76,241.38,2,1,165,United Kingdom,1,0.3121347285144759,860.3683717225018,268.5508481300448,Medium,UK,Low-cost nurture
16944,1,101.36,101.36,27,7,235,United Kingdom,1,0.2109289679309299,231.42000890492088,48.81318363688158,Low,UK,Low-cost nurture
16945,14,4202.66,300.19,3164,159,19,United Kingdom,1,0.9541845193662584,3878.5790640716086,3700.880100075201,Very High,UK,Protect loyalty
16946,5,1222.04,244.408,509,69,9,United Kingdom,1,0.8479269241884301,1406.2839547480737,1192.4260282850753,High,UK,Protect loyalty
16947,4,548.73,137.1825,343,30,88,United Kingdom,1,0.7216480952562718,744.6184214909762,537.3524655616948,Medium,UK,Grow customer value
16948,4,433.75,108.4375,477,15,55,United Kingdom,1,0.7430214319375049,683.9925004058573,508.2210870860745,Medium,UK,Grow customer value
16950,7,2363.21,337.6014285714286,1788,82,16,United Kingdom,1,0.9045645260160085,2447.316256003896,2213.7554691234363,Very High,UK,Protect loyalty
16952,3,628.22,209.40666666666667,251,61,67,United Kingdom,1,0.7034761984700696,788.4615620791146,554.6639423311883,Medium,UK,Grow customer value
16954,11,3996.8,363.3454545454545,3032,71,5,United Kingdom,1,0.9436825047317314,4044.171749636054,3816.41412626186,Very High,UK,Protect loyalty
16955,2,601.64,300.82,457,21,180,United Kingdom,1,0.5201701529476089,837.3124552005444,435.54494788660514,Medium,UK,Low-cost nurture
16958,1,778.49,778.49,514,69,61,United Kingdom,1,0.5871384139368692,1183.9698058217623,695.1541539393326,High,UK,Win back now
16960,5,1483.83,296.766,1188,267,16,United Kingdom,1,0.8743827996466682,1421.5989867398566,1243.0217020004625,High,UK,Protect loyalty
16961,2,560.39,280.195,357,38,14,United Kingdom,1,0.6947138693512926,835.6479967162643,580.5362532144122,Medium,UK,Grow customer value
16962,1,251.04,251.04,158,15,35,United Kingdom,1,0.5040545099734899,547.7725579037246,276.10722825108707,Medium,UK,Low-cost nurture
16964,2,207.85,103.925,49,6,359,United Kingdom,1,0.2161528592873366,330.6609068070921,71.47330046089651,Low,UK,Low-cost nurture
16970,1,71.4,71.4,12,2,252,United Kingdom,1,0.1634290149491533,189.3637014589664,30.947523196564426,Low,UK,Low-cost nurture
16972,2,749.0,374.5,183,54,8,United Kingdom,1,0.6950225330508879,1015.1655459061194,705.5629291816585,High,UK,Protect loyalty
16973,1,127.0,127.0,60,6,12,United Kingdom,1,0.4541207380760567,342.802787636035,155.6738549358059,Low,UK,Low-cost nurture
16974,2,365.5,182.75,70,5,148,United Kingdom,1,0.445695346126157,640.2929725412672,285.37559801892604,Medium,UK,Low-cost nurture
16975,3,926.12,308.70666666666665,586,44,49,United Kingdom,1,0.750384090140086,1166.2638556028198,875.1458421497906,High,UK,Protect loyalty
16977,4,496.0,124.0,142,25,21,United Kingdom,1,0.7499117376564558,725.6477937279126,544.1717979210723,Medium,UK,Grow customer value
16978,2,424.55,212.275,119,28,292,United Kingdom,1,0.3439707726011238,541.5847578868478,186.28932759933164,Low,UK,Low-cost nurture
16979,3,1007.74,335.91333333333336,586,32,9,United Kingdom,1,0.7806080219503064,1340.2880585219275,1046.2396102064183,High,UK,Protect loyalty
16980,1,394.37,394.37,251,25,54,United Kingdom,1,0.5255966173300762,748.9953303593546,393.6694120328997,Medium,UK,Low-cost nurture
16983,4,1584.66,396.165,980,63,2,United Kingdom,1,0.8462003301655243,1803.23865001385,1525.9011410089545,High,UK,Protect loyalty
16984,7,5891.01,841.5728571428572,2747,476,30,United Kingdom,1,0.9255127214829024,4248.573691631427,3932.108999762463,Very High,UK,Protect loyalty
16985,13,5459.04,419.92615384615385,1271,87,2,United Kingdom,1,0.9484489078778836,5133.939649954388,4869.279454110204,Very High,UK,Protect loyalty
16986,9,3015.55,335.0611111111112,1499,64,71,United Kingdom,1,0.9004836152215313,2989.839421506092,2692.301411209657,Very High,UK,Protect loyalty
16987,4,904.6,226.15,270,105,2,United Kingdom,1,0.8135837086287248,1039.016037654542,845.326521239705,High,UK,Protect loyalty
16988,1,256.55,256.55,115,13,5,United Kingdom,1,0.5246132331675072,577.1225311624383,302.7661170069422,Medium,UK,Low-cost nurture
16990,1,165.0,165.0,100,1,48,United Kingdom,1,0.4185316541441631,485.9787123694021,203.39747436681637,Low,UK,Low-cost nurture
16991,1,1041.21,1041.21,793,74,47,United Kingdom,1,0.628651802867959,1526.0972612558812,959.3837946403644,High,UK,Win back now
16992,8,3862.19,482.77375,1201,154,13,United Kingdom,1,0.9195971110575142,3430.793619710585,3154.9479013204063,Very High,UK,Protect loyalty
16993,2,1950.95,975.475,285,19,89,United Kingdom,1,0.6438967920966286,2414.7907752212955,1554.8760337495232,High,UK,Win back now
16996,3,666.6500000000001,222.2166666666667,375,28,8,United Kingdom,1,0.7571475716137324,957.03207785671,724.6145137056525,High,UK,Grow customer value
16998,1,107.0,107.0,28,2,70,United Kingdom,1,0.3449994822049227,310.25206044071126,107.03680020505575,Low,UK,Low-cost nurture
17000,2,406.3,203.15000000000003,305,26,22,United Kingdom,1,0.6653169044012355,661.5145126506447,440.1167877732189,Medium,UK,Low-cost nurture
17001,8,2651.23,331.40375,1618,60,2,United Kingdom,1,0.91689229657376,2839.212842433061,2603.2523835601623,Very High,UK,Protect loyalty
17002,4,1077.82,269.455,586,32,69,United Kingdom,1,0.7724200800862308,1329.9583409476206,1027.2865282261116,High,UK,Protect loyalty
17003,4,828.21,207.0525,494,90,28,United Kingdom,1,0.8050929843600771,973.326056035064,783.6179792086933,High,UK,Protect loyalty
17004,2,1012.22,506.11,462,21,18,United Kingdom,1,0.7083645439416385,1469.446492600209,1040.903794577387,High,UK,Protect loyalty
17005,2,622.36,311.18,691,14,96,United Kingdom,1,0.6207130205618956,970.1058628920368,602.1573404205203,Medium,UK,Win back now
17006,4,853.49,213.3725,300,77,18,United Kingdom,1,0.7997367973761657,1015.8153779749082,812.3849371071123,High,UK,Protect loyalty
17007,1,230.17,230.17,120,15,63,United Kingdom,1,0.4596740738580003,495.9889025487656,227.9932394229498,Low,UK,Low-cost nurture
17008,1,81.36,81.36,24,1,55,United Kingdom,1,0.3391340749131211,261.72742303398536,88.76068749002575,Low,UK,Low-cost nurture
17009,1,242.06,242.06,336,10,177,United Kingdom,1,0.3666914847684689,503.6627814479688,184.6888531517725,Low,UK,Low-cost nurture
17011,2,400.8,200.4,606,12,273,United Kingdom,1,0.4019444278995552,593.2611106541398,238.4579977169329,Low,UK,Low-cost nurture
17012,1,360.61,360.61,251,34,351,United Kingdom,1,0.2279617804748858,531.2268015834173,121.09940752493472,Low,UK,Low-cost nurture
17016,1,552.4,552.4,309,41,202,United Kingdom,1,0.390859652562869,837.9770184694846,327.5314062946516,Medium,UK,Low-cost nurture
17017,9,3882.73,431.4144444444444,2724,71,6,United Kingdom,1,0.932514091626834,3879.1847860766447,3617.394477040896,Very High,UK,Protect loyalty
17018,4,1367.6,341.9,280,16,13,United Kingdom,1,0.7946160523903535,1812.256478512632,1440.0480888745512,High,UK,Protect loyalty
17019,7,2344.21,334.88714285714286,1576,263,1,United Kingdom,1,0.915669361305768,2137.0699869021755,1956.849509972441,Very High,UK,Protect loyalty
17020,2,935.62,467.81,860,64,168,United Kingdom,1,0.5925723966676149,1086.1332776128463,643.6125994154962,High,UK,Win back now
17021,6,1182.22,197.03666666666663,992,35,68,United Kingdom,1,0.8372768976360391,1433.9297597907905,1200.5962607056235,High,UK,Protect loyalty
17022,1,189.0,189.0,72,9,58,United Kingdom,1,0.4311021995736468,442.8655696761572,190.92032120282752,Low,UK,Low-cost nurture
17023,3,800.1800000000001,266.7266666666667,530,48,43,United Kingdom,1,0.7497777669251764,1024.7042708529657,768.3004799588277,High,UK,Protect loyalty
17025,2,991.9,495.9500000000001,650,28,36,United Kingdom,1,0.705505261139123,1386.3718918431814,978.0926635907638,High,UK,Protect loyalty
17026,1,21.0,21.0,10,1,43,United Kingdom,1,0.2825829403893334,85.49149930742792,24.15843925258564,Low,UK,Low-cost nurture
17027,3,433.07,144.35666666666668,229,29,72,United Kingdom,1,0.6718609202885041,627.0912589467931,421.31811034086905,Medium,UK,Low-cost nurture
17028,3,1593.83,531.2766666666666,856,85,207,United Kingdom,1,0.6407130833294207,1511.630559409634,968.5214765743236,High,UK,Win back now
17029,5,1421.3,284.26,865,19,8,United Kingdom,1,0.8489846792490542,1871.9161564506392,1589.2281376653682,Very High,UK,Protect loyalty
17031,4,2393.5,598.375,1360,22,4,United Kingdom,1,0.8491539455515,2889.572539270149,2453.691922678513,Very High,UK,Protect loyalty
17032,8,2984.32,373.04,1667,183,173,United Kingdom,1,0.8507568616992905,2403.541414281842,2044.8293505786944,Very High,UK,Protect loyalty
17033,1,302.65000000000003,302.65000000000003,121,12,23,United Kingdom,1,0.5111096197184063,659.7691939552404,337.2143818243824,Medium,UK,Low-cost nurture
17034,2,530.9,265.45,284,26,35,United Kingdom,1,0.6590758976661728,817.7711595012023,538.9732610337619,Medium,UK,Low-cost nurture
17035,2,180.06,90.03,98,4,217,United Kingdom,1,0.3541375933368149,345.68399048278167,122.41969644463872,Low,UK,Low-cost nurture
17036,1,176.9,176.9,76,12,9,United Kingdom,1,0.4899843596884379,422.40707481799575,206.9728600825617,Low,UK,Low-cost nurture
17038,1,630.77,630.77,507,41,41,United Kingdom,1,0.591238681924145,1071.6509317589232,633.6014843759276,Medium,UK,Win back now
17039,1,1954.99,1954.99,689,44,230,United Kingdom,1,0.4360101224585871,2376.8141982755124,1036.3150496514147,High,UK,Win back now
17040,1,13.52,13.52,8,1,176,United Kingdom,1,0.1652323286708735,53.82607583908689,8.893807854107369,Low,UK,Low-cost nurture
17041,3,583.71,194.57,376,48,23,United Kingdom,1,0.7483723601387792,795.0619172861333,595.0023634958864,Medium,UK,Grow customer value
17043,4,858.47,214.6175,618,87,1,United Kingdom,1,0.8284229712709158,1032.5162062445895,855.3601434625166,High,UK,Protect loyalty
17044,11,11013.82,1001.2563636363636,5218,91,0,United Kingdom,1,0.9565558476228924,9294.657810531276,8890.859280317482,Very High,UK,Protect loyalty
17045,2,488.24,244.12,188,28,2,United Kingdom,1,0.6771773741880212,770.2797846072764,521.6160419304699,Medium,UK,Grow customer value
17046,4,1264.05,316.01250000000005,1126,57,70,United Kingdom,1,0.7987286463991029,1435.421788587656,1146.5125022103978,High,UK,Protect loyalty
17047,3,1188.33,396.11,651,71,57,United Kingdom,1,0.7601502020141203,1352.042270967837,1027.7552054078317,High,UK,Protect loyalty
17048,4,1146.33,286.5825,583,52,63,United Kingdom,1,0.7847545466653467,1329.2072280312,1043.1014156579265,High,UK,Protect loyalty
17049,10,4287.5,428.75,1600,157,1,United Kingdom,1,0.9390608859057636,3844.2789489099896,3610.011995432292,Very High,UK,Protect loyalty
17050,5,1462.95,292.59000000000003,837,27,1,United Kingdom,1,0.8561041418239711,1851.0815078526364,1584.7185457264036,Very High,UK,Protect loyalty
17051,3,465.6,155.20000000000002,328,92,72,United Kingdom,1,0.7037263084429548,585.3780752072452,411.945951909037,Medium,UK,Grow customer value
17055,1,232.85,232.85,83,24,71,United Kingdom,1,0.4466409351318781,468.7811892265586,209.37686872838404,Low,UK,Low-cost nurture
17056,1,128.60000000000002,128.60000000000002,26,8,364,United Kingdom,1,0.1349289195921356,251.27123962641556,33.90375688736888,Low,UK,Low-cost nurture
17057,1,294.74,294.74,129,48,222,United Kingdom,1,0.3226563961882106,471.4307601504582,152.11015012241555,Low,UK,Low-cost nurture
17059,4,1784.18,446.045,1257,132,125,United Kingdom,1,0.7795597394772352,1663.9799596657267,1297.1717838523543,High,UK,Protect loyalty
17062,2,356.42,178.21,226,48,23,United Kingdom,1,0.6604171426109702,548.8468569122738,362.4678729730159,Medium,UK,Low-cost nurture
17063,6,2177.39,362.89833333333337,1129,100,33,United Kingdom,1,0.8792056227069348,2174.6468650877155,1911.9617511871288,Very High,UK,Protect loyalty
17065,2,194.7,97.35,82,6,263,United Kingdom,1,0.311099229788063,340.6905261294817,105.98856027497172,Low,UK,Low-cost nurture
17066,1,228.34,228.34,93,17,352,United Kingdom,1,0.184567318386297,385.46198119540463,71.1436842091051,Low,UK,Low-cost nurture
17067,3,454.54,151.51333333333332,322,8,350,United Kingdom,1,0.3623810251848499,609.9354439121254,221.0290314614525,Low,UK,Low-cost nurture
17068,26,4435.54,170.5976923076923,2187,202,5,United Kingdom,1,0.9737119712939906,4257.132223674726,4145.220609573487,Very High,UK,Protect loyalty
17069,5,2807.53,561.5060000000001,1724,118,6,United Kingdom,1,0.888322876574864,2708.796080424263,2406.285526217198,Very High,UK,Protect loyalty
17070,1,133.18,133.18,101,41,36,United Kingdom,1,0.481426668927269,284.8737513720688,137.1458211878701,Low,UK,Low-cost nurture
17071,4,1364.68,341.17,737,57,7,United Kingdom,1,0.8336342305368762,1596.0221744128835,1330.4987172864762,High,UK,Protect loyalty
17072,1,273.35,273.35,212,20,251,United Kingdom,1,0.2939024967567173,483.0193733722133,141.96059981595857,Low,UK,Low-cost nurture
17074,1,203.05,203.05,19,4,188,United Kingdom,1,0.2519941048872914,451.051774887086,113.6623882704953,Low,UK,Low-cost nurture
17075,6,1402.51,233.7516666666667,493,100,55,United Kingdom,1,0.8456065088798224,1458.9046919834557,1233.6593033765223,High,UK,Protect loyalty
17076,3,401.67,133.89,219,22,18,United Kingdom,1,0.7151737015803242,633.8268425736999,453.2962891644024,Medium,UK,Grow customer value
17077,1,306.0,306.0,36,1,204,United Kingdom,1,0.2536872355995455,707.9536601360148,179.5988069724858,Low,UK,Low-cost nurture
17080,5,669.91,133.982,403,19,5,United Kingdom,1,0.8199660097234683,988.6072802420834,810.6243667636718,High,UK,Protect loyalty
17081,4,660.48,165.12,304,121,21,United Kingdom,1,0.7970774823505448,775.7756643324201,618.3533133949068,Medium,UK,Grow customer value
17082,4,2728.18,682.0450000000001,1477,65,20,United Kingdom,1,0.8542291150312312,2810.878451486265,2401.1342120734703,Very High,UK,Protect loyalty
17083,6,2644.01,440.6683333333333,1183,26,35,United Kingdom,1,0.871225308993787,2992.883820032066,2607.4761308899424,Very High,UK,Protect loyalty
17084,1,2253.22,2253.22,1476,132,22,United Kingdom,1,0.7085501198423996,2804.9709601948657,1987.4625100005228,Very High,UK,Protect loyalty
17085,23,6285.27,273.2726086956522,2798,373,2,United Kingdom,1,0.9747274140077762,5245.178962086908,5112.619725722963,Very High,UK,Protect loyalty
17087,1,221.53,221.53,113,12,363,United Kingdom,1,0.1770254049021719,388.7123243625154,68.81195661073869,Low,UK,Low-cost nurture
17089,1,128.45,128.45,35,4,12,United Kingdom,1,0.4295532516762902,357.00779377233886,153.3538586886866,Low,UK,Low-cost nurture
17090,6,1105.53,184.255,441,17,0,United Kingdom,1,0.8536759176985079,1532.0400416615676,1307.865688516299,High,UK,Protect loyalty
17091,10,3667.99,366.799,1986,164,26,United Kingdom,1,0.932988738740048,3303.841929817954,3082.4473150973395,Very High,UK,Protect loyalty
17092,7,3737.38,533.9114285714286,2638,192,63,United Kingdom,1,0.9027372105346858,3149.8399579736256,2843.477737291803,Very High,UK,Protect loyalty
17093,1,235.88,235.88,114,13,218,United Kingdom,1,0.2952027164067316,455.0779257278766,134.34023985161005,Low,UK,Low-cost nurture
17094,1,100.2,100.2,60,4,49,United Kingdom,1,0.3986354566338457,284.5539420133919,113.43329061146932,Low,UK,Low-cost nurture
17095,4,1248.09,312.0225,1077,54,56,United Kingdom,1,0.8067096031864703,1443.963261652606,1164.8590298236152,High,UK,Protect loyalty
17096,7,2675.8,382.25714285714287,1220,128,9,United Kingdom,1,0.9070333009025916,2572.697173658612,2333.5220096463386,Very High,UK,Protect loyalty
17097,1,188.94,188.94,123,56,56,Spain,0,0.5151826802549425,463.3215366707559,238.69523108187863,Low,Non-UK,Low-cost nurture
17098,3,591.07,197.0233333333333,125,10,7,United Kingdom,1,0.709407718231052,954.435461864491,677.0838832000887,High,UK,Grow customer value
17099,1,582.17,582.17,317,40,159,United Kingdom,1,0.440000920376481,908.6882133602832,399.8236502137848,Medium,UK,Low-cost nurture
17101,3,885.32,295.1066666666666,360,28,20,United Kingdom,1,0.7540930968538291,1200.7914840670646,905.5085688958382,High,UK,Protect loyalty
17103,1,424.3,424.3,471,32,348,United Kingdom,1,0.2504701110001672,621.2320497058521,155.60006044668617,Low,UK,Low-cost nurture
17104,1,474.03,474.03,149,19,49,United Kingdom,1,0.5145637152733501,896.9726700995125,461.5495896250621,Medium,UK,Low-cost nurture
17106,1,481.58,481.58,153,51,15,United Kingdom,1,0.5718832211774316,833.0007388633709,476.3791457843651,Medium,UK,Low-cost nurture
17107,4,5255.24,1313.81,2704,197,23,United Kingdom,1,0.8833623127841966,4302.739731945615,3800.878120919933,Very High,UK,Protect loyalty
17108,1,174.95,174.95,31,9,289,United Kingdom,1,0.1910781210479309,341.350112464998,65.22453810931172,Low,UK,Low-cost nurture
17109,2,410.42,205.21,200,22,32,United Kingdom,1,0.639042642621151,669.8048687330026,428.0338733556512,Medium,UK,Low-cost nurture
17110,2,336.6,168.3,86,32,146,United Kingdom,1,0.4843175358822181,489.8721178208325,237.2536570003892,Low,UK,Low-cost nurture
17111,1,227.97,227.97,299,19,51,United Kingdom,1,0.5095230127644031,491.293222293841,250.3252027738895,Medium,UK,Low-cost nurture
17112,1,197.57,197.57,130,44,128,United Kingdom,1,0.404668060262807,366.98413765251854,148.50675913106363,Low,UK,Low-cost nurture
17113,6,2305.59,384.265,913,122,200,United Kingdom,1,0.7737330799964991,1947.511479770067,1506.854055571033,High,UK,Protect loyalty
17115,4,1923.99,480.9975,513,75,174,United Kingdom,1,0.7076014042947955,1795.4892788156685,1270.4907350862163,High,UK,Protect loyalty
17116,1,389.78,389.78,392,47,274,United Kingdom,1,0.3153893550946932,584.4473596989587,184.3284758622508,Low,UK,Low-cost nurture
17121,1,314.74,314.74,106,12,28,United Kingdom,1,0.5022780622405838,677.5266912710742,340.3067936079094,Medium,UK,Low-cost nurture
17122,3,432.18,144.06,288,19,14,United Kingdom,1,0.7267640720537573,690.4893675261789,501.8228644531491,Medium,UK,Grow customer value
17123,2,631.87,315.935,430,31,65,United Kingdom,1,0.6510045904206356,911.8645015932494,593.6279763788303,Medium,UK,Low-cost nurture
17126,4,1026.98,256.745,646,149,7,United Kingdom,1,0.8350382033145356,1120.6959133133453,935.8239019151184,High,UK,Protect loyalty
17127,5,1155.0300000000002,231.00600000000003,340,27,54,United Kingdom,1,0.7990889707473031,1435.01498754436,1146.7046494037766,High,UK,Protect loyalty
17129,1,31.85,31.85,5,2,146,United Kingdom,1,0.1996011642887604,104.24654847804082,20.807732449301657,Low,UK,Low-cost nurture
17132,2,1220.91,610.4549999999999,963,62,78,United Kingdom,1,0.6968435053937514,1464.7368181117793,1020.692338812302,High,UK,Protect loyalty
17133,5,9730.09,1946.018,7377,16,100,United Kingdom,1,0.8701025114459773,9221.029915920084,8023.241287960554,Very High,UK,Protect loyalty
17134,1,212.1,212.1,46,13,68,United Kingdom,1,0.4152202208411453,461.1825188946874,191.49230734352776,Low,UK,Low-cost nurture
17135,3,582.45,194.15,462,75,35,United Kingdom,1,0.7500222661047443,748.6337052160861,561.4919480685601,Medium,UK,Grow customer value
17136,1,231.68,231.68,256,14,288,United Kingdom,1,0.2561657533280288,426.7645084781527,109.32245180797192,Low,UK,Low-cost nurture
17137,6,1099.81,183.30166666666665,680,125,42,United Kingdom,1,0.8562841808962122,1178.331876647338,1008.9869458188624,High,UK,Protect loyalty
17138,6,4036.77,672.7950000000001,1898,217,15,United Kingdom,1,0.908255863948984,3402.2674848053657,3090.129393797434,Very High,UK,Protect loyalty
17139,13,8915.99,685.8453846153845,4677,226,15,United Kingdom,1,0.9603687499626584,6996.737044135809,6719.447608894133,Very High,UK,Protect loyalty
17141,4,727.58,181.895,423,138,44,United Kingdom,1,0.791994131662094,817.8373246124261,647.7223617472685,High,UK,Grow customer value
17142,3,696.25,232.0833333333333,241,67,30,United Kingdom,1,0.7401220566890456,874.1216345642695,646.9567019700975,High,UK,Grow customer value
17143,2,880.97,440.485,314,82,43,United Kingdom,1,0.6899684526067467,1087.105550780312,750.0685346920968,High,UK,Protect loyalty
17145,4,3120.91,780.2275,2591,168,138,United Kingdom,1,0.8040546736144334,2588.1751542124257,2081.034328877258,Very High,UK,Protect loyalty
17146,10,5102.86,510.28600000000006,1976,156,61,United Kingdom,1,0.9256919982652172,4261.473539547018,3944.8119563776263,Very High,UK,Protect loyalty
17147,5,1485.36,297.072,426,41,78,United Kingdom,1,0.7980935944615081,1661.78275761613,1326.2581742400143,High,UK,Protect loyalty
17149,1,143.10000000000002,143.10000000000002,18,6,77,United Kingdom,1,0.3486462606868787,352.59178113151177,122.92980604042792,Low,UK,Low-cost nurture
17150,6,1357.95,226.325,397,64,2,United Kingdom,1,0.8663033355474802,1554.621888120157,1346.7741271936138,High,UK,Protect loyalty
17151,1,231.90000000000003,231.90000000000003,42,4,361,United Kingdom,1,0.1501413715710954,445.92894474670845,66.95238338752202,Low,UK,Low-cost nurture
17152,1,327.0,327.0,60,2,51,United Kingdom,1,0.4303388895806481,810.8592841347503,348.9442839407077,Medium,UK,Low-cost nurture
17155,5,640.76,128.152,745,31,153,United Kingdom,1,0.7250675001179142,810.4741987709428,587.648501212917,Medium,UK,Grow customer value
17156,1,591.87,591.87,391,39,117,United Kingdom,1,0.4944500644975979,958.5062281340016,473.9334663222064,Medium,UK,Low-cost nurture
17157,17,4832.900000000001,284.2882352941176,1920,69,106,United Kingdom,1,0.9370617479915254,4547.394243680562,4261.189198789908,Very High,UK,Protect loyalty
17158,2,713.03,356.515,369,37,173,United Kingdom,1,0.537132279907979,905.6402163417828,486.4485941800172,Medium,UK,Low-cost nurture
17159,2,560.71,280.355,237,27,103,United Kingdom,1,0.5840728568380523,805.4677964462325,470.4518769614018,Medium,UK,Low-cost nurture
17160,11,6691.13,608.2845454545454,5534,164,0,United Kingdom,1,0.9555966815202211,5717.223669134304,5463.359965733604,Very High,UK,Protect loyalty
17161,1,856.01,856.01,537,52,70,United Kingdom,1,0.5772052417780242,1317.0189796742668,760.190258589132,High,UK,Win back now
17163,2,406.68,203.34,465,24,71,United Kingdom,1,0.6276459464300519,647.686379117518,406.51773041106793,Medium,UK,Low-cost nurture
17165,5,1635.64,327.12800000000004,688,72,7,United Kingdom,1,0.8603417143871638,1797.341329673563,1546.3277209102578,High,UK,Protect loyalty
17167,3,867.11,289.0366666666667,429,64,5,United Kingdom,1,0.7809416775736646,1087.4748416139253,849.254427129134,High,UK,Protect loyalty
17168,1,400.2,400.2,220,21,124,United Kingdom,1,0.4401233514494716,730.5607364767832,321.5368397755561,Medium,UK,Low-cost nurture
17169,1,320.95,320.95,145,21,204,United Kingdom,1,0.3335340045149747,566.2992533775171,188.8800577328436,Low,UK,Low-cost nurture
17170,2,178.68,89.34,152,8,0,United Kingdom,1,0.6172622138183916,382.5035752592651,236.10500365798376,Low,UK,Low-cost nurture
17171,1,159.68,159.68,40,9,287,United Kingdom,1,0.1958820945579995,318.14137708791657,62.31819930954745,Low,UK,Low-cost nurture
17172,2,638.81,319.405,735,24,56,United Kingdom,1,0.6733897550194289,963.4684596868692,648.7897900374873,High,UK,Grow customer value
17176,2,596.1899999999999,298.095,406,25,152,United Kingdom,1,0.54998476091461,830.8937703605097,456.97891163716383,Medium,UK,Low-cost nurture
17177,1,119.5,119.5,40,29,131,United Kingdom,1,0.337817265213468,247.48529248878137,83.60480468911535,Low,UK,Low-cost nurture
17178,1,432.96,432.96,100,31,357,United Kingdom,1,0.2046914093799495,613.013382122316,125.47857315538644,Low,UK,Low-cost nurture
17179,3,795.47,265.1566666666667,335,44,8,United Kingdom,1,0.7651649232755251,1050.3653420530193,803.7027163632691,High,UK,Protect loyalty
17180,7,1452.8,207.5428571428572,1139,149,48,United Kingdom,1,0.8820321499745193,1469.4978950386312,1296.1443877439544,High,UK,Protect loyalty
17181,1,69.93,69.93,27,5,221,United Kingdom,1,0.2084756634308301,177.84582904514605,37.07652719859283,Low,UK,Low-cost nurture
17182,2,321.3,160.65,54,4,48,United Kingdom,1,0.5399387796079806,632.8401972765549,341.6949638043768,Medium,UK,Low-cost nurture
17184,2,198.41000000000005,99.205,73,14,195,United Kingdom,1,0.3903573923288745,332.5324085465014,129.80648386505223,Low,UK,Low-cost nurture
17185,3,229.46,76.48666666666666,119,38,217,United Kingdom,1,0.4741438132549888,316.1105269077366,149.88185063807796,Low,UK,Low-cost nurture
17187,1,263.76,263.76,282,13,152,United Kingdom,1,0.3945731029899606,534.5386543699466,210.9145755228279,Low,UK,Low-cost nurture
17188,6,2118.7000000000003,353.1166666666666,1241,79,72,United Kingdom,1,0.858366978716383,2123.305872619284,1822.575646770968,Very High,UK,Protect loyalty
17189,3,569.88,189.96,375,59,187,United Kingdom,1,0.5905281885204389,668.7836816343311,394.9356160275514,Medium,UK,Low-cost nurture
17190,5,1281.83,256.366,2057,143,29,United Kingdom,1,0.868905424000857,1354.1415076387823,1176.620900852036,High,UK,Protect loyalty
17191,8,2216.66,277.0825,1042,156,39,United Kingdom,1,0.901721465109536,2104.8524782533555,1897.9906605300537,Very High,UK,Protect loyalty
17192,1,75.28,75.28,45,20,162,United Kingdom,1,0.2906948237115933,171.87551225101265,49.96332173414791,Low,UK,Low-cost nurture
17193,2,610.74,305.37,414,12,12,United Kingdom,1,0.6860970044224086,1028.3790807206594,705.5678066931148,High,UK,Protect loyalty
17194,1,549.88,549.88,301,31,156,United Kingdom,1,0.434718861919822,893.6611047760753,388.4913384102662,Medium,UK,Low-cost nurture
17195,1,562.98,562.98,486,31,281,United Kingdom,1,0.3206550285774239,833.2424408219487,267.1833786736844,Medium,UK,Low-cost nurture
17196,1,327.75,327.75,154,84,53,United Kingdom,1,0.5247873320056288,552.4536012606909,289.92065146249945,Medium,UK,Low-cost nurture
17199,1,135.04000000000002,135.04000000000002,232,8,208,United Kingdom,1,0.3011598081112695,307.22749341065764,92.52457296205998,Low,UK,Low-cost nurture
17200,4,356.71,89.1775,367,25,13,United Kingdom,1,0.7719885600324314,564.3906115856485,435.7030955338281,Medium,UK,Grow customer value
17201,3,853.32,284.44,773,119,149,United Kingdom,1,0.6801095210130442,899.7908302932219,611.9563106026525,Medium,UK,Grow customer value
17202,1,160.65,160.65,55,8,46,United Kingdom,1,0.426978560221019,393.450874923162,167.99508809239194,Low,UK,Low-cost nurture
17203,4,2004.01,501.0025,1751,84,14,United Kingdom,1,0.8571571453973597,2122.799565396155,1819.572815725724,Very High,UK,Protect loyalty
17204,5,3940.13,788.0260000000001,2005,89,0,United Kingdom,1,0.895905669717156,3746.7602144348457,3356.7437191828453,Very High,UK,Protect loyalty
17205,2,615.27,307.635,1330,18,42,United Kingdom,1,0.6994862342011954,985.6242861911328,689.4306202850768,High,UK,Protect loyalty
17207,1,292.62,292.62,233,55,278,United Kingdom,1,0.2892303022924191,445.8635876089029,128.95726022530548,Low,UK,Low-cost nurture
17208,1,111.15,111.15,101,21,21,United Kingdom,1,0.4791386602781784,267.89044787959244,128.35667029834912,Low,UK,Low-cost nurture
17209,3,595.7,198.5666666666667,723,36,275,United Kingdom,1,0.508936283191887,694.1563564300805,353.28135599554787,Medium,UK,Low-cost nurture
17210,1,251.72,251.72,242,47,18,United Kingdom,1,0.5590553985544432,491.4135256047543,274.72738441201,Medium,UK,Low-cost nurture
17211,5,1456.13,291.226,818,103,44,United Kingdom,1,0.8437427331472653,1523.2098211756766,1285.1972176755226,High,UK,Protect loyalty
17212,2,567.56,283.78,580,25,84,United Kingdom,1,0.6339275026659168,846.3112583969626,536.4999825136359,Medium,UK,Low-cost nurture
17213,6,2088.17,348.02833333333336,911,73,123,United Kingdom,1,0.8206366814328654,2023.4751863589645,1660.5379618953696,Very High,UK,Protect loyalty
17215,1,186.15,186.15,104,11,90,United Kingdom,1,0.4116827046447979,419.8669098238578,172.8519450271393,Low,UK,Low-cost nurture
17216,1,63.6,63.6,21,13,180,United Kingdom,1,0.243289144513615,152.67455161704095,37.14406105190965,Low,UK,Low-cost nurture
17217,1,96.6,96.6,69,18,245,United Kingdom,1,0.2361382488535234,202.0293519667441,47.70685739043909,Low,UK,Low-cost nurture
17218,8,1939.42,242.4275,1111,139,4,United Kingdom,1,0.913216301599762,1963.8522219854724,1793.4218630500477,Very High,UK,Protect loyalty
17219,1,144.9,144.9,99,24,42,United Kingdom,1,0.4673421329588599,323.6311995455219,151.2464950876386,Low,UK,Low-cost nurture
17220,7,1269.76,181.3942857142857,766,167,43,United Kingdom,1,0.8771181835311516,1291.8006838196427,1133.0618692761846,High,UK,Protect loyalty
17221,3,642.14,214.04666666666665,426,58,217,United Kingdom,1,0.5663073062626774,724.7599873735238,410.4368761364724,Medium,UK,Low-cost nurture
17222,5,1250.86,250.17200000000005,735,71,103,United Kingdom,1,0.7950163909066599,1336.0804684347231,1062.2058719758531,High,UK,Protect loyalty
17223,1,141.15,141.15,45,21,1,United Kingdom,1,0.4819452950051133,327.5746528604855,157.87306270904426,Low,UK,Low-cost nurture
17224,1,100.86,100.86,65,8,127,United Kingdom,1,0.3309701426421709,251.11476739076392,83.1114903828767,Low,UK,Low-cost nurture
17225,1,131.15,131.15,36,5,207,United Kingdom,1,0.2428930351341833,305.05745548726,74.09633125361161,Low,UK,Low-cost nurture
17226,2,501.98,250.99,447,34,70,United Kingdom,1,0.6407209896305608,741.8356852465909,475.3096943944609,Medium,UK,Low-cost nurture
17227,6,939.61,156.60166666666666,940,39,7,United Kingdom,1,0.8672514900552485,1225.2898380720903,1062.6344378175745,High,UK,Protect loyalty
17228,5,913.94,182.788,822,89,81,United Kingdom,1,0.8083516516697448,1020.4712255109594,824.8996006232326,High,UK,Protect loyalty
17230,10,5750.08,575.008,2102,104,189,United Kingdom,1,0.8748949304114632,4474.489330551906,3914.7080314800446,Very High,UK,Protect loyalty
17231,15,3940.08,262.672,1957,348,15,United Kingdom,1,0.956647848478868,3353.8796921513685,3208.481791553575,Very High,UK,Protect loyalty
17233,2,369.98,184.99,167,32,74,United Kingdom,1,0.5911907728888217,567.3979625388077,335.44044000886043,Medium,UK,Low-cost nurture
17235,6,1012.92,168.82,621,39,12,United Kingdom,1,0.8589294230515677,1290.0387705410726,1108.0522568949973,High,UK,Protect loyalty
17236,6,1013.13,168.855,330,44,36,United Kingdom,1,0.8344099144239955,1234.8615193802443,1030.3806947115547,High,UK,Protect loyalty
17237,2,679.44,339.72,309,58,1,United Kingdom,1,0.7151579298043882,941.4714704721832,673.3007877927797,High,UK,Grow customer value
17238,15,3612.57,240.838,1748,315,8,United Kingdom,1,0.9564149333979556,3167.871628347968,3029.799732439695,Very High,UK,Protect loyalty
17239,3,806.95,268.9833333333333,365,8,13,United Kingdom,1,0.7409361241079936,1285.5953676126633,952.544048850118,High,UK,Protect loyalty
17240,1,130.60000000000002,130.60000000000002,108,7,222,United Kingdom,1,0.2635363115871542,295.7620525780854,77.94404044387458,Low,UK,Low-cost nurture
17241,12,2736.64,228.05333333333337,859,116,11,United Kingdom,1,0.9348671656327286,2728.321654983993,2550.6183325292814,Very High,UK,Protect loyalty
17242,3,1754.24,584.7466666666666,848,27,82,United Kingdom,1,0.7439639391483329,2065.7116605150927,1536.8149841014522,High,UK,Protect loyalty
17243,43,11663.53,271.24488372093026,4612,264,2,United Kingdom,1,0.9872218954754672,10053.034527991313,9924.5758020039,Very High,UK,Protect loyalty
17244,4,871.14,217.785,803,85,9,United Kingdom,1,0.8287328216276859,1046.30077204918,867.1037910915433,High,UK,Protect loyalty
17245,1,200.18,200.18,232,15,315,United Kingdom,1,0.2282383288900813,366.2725531864994,83.59743545759005,Low,UK,Low-cost nurture
17246,2,38.92,19.46,36,6,172,United Kingdom,1,0.3214941061172782,96.07176435002827,30.886506002822134,Low,UK,Low-cost nurture
17248,1,181.89,181.89,63,34,107,United Kingdom,1,0.3949823166765329,354.3640724577056,139.96754228627535,Low,UK,Low-cost nurture
17249,1,68.03,68.03,79,27,54,United Kingdom,1,0.4202732379187845,167.80217021133765,70.52276140451788,Low,UK,Low-cost nurture
17251,2,529.15,264.57500000000005,269,35,8,United Kingdom,1,0.6886527007298827,804.0247416838876,553.6938098142555,Medium,UK,Grow customer value
17254,1,198.29,198.29,146,36,27,United Kingdom,1,0.5172246453045478,408.7709486468932,211.42640892469288,Low,UK,Low-cost nurture
17255,2,490.22,245.11,356,99,16,United Kingdom,1,0.7035379023221208,666.512643247344,468.9169069014085,Medium,UK,Grow customer value
17256,3,258.93,86.31,158,14,107,United Kingdom,1,0.5928427669313571,429.3305678403544,254.52552176668644,Medium,UK,Low-cost nurture
17257,2,189.78,94.89,187,14,62,United Kingdom,1,0.568957196841519,361.5866095607189,205.72730379109544,Low,UK,Low-cost nurture
17258,2,417.3,208.65000000000003,188,46,22,United Kingdom,1,0.6601755620495597,627.7179936227819,414.404079248542,Medium,UK,Low-cost nurture
17259,4,871.16,217.79,456,93,71,United Kingdom,1,0.7728291761304675,976.4651426472572,754.6407517121992,High,UK,Protect loyalty
17260,1,120.95,120.95,23,6,37,United Kingdom,1,0.3923467804303705,317.5199008736464,124.57791083034556,Low,UK,Low-cost nurture
17261,1,221.59,221.59,95,43,135,United Kingdom,1,0.3902023936029881,400.62779546181866,156.32592473309,Low,UK,Low-cost nurture
17262,6,1235.4,205.9,268,5,104,United Kingdom,1,0.761245728139672,1751.5280995771343,1333.343283519691,High,UK,Protect loyalty
17264,1,268.28,268.28,217,70,50,United Kingdom,1,0.5293898179705366,481.39092485226274,254.8434540802077,Medium,UK,Low-cost nurture
17266,2,205.14,102.57,90,43,125,United Kingdom,1,0.496151368796032,318.64844384928244,158.09786158054703,Low,UK,Low-cost nurture
17268,7,970.25,138.60714285714286,551,23,71,United Kingdom,1,0.8325282335246341,1267.359033369759,1055.1121772928132,High,UK,Protect loyalty
17269,1,491.81,491.81,314,110,11,United Kingdom,1,0.6156518086987864,786.4137786931059,484.1570652380578,Medium,UK,Low-cost nurture
17270,2,601.45,300.725,420,45,95,United Kingdom,1,0.623801879304309,818.0014392007799,510.27083504707593,Medium,UK,Low-cost nurture
17271,1,204.3,204.3,113,46,362,United Kingdom,1,0.1905209918327887,311.6356742191185,59.3731377427063,Low,UK,Low-cost nurture
17273,1,141.12,141.12,133,12,50,United Kingdom,1,0.4555277188896762,341.9826485611891,155.78257579892826,Low,UK,Low-cost nurture
17274,1,465.4,465.4,194,52,21,United Kingdom,1,0.5726871208661085,807.1795903283409,462.2613556070225,Medium,UK,Low-cost nurture
17275,1,114.1,114.1,71,23,9,United Kingdom,1,0.4827128281871151,271.8724000297468,131.2362951243778,Low,UK,Low-cost nurture
17276,1,502.49,502.49,187,50,28,United Kingdom,1,0.5658359713257977,859.3898937030456,486.2737152510368,Medium,UK,Low-cost nurture
17278,1,25.2,25.2,16,2,191,United Kingdom,1,0.1861471256457386,84.5942874545401,15.746983455712003,Low,UK,Low-cost nurture
17280,1,118.86,118.86,74,6,64,United Kingdom,1,0.4019290738073403,312.5201858968917,125.61094886363549,Low,UK,Low-cost nurture
17281,6,797.85,132.975,295,2,0,United Kingdom,1,0.8205632067641243,1436.4548448036185,1178.7019938239196,High,UK,Protect loyalty
17282,2,623.08,311.54,466,107,82,United Kingdom,1,0.6568232966505367,769.9059783732922,505.6921828261026,Medium,UK,Low-cost nurture
17283,1,188.46,188.46,179,15,4,United Kingdom,1,0.5323747440388518,442.6148844522725,235.63698581806452,Low,UK,Low-cost nurture
17284,2,1140.58,570.29,707,80,15,United Kingdom,1,0.7463378707773544,1403.060264553851,1047.1570104194327,High,UK,Protect loyalty
17285,2,407.94,203.97,134,41,254,United Kingdom,1,0.3926308980594172,517.3274854482312,203.1187552023591,Low,UK,Low-cost nurture
17286,2,237.81,118.905,251,46,26,United Kingdom,1,0.6461495459314462,393.38785445517976,254.18738353116024,Medium,UK,Low-cost nurture
17287,14,2777.8,198.4142857142857,1399,228,13,United Kingdom,1,0.94834797439747,2605.0431378573257,2470.487383005024,Very High,UK,Protect loyalty
17288,4,1050.8,262.70000000000005,498,129,16,United Kingdom,1,0.8229854782205149,1148.721222682762,945.3808847916276,High,UK,Protect loyalty
17289,6,1110.78,185.13,724,130,2,United Kingdom,1,0.8784188431450463,1221.6171180846134,1073.0914956340714,High,UK,Protect loyalty
17290,6,974.95,162.49166666666667,742,96,7,United Kingdom,1,0.871684519353774,1131.8622076118725,986.6267644168566,High,UK,Protect loyalty
17292,2,271.75,135.875,131,14,98,United Kingdom,1,0.5299322440203712,471.0677181704523,249.6339729756236,Medium,UK,Low-cost nurture
17293,8,1896.57,237.07125,1093,84,20,United Kingdom,1,0.903621775754776,2020.0130565762536,1825.327785231267,Very High,UK,Protect loyalty
17294,2,467.79,233.895,297,17,295,United Kingdom,1,0.3658673713616542,630.2700513976466,230.5952469528317,Low,UK,Low-cost nurture
17296,1,338.13,338.13,216,32,356,United Kingdom,1,0.2178960653487965,503.6175719851855,109.73628737608624,Low,UK,Low-cost nurture
17298,3,455.84,151.94666666666666,465,38,0,United Kingdom,1,0.7628840248297997,679.3879494296954,518.2942132817903,Medium,UK,Grow customer value
17299,2,336.62,168.31,251,52,65,United Kingdom,1,0.6199136171154058,502.484917175307,311.4972425520797,Medium,UK,Low-cost nurture
17300,2,393.64,196.82,467,37,16,United Kingdom,1,0.6891617288165615,625.963502896187,431.3900898320069,Medium,UK,Grow customer value
17301,1,131.15,131.15,79,52,250,United Kingdom,1,0.2586172145326781,230.15676298136228,59.52250094809773,Low,UK,Low-cost nurture
17304,1,111.5,111.5,73,5,160,United Kingdom,1,0.2992114159996173,279.8286793877552,83.72793539691315,Low,UK,Low-cost nurture
17305,1,2135.46,2135.46,1006,9,274,United Kingdom,1,0.3772321586761803,2979.3048755140344,1123.8896095446278,High,UK,Win back now
17306,2,1151.04,575.52,2256,5,19,United Kingdom,1,0.7371503190848474,1963.299053130572,1447.24652347418,High,UK,Protect loyalty
17307,11,3999.89,363.6263636363637,3667,22,21,United Kingdom,1,0.936296072855778,4595.73566575597,4302.969255730549,Very High,UK,Protect loyalty
17308,2,4511.76,2255.88,5148,5,19,United Kingdom,1,0.7952778112471848,6252.285669264445,4972.304062344767,Very High,UK,Protect loyalty
17309,2,237.64,118.82,140,22,7,United Kingdom,1,0.6340075369493032,430.3627279216554,272.85321312439186,Medium,UK,Low-cost nurture
17310,2,1025.1,512.55,402,1,13,United Kingdom,1,0.6702821550375856,1981.316530197426,1328.041113672322,High,UK,Win back now
17311,4,2181.71,545.4275,1750,71,18,United Kingdom,1,0.8549722447443369,2317.5964931443264,1981.480676155208,Very High,UK,Protect loyalty
17314,9,2376.51,264.0566666666667,1767,92,19,United Kingdom,1,0.9205869282494408,2452.306264301664,2257.56109098033,Very High,UK,Protect loyalty
17315,5,3318.35,663.6700000000001,1225,196,1,United Kingdom,1,0.8919503725687047,2927.380795506333,2611.078391202345,Very High,UK,Protect loyalty
17316,1,124.45,124.45,44,35,46,United Kingdom,1,0.435696447552132,268.2214948306825,116.8631524548509,Low,UK,Low-cost nurture
17318,1,157.32999999999998,157.32999999999998,59,17,351,United Kingdom,1,0.167707672029462,280.32588154060613,47.012801002781806,Low,UK,Low-cost nurture
17319,1,29.1,29.1,14,3,295,United Kingdom,1,0.1282537628150362,84.44432307046272,10.830302182155414,Low,UK,Low-cost nurture
17320,3,1244.23,414.7433333333333,548,53,64,United Kingdom,1,0.7469711323976065,1441.956158040805,1077.0996242394422,High,UK,Protect loyalty
17321,4,1008.05,252.0125,426,159,20,United Kingdom,1,0.818448406367926,1076.0074462086693,880.6565795895073,High,UK,Protect loyalty
17322,5,922.59,184.518,631,115,2,United Kingdom,1,0.8552367539421135,1056.6579012995037,903.6926735346736,High,UK,Protect loyalty
17323,5,644.52,128.904,666,91,33,United Kingdom,1,0.8281841180421876,787.0400700988165,651.8140863186499,High,UK,Grow customer value
17324,8,1184.59,148.07375000000002,642,80,77,United Kingdom,1,0.8618717038894299,1300.056682821937,1120.4820683765831,High,UK,Protect loyalty
17325,2,512.77,256.385,405,33,36,United Kingdom,1,0.6721204486496346,776.9133328241504,522.1793378196509,Medium,UK,Low-cost nurture
17326,2,312.35,156.175,136,82,34,United Kingdom,1,0.6372302821217865,453.5473580623939,289.0141109336902,Medium,UK,Low-cost nurture
17327,2,152.35,76.175,59,3,35,United Kingdom,1,0.5251581491003433,353.4591677507947,185.6219623185551,Low,UK,Low-cost nurture
17328,1,104.7,104.7,86,6,299,United Kingdom,1,0.1902085530708351,234.3310672119716,44.57177323393374,Low,UK,Low-cost nurture
17329,3,475.42,158.47333333333333,288,63,357,United Kingdom,1,0.3878478418489517,496.9450982262513,192.7390838644669,Low,UK,Low-cost nurture
17330,2,59.900000000000006,29.950000000000003,2,2,170,United Kingdom,1,0.250093170471822,144.68496334995427,36.18472120378943,Low,UK,Low-cost nurture
17332,5,838.27,167.654,794,82,154,United Kingdom,1,0.7479682198786872,904.8516254078964,676.8002595106809,High,UK,Grow customer value
17334,1,328.13,328.13,251,20,32,United Kingdom,1,0.5391738596313757,670.2684653532112,361.3912354536899,Medium,UK,Low-cost nurture
17335,2,497.04,248.52,210,34,9,United Kingdom,1,0.6774948468507103,761.7369456377509,516.0728553253758,Medium,UK,Grow customer value
17336,1,81.12,81.12,48,1,98,United Kingdom,1,0.3178461489008083,255.3872218373837,81.17384493948884,Low,UK,Low-cost nurture
17338,9,5395.79,599.5322222222222,2721,351,1,United Kingdom,1,0.9436910453028337,4242.17567193836,4003.303194209762,Very High,UK,Protect loyalty
17339,1,59.0,59.0,20,1,135,United Kingdom,1,0.2499441684535041,187.66537058107292,46.90586499740498,Low,UK,Low-cost nurture
17340,7,7264.66,1037.8085714285714,3530,153,26,United Kingdom,1,0.9254982295049164,5839.981967042474,5404.892970838449,Very High,UK,Protect loyalty
17341,2,589.92,294.96,388,58,166,United Kingdom,1,0.5478717879256086,737.9071594755025,404.27851478495074,Medium,UK,Low-cost nurture
17342,4,1227.54,306.885,521,31,5,United Kingdom,1,0.8189867488567678,1561.512173241621,1278.8577780634212,High,UK,Protect loyalty
17343,5,1066.3,213.26000000000005,398,49,2,United Kingdom,1,0.8413388760742991,1308.117839635294,1100.5703929714984,High,UK,Protect loyalty
17344,1,299.74,299.74,135,36,354,United Kingdom,1,0.2065808342102528,446.1491137720898,92.1658561052033,Low,UK,Low-cost nurture
17345,6,1066.94,177.82333333333335,1667,110,1,United Kingdom,1,0.8892385698204479,1223.4741620735886,1087.9604140945887,High,UK,Protect loyalty
17346,11,2375.73,215.9754545454545,1822,286,11,United Kingdom,1,0.939618033959209,2189.952082412316,2057.718470141136,Very High,UK,Protect loyalty
17348,4,1285.69,321.4225,1368,185,63,United Kingdom,1,0.821846113801753,1277.7879575518298,1050.1450671766506,High,UK,Protect loyalty
17349,4,674.16,168.54,670,66,6,United Kingdom,1,0.8184925792137833,869.7286354433597,711.8664340401198,High,UK,Grow customer value
17350,3,612.381,204.12700000000004,408,65,20,United Kingdom,1,0.7586043178165484,801.5747447485315,608.0780624189337,Medium,UK,Grow customer value
17351,9,1401.08,155.67555555555555,270,29,53,United Kingdom,1,0.8655293509783804,1702.752990262489,1473.7826905383886,High,UK,Protect loyalty
17352,1,36.25,36.25,15,5,322,United Kingdom,1,0.1229206183662562,94.38943809323472,11.602408097663874,Low,UK,Low-cost nurture
17353,2,1502.0,751.0,968,6,117,United Kingdom,1,0.627743913990515,2197.7884393489194,1379.6483170399963,High,UK,Win back now
17354,3,1740.9,580.3,1525,73,54,United Kingdom,1,0.7939965066538425,1887.03919150312,1498.3025259723686,High,UK,Protect loyalty
17355,1,273.31,273.31,249,28,12,United Kingdom,1,0.5603104498598636,562.0907822293083,314.9453390529863,Medium,UK,Low-cost nurture
17356,4,768.25,192.0625,759,62,180,United Kingdom,1,0.6811894124077836,854.270568019408,581.9200662664041,Medium,UK,Grow customer value
17358,3,500.2,166.73333333333332,240,84,2,United Kingdom,1,0.757356827537699,660.0556947236331,499.8976869540826,Medium,UK,Grow customer value
17359,1,156.6,156.6,76,23,274,United Kingdom,1,0.231516251451309,287.85218257962725,66.6424582829131,Low,UK,Low-cost nurture
17360,3,632.27,210.75666666666663,296,90,11,United Kingdom,1,0.7629116946628028,793.3879473070748,605.2849434050829,Medium,UK,Grow customer value
17361,2,383.59,191.795,223,26,302,United Kingdom,1,0.3494075962740195,503.3688364750831,175.8808951920088,Low,UK,Low-cost nurture
17362,5,711.8100000000001,142.362,358,84,26,United Kingdom,1,0.8211721568640967,858.4778331575503,704.9580938740017,High,UK,Grow customer value
17363,3,920.46,306.82,499,34,21,United Kingdom,1,0.7655027824548161,1218.8490636514564,933.0323496176372,High,UK,Protect loyalty
17364,17,7510.24,441.7788235294117,4772,308,2,United Kingdom,1,0.9700420566263372,6066.506309103112,5884.766256619033,Very High,UK,Protect loyalty
17365,7,3417.13,488.1614285714286,3266,236,12,United Kingdom,1,0.923389060880558,2978.823168652525,2750.612728231303,Very High,UK,Protect loyalty
17366,2,1077.24,538.62,504,120,58,United Kingdom,1,0.7026044453637037,1225.3481911074978,860.9350861905011,High,UK,Protect loyalty
17368,6,879.42,146.57000000000002,942,110,1,United Kingdom,1,0.8777852925358272,1031.123806623336,905.1053122375206,High,UK,Protect loyalty
17369,1,979.2,979.2,1152,1,81,United Kingdom,1,0.5355959760822545,2191.486785994223,1173.751504215939,High,UK,Win back now
17371,3,236.97,78.99,130,55,249,United Kingdom,1,0.449684145338048,303.6325448932865,136.53874144715402,Low,UK,Low-cost nurture
17372,20,3010.13,150.50650000000002,1116,261,7,United Kingdom,1,0.962178456898004,2854.151732048428,2746.203309295121,Very High,UK,Protect loyalty
17373,3,520.58,173.52666666666664,330,31,44,United Kingdom,1,0.7165299412377594,746.3212163193213,534.7614972737764,Medium,UK,Grow customer value
17374,1,231.34,231.34,70,14,21,United Kingdom,1,0.4864775059790678,513.9881145452919,250.04365606687705,Medium,UK,Low-cost nurture
17375,1,260.45,260.45,113,17,57,United Kingdom,1,0.4711135244401139,544.2807666576052,256.41803026503163,Medium,UK,Low-cost nurture
17376,2,250.44,125.22,158,27,30,United Kingdom,1,0.6192870412943049,432.162551933472,267.63266814507625,Medium,UK,Low-cost nurture
17377,58,13585.95,234.2405172413793,5297,413,4,United Kingdom,1,0.990837301785735,11320.948904615776,11217.218466303668,Very High,UK,Protect loyalty
17378,1,10.95,10.95,1,1,0,United Kingdom,1,0.2541756303179926,51.07317394211338,12.981556179077144,Low,UK,Low-cost nurture
17380,3,645.0,215.0,252,5,60,United Kingdom,1,0.6730974532504612,1071.8117744117324,721.4337757203949,High,UK,Win back now
17381,9,16123.04,1791.448888888889,17230,30,21,United Kingdom,1,0.9514710748992982,14417.521729787151,13717.854897624571,Very High,UK,Protect loyalty
17382,7,836.88,119.55428571428573,432,14,61,United Kingdom,1,0.8256785508759512,1189.7161916130217,982.323141044695,High,UK,Protect loyalty
17383,1,110.7,110.7,12,2,79,United Kingdom,1,0.3118284018317762,312.5084242249253,97.4490024850252,Low,UK,Low-cost nurture
17384,1,171.15,171.15,33,5,93,United Kingdom,1,0.3548356633275994,416.0468641254919,147.62826500733655,Low,UK,Low-cost nurture
17386,1,126.35,126.35,53,10,11,United Kingdom,1,0.4592267568807646,322.90148642783413,148.2850024042325,Low,UK,Low-cost nurture
17388,7,1415.81,202.25857142857143,1487,29,46,United Kingdom,1,0.8735490205904194,1754.3542101221192,1532.514402020856,High,UK,Protect loyalty
17389,27,25381.65,940.0611111111112,10268,40,0,United Kingdom,1,0.9825968893789948,22950.601684293782,22551.18982436339,Very High,UK,Protect loyalty
17390,1,149.3,149.3,49,12,46,United Kingdom,1,0.427134788783347,353.448651486888,150.97021509861077,Low,UK,Low-cost nurture
17392,1,168.65,168.65,173,14,76,United Kingdom,1,0.4453132942611454,383.9557971765462,170.98062089135198,Low,UK,Low-cost nurture
17393,2,381.15,190.575,238,45,36,United Kingdom,1,0.6501390469523818,579.4564505307001,376.7272644984393,Medium,UK,Low-cost nurture
17395,1,97.5,97.5,66,3,134,United Kingdom,1,0.3100699109745217,267.6702028301032,82.99647596206226,Low,UK,Low-cost nurture
17396,6,1078.8,179.79999999999998,308,11,35,United Kingdom,1,0.8206620692681156,1523.513208187766,1250.289501988677,High,UK,Protect loyalty
17397,1,516.87,516.87,441,44,42,United Kingdom,1,0.5792468718683296,896.7077742926086,519.4151732390056,Medium,UK,Low-cost nurture
17400,3,2525.44,841.8133333333334,1097,209,207,United Kingdom,1,0.679583316205426,2005.8625440298567,1363.1507195240629,High,UK,Protect loyalty
17401,1,114.85,114.85,34,11,167,United Kingdom,1,0.2823538726762496,259.0766157173595,73.15128576765298,Low,UK,Low-cost nurture
17402,10,2001.71,200.171,749,81,6,United Kingdom,1,0.919670684174403,2163.228337343947,1989.457685030564,Very High,UK,Protect loyalty
17403,1,118.95,118.95,77,13,76,United Kingdom,1,0.4030537342744767,285.26607086037194,114.9775551220804,Low,UK,Low-cost nurture
17404,8,15874.3,1984.2875,17931,53,35,Sweden,0,0.951740670250768,16685.915849119792,15880.664733989182,Very High,Non-UK,Protect loyalty
17406,10,2002.53,200.253,1067,84,70,United Kingdom,1,0.9006577558756583,2061.914853931597,1857.0796051487184,Very High,UK,Protect loyalty
17407,1,552.9,552.9,426,23,37,United Kingdom,1,0.574328545085942,1026.2721728522636,589.4174038964289,Medium,UK,Win back now
17408,2,283.44,141.72,160,6,126,United Kingdom,1,0.4928264314728336,524.7269856931882,258.5993278566706,Medium,UK,Low-cost nurture
17409,8,7021.66,877.7075,3984,40,47,United Kingdom,1,0.9202921165152816,6594.524077626403,6068.888520809787,Very High,UK,Protect loyalty
17411,2,646.44,323.22,302,32,12,United Kingdom,1,0.693434750207445,959.3954458310748,665.2781413300316,High,UK,Grow customer value
17412,9,2962.16,329.12888888888887,1816,127,11,United Kingdom,1,0.9274353586358078,2856.563177845295,2649.277695310794,Very High,UK,Protect loyalty
17413,2,560.14,280.07,302,10,30,United Kingdom,1,0.6525410957072537,957.0320775166916,624.5027604897314,Medium,UK,Low-cost nurture
17414,4,1471.52,367.88,4156,6,49,United Kingdom,1,0.820872289313154,2182.7400556726693,1791.7508264755454,Very High,UK,Protect loyalty
17416,15,10405.03,693.6686666666667,4467,224,19,United Kingdom,1,0.9647343250677428,8050.718772362535,7766.804741165378,Very High,UK,Protect loyalty
17417,1,164.18,164.18,76,16,174,United Kingdom,1,0.3163520822343135,337.60681888098065,106.802620129501,Low,UK,Low-cost nurture
17418,1,206.6,206.6,232,12,13,United Kingdom,1,0.5310839161811054,488.72089866687975,259.55180878355566,Medium,UK,Low-cost nurture
17419,6,1899.68,316.61333333333334,1008,71,12,United Kingdom,1,0.882498963865386,2049.8689441047773,1809.007219232299,Very High,UK,Protect loyalty
17420,3,354.75,118.25,181,18,16,United Kingdom,1,0.7045273467220189,583.7512384719317,411.2687111863226,Medium,UK,Grow customer value
17421,3,1059.41,353.1366666666667,807,46,12,United Kingdom,1,0.7918579501843662,1343.9360379945624,1064.206436225273,High,UK,Protect loyalty
17422,5,1615.39,323.07800000000003,1285,75,7,United Kingdom,1,0.870900909297754,1789.5032272052172,1558.4799877642888,High,UK,Protect loyalty
17423,1,420.54,420.54,331,17,19,United Kingdom,1,0.5697276300927288,853.0113282794442,485.9841225028984,Medium,UK,Low-cost nurture
17426,7,3040.51,434.3585714285714,2093,118,78,United Kingdom,1,0.8868938659073357,2764.241094161765,2451.588470301051,Very High,UK,Protect loyalty
17428,17,14209.91,835.8770588235295,7882,264,0,United Kingdom,1,0.9745142384832648,10643.797342753996,10372.532062044109,Very High,UK,Protect loyalty
17429,2,832.54,416.27,662,53,22,United Kingdom,1,0.7230699958308807,1124.179162479683,812.8602223273474,High,UK,Protect loyalty
17430,2,356.81,178.405,265,22,12,United Kingdom,1,0.6637116474236369,608.311783608921,403.7436160462879,Medium,UK,Low-cost nurture
17432,7,1363.23,194.74714285714285,801,174,11,United Kingdom,1,0.8937088739112476,1399.715103886756,1250.9378092911977,High,UK,Protect loyalty
17433,1,266.8,266.8,120,39,11,United Kingdom,1,0.5407776246376409,523.8105287714588,283.26501350921615,Medium,UK,Low-cost nurture
17435,1,331.35,331.35,195,15,37,United Kingdom,1,0.5198133806112283,692.3564534469974,359.8961486542842,Medium,UK,Low-cost nurture
17436,3,317.76,105.92,88,4,34,United Kingdom,1,0.6381177297022774,608.5725601085838,388.3409404155923,Medium,UK,Low-cost nurture
17437,1,369.68,369.68,283,52,155,United Kingdom,1,0.4283144081944487,603.170899504568,258.34678686141234,Medium,UK,Low-cost nurture
17438,4,1034.32,258.58000000000004,450,39,70,United Kingdom,1,0.7663926379403201,1249.0031172017964,957.2267937879676,High,UK,Protect loyalty
17439,1,325.74,325.74,370,8,281,United Kingdom,1,0.2750414927423605,610.5512120015967,167.9269167445766,Low,UK,Low-cost nurture
17440,1,137.16,137.16,36,1,175,United Kingdom,1,0.2553565473420654,370.45546470033935,94.59822840987906,Low,UK,Low-cost nurture
17441,1,293.35,293.35,245,21,358,United Kingdom,1,0.2106098235780154,469.69490341320267,98.92236074334762,Low,UK,Low-cost nurture
17442,9,2371.74,263.52666666666664,1638,113,7,United Kingdom,1,0.9247313005274972,2408.709542755728,2227.409108065497,Very High,UK,Protect loyalty
17448,46,14523.67,315.7319565217391,11534,569,123,United Kingdom,1,0.983509763447598,10281.443501065394,10111.900065632668,Very High,UK,Protect loyalty
17449,6,2348.94,391.49,1362,182,13,United Kingdom,1,0.8964374489191264,2199.296828976081,1971.5320387832423,Very High,UK,Protect loyalty
17450,5,50393.46,10078.692,13941,79,33,United Kingdom,1,0.9346935480662296,32389.40278081005,30274.16580494155,Very High,UK,Protect loyalty
17454,6,1030.41,171.735,484,51,88,United Kingdom,1,0.8103915207165464,1189.630614093144,964.066562445902,High,UK,Protect loyalty
17456,1,725.7,725.7,286,43,82,United Kingdom,1,0.53197029452011,1149.0792890668067,611.2760478318278,Medium,UK,Win back now
17457,9,4247.11,471.9011111111111,1869,20,5,United Kingdom,1,0.9238802520455616,4817.188590543252,4450.505409182104,Very High,UK,Protect loyalty
17458,1,213.08,213.08,112,32,7,United Kingdom,1,0.5307011943361779,445.0172890739911,236.1712068118152,Low,UK,Low-cost nurture
17460,10,1535.54,153.554,718,82,12,United Kingdom,1,0.91415433711788,1722.3614471277283,1574.5041869764411,Very High,UK,Protect loyalty
17463,2,659.4,329.7,394,98,186,United Kingdom,1,0.5401344543447223,749.6275480058075,404.8996666038889,Medium,UK,Low-cost nurture
17464,2,617.1800000000001,308.59000000000003,388,28,148,United Kingdom,1,0.5561618167896896,846.1681827285506,470.6064338159408,Medium,UK,Low-cost nurture
17465,7,2542.79,363.2557142857143,1477,103,51,United Kingdom,1,0.890217421681447,2455.89984007216,2186.284823536916,Very High,UK,Protect loyalty
17467,1,102.6,102.6,20,4,21,United Kingdom,1,0.3928702316474997,291.2068036258234,114.4064843978052,Low,UK,Low-cost nurture
17468,1,57.8,57.8,68,3,1,United Kingdom,1,0.4310249251442613,192.61240558117623,83.02074769748259,Low,UK,Low-cost nurture
17469,12,3180.28,265.02333333333337,1517,126,26,United Kingdom,1,0.9374658479349376,3057.0235880721284,2865.8552101491427,Very High,UK,Protect loyalty
17470,6,1501.4,250.2333333333333,1056,58,22,United Kingdom,1,0.8729424025542845,1712.55663766809,1494.9633057962697,High,UK,Protect loyalty
17471,1,321.65000000000003,321.65000000000003,153,19,100,United Kingdom,1,0.4439147209832358,623.2190523352626,276.65611172884473,Medium,UK,Low-cost nurture
17472,1,224.81,224.81,96,48,254,United Kingdom,1,0.2752674280761764,364.6407177899202,100.3737125578822,Low,UK,Low-cost nurture
17473,2,607.0,303.5,270,33,34,United Kingdom,1,0.6669201768545525,889.7073158648353,593.3637604453652,Medium,UK,Low-cost nurture
17474,1,1047.0,1047.0,200,6,225,United Kingdom,1,0.3433511375775255,1729.0474852840005,593.6704209978213,Medium,UK,Win back now
17476,2,489.86,244.93,224,29,21,United Kingdom,1,0.6645829048536988,760.2114041294245,505.2235032592421,Medium,UK,Low-cost nurture
17477,2,1144.3,572.15,225,44,238,United Kingdom,1,0.4678584905407132,1242.327732454173,581.2335776628764,Medium,UK,Win back now
17478,2,1272.8000000000002,636.4000000000001,516,40,34,United Kingdom,1,0.7137558479005832,1634.848012841018,1166.8823295939244,High,UK,Protect loyalty
17479,1,389.2600000000001,389.2600000000001,266,18,258,United Kingdom,1,0.3037419582999734,656.1079771013716,199.28752182100476,Low,UK,Low-cost nurture
17480,1,370.41,370.41,243,24,70,United Kingdom,1,0.5034108691743329,704.7578842580763,354.78277907182206,Medium,UK,Low-cost nurture
17482,2,775.64,387.8200000000001,240,50,113,United Kingdom,1,0.5966051594718864,975.9773966220064,582.2731503526287,Medium,UK,Win back now
17483,1,177.69,177.69,74,7,40,United Kingdom,1,0.4454501507156073,438.36779594202704,195.27100077124456,Low,UK,Low-cost nurture
17484,2,209.57,104.785,339,14,202,United Kingdom,1,0.4378641794022843,355.4477902938264,155.63785501736152,Low,UK,Low-cost nurture
17487,1,160.55,160.55,37,8,354,United Kingdom,1,0.1504992577197384,306.64403224946983,46.14969923773273,Low,UK,Low-cost nurture
17488,1,336.5,336.5,136,18,267,United Kingdom,1,0.271348510905923,570.050007015889,154.68222054567246,Low,UK,Low-cost nurture
17490,2,658.1800000000001,329.09000000000003,397,37,14,United Kingdom,1,0.7026398123656306,960.69202060823,675.0204611013253,High,UK,Grow customer value
17491,7,2094.8,299.25714285714287,1349,52,8,United Kingdom,1,0.8995259014915212,2337.882276662209,2102.9856624956237,Very High,UK,Protect loyalty
17492,2,747.85,373.925,295,23,104,United Kingdom,1,0.5982897751704394,1047.056966123742,626.4434768528158,Medium,UK,Win back now
17493,1,100.91,100.91,62,8,11,United Kingdom,1,0.4525423700046416,274.98915285227474,124.44424295733704,Low,UK,Low-cost nurture
17494,1,54.7,54.7,26,3,127,United Kingdom,1,0.2717994644780502,163.9172966242329,44.55263344115622,Low,UK,Low-cost nurture
17495,1,309.16,309.16,138,21,16,United Kingdom,1,0.5343958756724918,635.5410581630125,339.6305203028451,Medium,UK,Low-cost nurture
17496,3,1141.84,380.6133333333334,596,49,189,United Kingdom,1,0.6260519362309572,1229.77362065575,769.9021563372869,High,UK,Win back now
17497,2,287.25,143.625,59,7,16,United Kingdom,1,0.5829266454676547,559.562128561934,326.1836745333487,Medium,UK,Low-cost nurture
17499,1,718.51,718.51,375,31,187,United Kingdom,1,0.4183457360563119,1095.3687576615025,458.2428491769891,Medium,UK,Win back now
17504,9,6493.14,721.46,3756,160,6,United Kingdom,1,0.943291764012175,5447.815530767165,5138.879522030283,Very High,UK,Protect loyalty
17505,3,1289.64,429.88000000000005,686,47,176,United Kingdom,1,0.6477461924122093,1385.661223036148,897.55678119491,High,UK,Win back now
17508,7,4191.92,598.8457142857143,2602,180,7,Greece,0,0.9315234450448469,4652.228094764757,4333.6595419696905,Very High,Non-UK,Protect loyalty
17510,1,206.08,206.08,208,15,46,United Kingdom,1,0.4940904298018366,462.6694044878731,228.60052491957305,Low,UK,Low-cost nurture
17511,29,81070.49,2795.534137931035,52625,416,6,United Kingdom,1,0.9905983967577284,47540.45817699874,47093.5016512628,Very High,UK,Protect loyalty
17512,8,2542.83,317.85375,2681,64,78,United Kingdom,1,0.893894291665841,2586.3954148733574,2311.9640973459987,Very High,UK,Protect loyalty
17513,2,645.6,322.8,186,12,34,United Kingdom,1,0.6404276318169002,1044.217183113365,668.7455376838068,High,UK,Win back now
17514,1,313.35,313.35,149,41,295,United Kingdom,1,0.2590831388401325,478.50605443876486,123.97285053800256,Low,UK,Low-cost nurture
17515,5,963.49,192.698,284,76,20,United Kingdom,1,0.8258669514934449,1118.9056691175474,924.067213962842,High,UK,Protect loyalty
17516,1,182.62,182.62,108,55,4,United Kingdom,1,0.5369715819188262,367.7992241923271,197.4977312430709,Low,UK,Low-cost nurture
17518,2,329.42,164.71,267,71,51,United Kingdom,1,0.6412530305265758,481.49029625578254,308.75711164315936,Medium,UK,Low-cost nurture
17519,9,2930.15,325.57222222222225,1994,99,68,United Kingdom,1,0.907662475463514,2792.710802116065,2534.8387999023635,Very High,UK,Protect loyalty
17521,2,554.85,277.425,287,29,20,United Kingdom,1,0.6775717907549255,847.9359808027575,574.5375009580586,Medium,UK,Grow customer value
17524,2,394.14,197.07,272,34,64,United Kingdom,1,0.6218803617637834,603.7402952492703,375.4542332209896,Medium,UK,Low-cost nurture
17525,2,739.2,369.6,256,13,23,United Kingdom,1,0.6678313107543142,1175.6132935393252,785.111366764564,High,UK,Win back now
17526,8,2743.34,342.9175,1132,56,1,United Kingdom,1,0.9132591307871364,2929.2747657382465,2675.186926394804,Very High,UK,Protect loyalty
17529,2,1240.25,620.125,790,78,236,United Kingdom,1,0.5287717423888331,1271.823451938946,672.5043026927367,High,UK,Win back now
17530,2,424.57,212.285,227,78,208,United Kingdom,1,0.474857296621805,518.8627207302118,246.38574888378292,Low,UK,Low-cost nurture
17531,2,970.12,485.06,336,43,153,United Kingdom,1,0.5702617955233449,1167.712187280086,665.9016485728342,High,UK,Win back now
17532,1,65.34,65.34,30,4,11,United Kingdom,1,0.4007955381895116,203.08581203670465,81.39588733390502,Low,UK,Low-cost nurture
17533,1,34.8,34.8,24,1,60,United Kingdom,1,0.3066042894138041,129.19429804551731,39.61152594856106,Low,UK,Low-cost nurture
17534,4,1445.47,361.3675,757,69,77,United Kingdom,1,0.7899617053000446,1550.6969334176017,1224.9911939261185,High,UK,Protect loyalty
17536,2,288.33,144.16500000000002,195,13,46,United Kingdom,1,0.6019275882413289,523.4015269918849,315.04981882405406,Medium,UK,Low-cost nurture
17539,4,1176.84,294.21,708,132,243,United Kingdom,1,0.6430262909523983,1060.471620349179,681.9111326934124,High,UK,Win back now
17540,4,1011.7,252.925,394,28,9,United Kingdom,1,0.804496166841993,1333.5704284452677,1072.852297898052,High,UK,Protect loyalty
17541,1,119.86,119.86,44,31,135,United Kingdom,1,0.3379969968444504,245.81881463216632,83.08602111353487,Low,UK,Low-cost nurture
17542,2,170.1,85.05000000000001,189,34,267,United Kingdom,1,0.3561732321004934,253.89192818843196,90.42950866710018,Low,UK,Low-cost nurture
17543,1,120.05,120.05,62,13,175,United Kingdom,1,0.2961186169233343,264.9477628340141,78.45596508733985,Low,UK,Low-cost nurture
17544,3,944.82,314.94,410,80,16,United Kingdom,1,0.7764567919321251,1127.3491890967969,875.3379347533815,High,UK,Protect loyalty
17545,3,767.54,255.84666666666664,345,112,16,United Kingdom,1,0.7710342164226036,907.8641223189912,699.9943021704181,High,UK,Grow customer value
17547,2,727.85,363.925,223,22,1,United Kingdom,1,0.692681035438292,1109.9485312667414,768.8402979210578,High,UK,Protect loyalty
17548,3,627.96,209.32,436,17,4,United Kingdom,1,0.7560735798397836,969.4556063839694,732.979770814476,High,UK,Protect loyalty
17550,6,2239.48,373.2466666666666,882,218,23,United Kingdom,1,0.8866999925242706,2036.7724656060925,1806.0061300265625,Very High,UK,Protect loyalty
17552,8,1856.36,232.045,1232,61,64,United Kingdom,1,0.8839941237600153,1994.7937837577904,1763.3859829548933,Very High,UK,Protect loyalty
17553,3,2270.0,756.6666666666666,1240,2,98,United Kingdom,1,0.7147833526527002,3327.9957319592763,2378.7959469037287,Very High,UK,Protect loyalty
17555,3,565.43,188.47666666666663,391,137,51,United Kingdom,1,0.7396129978879379,669.5711361610626,495.22351531531615,Medium,UK,Grow customer value
17556,1,142.77,142.77,83,8,5,United Kingdom,1,0.4825217168391296,370.8304634387498,178.93375187471565,Low,UK,Low-cost nurture
17557,1,34.0,34.0,4,1,358,United Kingdom,1,0.084204004343411,97.36094454362282,8.198181397229815,Low,UK,Low-cost nurture
17558,1,259.17,259.17,54,28,19,United Kingdom,1,0.4963745630048721,520.794712857376,258.50924800982784,Medium,UK,Low-cost nurture
17559,1,167.62,167.62,270,12,138,United Kingdom,1,0.3903787986080483,373.0033667144228,145.61260617473363,Low,UK,Low-cost nurture
17560,4,1040.85,260.2125,953,21,21,United Kingdom,1,0.8131819152578046,1419.8797072484722,1154.6204997760035,High,UK,Protect loyalty
17561,3,537.9,179.29999999999998,237,129,16,United Kingdom,1,0.7534403203726999,659.11097908007,496.6007872392519,Medium,UK,Grow customer value
17563,2,392.38,196.19,256,27,204,United Kingdom,1,0.4609836866641627,552.916040088807,254.88527457588825,Medium,UK,Low-cost nurture
17565,1,131.83,131.83,67,30,212,United Kingdom,1,0.2796534643268433,253.2822273487501,70.8312523304971,Low,UK,Low-cost nurture
17567,1,506.6,506.6,276,31,67,United Kingdom,1,0.52784910936887,893.3509254695444,471.5544903629548,Medium,UK,Low-cost nurture
17568,1,374.45,374.45,275,61,259,United Kingdom,1,0.321873077606876,551.168481755611,177.4062955025878,Low,UK,Low-cost nurture
17570,1,100.0,100.0,1,1,7,United Kingdom,1,0.313492534612548,308.74846990835164,96.79034038931518,Low,UK,Low-cost nurture
17571,1,205.24,205.24,115,53,168,United Kingdom,1,0.3628044298503849,358.44259438044804,130.04456108829123,Low,UK,Low-cost nurture
17572,6,425.46,70.91000000000001,232,13,14,United Kingdom,1,0.8091095730303566,698.2027156519671,564.9225011497986,Medium,UK,Grow customer value
17575,1,171.7,171.7,72,5,293,United Kingdom,1,0.2003415955038696,361.3025627365332,72.38393187827403,Low,UK,Low-cost nurture
17576,22,5147.12,233.96,2616,229,7,United Kingdom,1,0.9710816692651688,4655.554942410201,4520.924064831404,Very High,UK,Protect loyalty
17577,2,348.75,174.375,179,20,271,United Kingdom,1,0.3664084322971939,489.0323590695212,179.1855800292617,Low,UK,Low-cost nurture
17578,6,903.87,150.645,391,52,100,United Kingdom,1,0.7940764352007987,1050.2532613490682,833.9813658300809,High,UK,Protect loyalty
17579,1,304.38,304.38,117,43,204,United Kingdom,1,0.3366786824100037,496.7275117632464,167.23756417724942,Low,UK,Low-cost nurture
17580,2,325.3,162.65,135,39,2,United Kingdom,1,0.6584515462989682,525.0130909755369,345.6956815800432,Medium,UK,Low-cost nurture
17581,18,6925.93,384.7738888888889,3604,238,19,United Kingdom,1,0.9670370548431456,5777.193821674378,5586.760498570008,Very High,UK,Protect loyalty
17582,4,1271.68,317.92,480,78,72,United Kingdom,1,0.7810004146828728,1367.714217962828,1068.1853713966298,High,UK,Protect loyalty
17583,1,135.95,135.95,55,7,186,United Kingdom,1,0.2776974620498185,310.9813066731619,86.35871960807334,Low,UK,Low-cost nurture
17584,4,4067.12,1016.78,2006,73,93,United Kingdom,1,0.825521495459098,3677.536620813631,3035.8855308196667,Very High,UK,Protect loyalty
17585,3,948.03,316.01,860,147,71,United Kingdom,1,0.7597258209515331,1020.5430251370756,775.3328875886259,High,UK,Protect loyalty
17586,1,167.4,167.4,68,8,245,United Kingdom,1,0.240476542241766,349.55183661125244,84.05901700253274,Low,UK,Low-cost nurture
17587,1,176.71,176.71,67,42,254,United Kingdom,1,0.2562819464367914,300.97796469446547,77.1352186264815,Low,UK,Low-cost nurture
17588,4,1699.35,424.8375,703,29,22,United Kingdom,1,0.8206520723687482,2048.671617460117,1681.2466084716807,Very High,UK,Protect loyalty
17589,14,11433.77,816.6978571428571,7073,526,11,United Kingdom,1,0.968642943678478,7927.31670371626,7678.739387359286,Very High,UK,Protect loyalty
17591,1,135.65,135.65,28,19,317,United Kingdom,1,0.17245464470781,248.01421049128317,42.77120255276223,Low,UK,Low-cost nurture
17592,1,148.3,148.3,38,13,364,United Kingdom,1,0.1480281255292562,270.14867062206025,39.98960132640402,Low,UK,Low-cost nurture
17593,6,4168.46,694.7433333333333,2506,146,35,United Kingdom,1,0.90182523368939,3624.0309022686665,3268.242515336012,Very High,UK,Protect loyalty
17594,2,1504.7,752.35,818,46,75,United Kingdom,1,0.6967312537274095,1806.1895757397535,1258.4287275745364,High,UK,Protect loyalty
17596,6,1684.77,280.795,2634,148,65,United Kingdom,1,0.8758473791727692,1658.035206978075,1452.185790607927,High,UK,Protect loyalty
17597,4,1439.72,359.92999999999995,1039,62,44,United Kingdom,1,0.8189788268269854,1615.0183416242946,1322.6658267275284,High,UK,Protect loyalty
17598,1,409.98,409.98,126,10,7,United Kingdom,1,0.5387172627363628,879.2789416655019,473.6827446357652,Medium,UK,Low-cost nurture
17599,1,52.05,52.05,11,3,103,United Kingdom,1,0.2685841924816229,158.0620367152567,42.452964493167855,Low,UK,Low-cost nurture
17601,1,297.07,297.07,192,60,6,United Kingdom,1,0.5747635386859553,551.4548976624319,316.9561684061607,Medium,UK,Low-cost nurture
17602,8,2300.01,287.50125,1764,210,98,United Kingdom,1,0.8865206768305646,2019.0782708074184,1789.9546352100783,Very High,UK,Protect loyalty
17603,3,1393.66,464.5533333333333,564,93,243,United Kingdom,1,0.5850684468179446,1290.1490553863523,754.8255039985315,High,UK,Win back now
17604,4,633.02,158.255,445,106,48,United Kingdom,1,0.7833407416444247,749.6382847606138,587.2222099494337,Medium,UK,Grow customer value
17605,1,160.75,160.75,71,13,216,United Kingdom,1,0.2716112591167977,328.1100762158856,89.11839092990515,Low,UK,Low-cost nurture
17606,1,87.30000000000001,87.30000000000001,42,6,363,United Kingdom,1,0.1342267081152684,189.16166259316464,25.39054727149161,Low,UK,Low-cost nurture
17607,1,333.81,333.81,269,22,2,United Kingdom,1,0.5771120731244863,689.4445224914119,397.8867576793403,Medium,UK,Low-cost nurture
17608,2,296.07,148.035,299,90,75,United Kingdom,1,0.6203519309854735,421.1041241100595,261.23275653762187,Medium,UK,Low-cost nurture
17609,6,782.12,130.35333333333332,602,143,28,United Kingdom,1,0.856716660360179,880.638138467025,754.4573649732746,High,UK,Grow customer value
17610,5,1511.94,302.38800000000003,893,114,166,United Kingdom,1,0.7623115957160789,1413.5605390599123,1077.5735901720425,High,UK,Protect loyalty
17611,13,4376.41,336.6469230769231,2791,403,47,United Kingdom,1,0.9481310402919356,3480.88400663945,3300.3341743506226,Very High,UK,Protect loyalty
17612,12,3346.41,278.8675,1713,130,5,United Kingdom,1,0.9442313134728608,3237.592141559966,3057.035880314579,Very High,UK,Protect loyalty
17615,3,392.2,130.73333333333332,238,35,13,United Kingdom,1,0.7281802521460243,592.0707861849745,431.1342543724696,Medium,UK,Grow customer value
17616,1,163.2,163.2,64,1,77,United Kingdom,1,0.3719702997338433,467.1085769314322,173.75051736943385,Low,UK,Low-cost nurture
17617,1,385.19,385.19,249,18,184,United Kingdom,1,0.3754616218091627,688.4477568747824,258.485711327086,Medium,UK,Low-cost nurture
17618,8,3071.36,383.92,1479,175,9,United Kingdom,1,0.9212563418564818,2808.7588742375888,2587.586925637051,Very High,UK,Protect loyalty
17621,3,1795.22,598.4066666666666,596,40,30,United Kingdom,1,0.7827402963002199,2083.031881384493,1630.4729920377024,Very High,UK,Protect loyalty
17622,2,1130.21,565.105,379,19,223,United Kingdom,1,0.4873989426256895,1383.2337635674985,674.1866737669517,High,UK,Win back now
17623,6,1838.72,306.4533333333334,534,108,35,United Kingdom,1,0.8639681528660664,1843.8532170618591,1593.0304581010887,Very High,UK,Protect loyalty
17624,2,725.15,362.575,404,46,63,United Kingdom,1,0.6623135420127249,977.6457662503946,647.5080302790433,High,UK,Win back now
17625,4,3958.5,989.625,2325,304,72,United Kingdom,1,0.8548494978588743,3093.373336591026,2644.3686434748693,Very High,UK,Protect loyalty
17626,1,254.0,254.0,202,18,228,United Kingdom,1,0.3102343329332879,467.7073250948525,145.09887000881398,Low,UK,Low-cost nurture
17627,1,296.36,296.36,676,10,104,United Kingdom,1,0.4779212763688513,639.4553364844834,305.6093105935376,Medium,UK,Low-cost nurture
17629,2,641.4,320.7,274,29,14,United Kingdom,1,0.6867340675604511,960.9339064168544,659.9060502104003,High,UK,Grow customer value
17631,4,470.16,117.54,257,28,0,United Kingdom,1,0.7819748538099439,703.6050710363468,550.2014725635825,Medium,UK,Grow customer value
17633,3,732.55,244.1833333333333,255,29,5,United Kingdom,1,0.7525450170012576,1026.7734291187974,772.693227672645,High,UK,Protect loyalty
17635,3,1265.58,421.86,770,60,50,United Kingdom,1,0.7695763995369685,1466.002685349535,1128.2010683028227,High,UK,Protect loyalty
17638,2,842.4000000000001,421.2000000000001,432,2,273,United Kingdom,1,0.3906206570294729,1307.9544189435635,510.9140144923373,Medium,UK,Win back now
17639,5,506.67,101.334,527,54,13,United Kingdom,1,0.8253594468663676,693.1863616380938,572.127912016927,Medium,UK,Grow customer value
17640,5,2547.28,509.456,1442,47,5,United Kingdom,1,0.8774741525819008,2776.9418687578404,2436.694713057486,Very High,UK,Protect loyalty
17642,3,1112.2,370.73333333333335,1001,58,55,United Kingdom,1,0.7683460825140958,1321.9444116111977,1015.710809962865,High,UK,Protect loyalty
17643,1,338.15000000000003,338.15000000000003,155,23,131,United Kingdom,1,0.415575383569245,620.689860452021,257.9434268348897,Medium,UK,Low-cost nurture
17644,9,3132.96,348.1066666666667,1676,89,20,United Kingdom,1,0.9225720050725772,3096.093509495912,2856.3691969478355,Very High,UK,Protect loyalty
17646,9,2890.4,321.1555555555556,985,98,43,United Kingdom,1,0.9083298670412832,2784.674079990758,2529.402636831313,Very High,UK,Protect loyalty
17647,2,198.6,99.3,52,5,295,United Kingdom,1,0.2666692211231696,341.37734952861206,91.034831907887,Low,UK,Low-cost nurture
17648,1,418.87,418.87,467,34,11,United Kingdom,1,0.6025018138241905,794.8187358695253,478.8797300228392,Medium,UK,Low-cost nurture
17649,2,710.4,355.2,324,45,95,United Kingdom,1,0.6210021799546982,935.98854939619,581.2509295876697,Medium,UK,Low-cost nurture
17651,6,1758.52,293.08666666666664,974,84,124,United Kingdom,1,0.8190903031290169,1724.6330593511143,1412.630215370228,High,UK,Protect loyalty
17655,2,337.44,168.72,152,20,8,United Kingdom,1,0.6463361312850984,583.1828791964385,376.9321659715309,Medium,UK,Low-cost nurture
17657,1,126.0,126.0,60,7,56,United Kingdom,1,0.407982475429659,323.75296923390295,132.08553781574994,Low,UK,Low-cost nurture
17659,2,587.53,293.765,227,34,11,United Kingdom,1,0.6834842036303183,875.8500323186252,598.629661838884,Medium,UK,Grow customer value
17660,1,163.47,163.47,138,42,363,United Kingdom,1,0.188000562082419,262.0952968425023,49.27406312554889,Low,UK,Low-cost nurture
17662,2,412.92,206.46,184,14,287,United Kingdom,1,0.3508260911910484,579.2298949401684,203.20895994286093,Low,UK,Low-cost nurture
17663,10,3372.92,337.29200000000003,1500,112,43,United Kingdom,1,0.9224050896393824,3164.664686081332,2919.102813443438,Very High,UK,Protect loyalty
17664,2,561.59,280.795,454,31,100,United Kingdom,1,0.6121717574425258,804.6367185627489,492.57587410534506,Medium,UK,Low-cost nurture
17665,1,563.1,563.1,690,19,119,United Kingdom,1,0.4974987599779572,1007.1565369402996,501.0591282314927,Medium,UK,Win back now
17666,3,1319.64,439.88,956,17,103,United Kingdom,1,0.7135927088566155,1691.687397532584,1207.1757925438749,High,UK,Protect loyalty
17667,4,1895.19,473.7975,1159,83,61,United Kingdom,1,0.8194415513032645,1941.430453550312,1590.8887826046682,Very High,UK,Protect loyalty
17669,3,2735.63,911.8766666666668,1589,56,88,United Kingdom,1,0.7775504776679225,2769.504536735096,2153.429575441852,Very High,UK,Protect loyalty
17671,1,436.45,436.45,215,22,1,United Kingdom,1,0.5802861353476237,860.1904967066519,499.1566189966559,Medium,UK,Low-cost nurture
17672,5,2600.46,520.092,1068,93,43,United Kingdom,1,0.859306592407564,2517.5132602797958,2163.315741031888,Very High,UK,Protect loyalty
17673,7,2578.91,368.4157142857143,1822,151,1,United Kingdom,1,0.9151537160200328,2478.7213442452385,2268.411049164201,Very High,UK,Protect loyalty
17675,39,17268.2,442.774358974359,7820,173,6,United Kingdom,1,0.9872019978460312,14559.914863735676,14373.577041947983,Very High,UK,Protect loyalty
17676,4,1077.46,269.365,842,53,42,United Kingdom,1,0.8072851086361034,1288.4310607563805,1040.1312088528446,High,UK,Protect loyalty
17677,24,18713.08,779.7116666666667,11149,231,25,United Kingdom,1,0.980447547760528,13985.222457397149,13711.7770632405,Very High,UK,Protect loyalty
17678,1,301.65,301.65,161,12,229,United Kingdom,1,0.3017927178654808,562.5132156980252,169.76239220075846,Low,UK,Low-cost nurture
17679,5,1585.5,317.1,1026,41,147,United Kingdom,1,0.7687203755570451,1688.1001281691315,1297.6769645040708,High,UK,Protect loyalty
17680,2,313.05,156.525,59,9,9,United Kingdom,1,0.5977744388619115,588.5439057901436,351.8165030293008,Medium,UK,Low-cost nurture
17681,5,731.2,146.24,450,12,223,United Kingdom,1,0.6307050230560877,945.5007000364388,596.3320408160292,Medium,UK,Low-cost nurture
17682,5,1590.95,318.19,914,53,67,United Kingdom,1,0.8267508908564061,1745.627537250536,1443.199121525355,High,UK,Protect loyalty
17683,3,819.01,273.00333333333333,781,41,11,United Kingdom,1,0.7838581675896295,1098.6871230482104,861.214875026892,High,UK,Protect loyalty
17685,5,2299.12,459.824,1567,55,18,United Kingdom,1,0.871974845143831,2480.4145041330385,2162.859053133918,Very High,UK,Protect loyalty
17686,2,2557.35,1278.6750000000002,1105,127,49,United Kingdom,1,0.759181973650983,2563.089855447599,1945.851615103521,Very High,UK,Protect loyalty
17687,1,432.68,432.68,210,26,46,United Kingdom,1,0.5323894786565394,808.3537883814728,430.35905196645086,Medium,UK,Low-cost nurture
17688,1,304.2,304.2,114,19,19,United Kingdom,1,0.5218430000362746,630.6184560906476,329.08382700458725,Medium,UK,Low-cost nurture
17689,2,317.08,158.54000000000002,300,17,14,United Kingdom,1,0.657487036133766,567.9962440603775,373.4501670423688,Medium,UK,Low-cost nurture
17690,5,2237.0,447.4,1170,92,8,United Kingdom,1,0.8760823653609343,2287.8536663719005,2004.3482516347808,Very High,UK,Protect loyalty
17691,2,347.15,173.575,181,23,25,United Kingdom,1,0.6378766257572422,581.6512345802684,371.0217268815957,Medium,UK,Low-cost nurture
17692,8,2234.86,279.3575,1666,67,22,United Kingdom,1,0.908683951705265,2393.1714314048827,2174.636473397134,Very High,UK,Protect loyalty
17694,2,1412.85,706.425,1309,45,137,United Kingdom,1,0.647969284845535,1649.7558466514715,1068.991116124494,High,UK,Win back now
17695,3,980.7,326.9,1030,20,20,United Kingdom,1,0.7794229078106849,1384.5695847133145,1079.165251783484,High,UK,Protect loyalty
17696,19,5393.88,283.8884210526316,4135,155,8,United Kingdom,1,0.9684625160057004,5018.863905596357,4860.581565504043,Very High,UK,Protect loyalty
17699,2,442.0,221.0,208,17,102,United Kingdom,1,0.5635607068430819,695.0678391902493,391.7129227579505,Medium,UK,Low-cost nurture
17700,10,4145.33,414.533,2203,173,7,United Kingdom,1,0.9402646137352632,3697.708403479268,3476.8243637030705,Very High,UK,Protect loyalty
17702,2,1319.67,659.835,800,69,9,United Kingdom,1,0.7567303040649246,1624.27705571373,1229.1396702559314,High,UK,Protect loyalty
17703,1,296.1,296.1,307,23,44,United Kingdom,1,0.531624076470225,601.7488161549553,319.90415865542934,Medium,UK,Low-cost nurture
17705,2,260.38,130.19,338,16,81,United Kingdom,1,0.5828807622148391,461.3557966972449,268.91541843112446,Medium,UK,Low-cost nurture
17706,14,9767.66,697.6899999999999,3925,254,9,United Kingdom,1,0.9635854253109962,7512.753574185993,7239.179848038717,Very High,UK,Protect loyalty
17707,6,456.9,76.15,402,9,2,United Kingdom,1,0.8266461873570203,785.8441678517712,649.615085211417,High,UK,Grow customer value
17708,2,620.85,310.425,297,37,28,United Kingdom,1,0.6784619083466861,900.3714727992508,610.867747656296,Medium,UK,Grow customer value
17709,4,533.5600000000001,133.39,278,31,96,United Kingdom,1,0.707826474936639,717.5166080321743,507.877251371908,Medium,UK,Grow customer value
17710,1,293.5,293.5,158,20,49,United Kingdom,1,0.4994442519474404,597.6514229692306,298.4935678701907,Medium,UK,Low-cost nurture
17713,4,1198.09,299.52250000000004,989,55,8,United Kingdom,1,0.8357401044009366,1443.7010691888229,1206.558882287611,High,UK,Protect loyalty
17714,4,1257.18,314.295,516,60,50,United Kingdom,1,0.7956110069586592,1423.3134573315176,1132.4038530053392,High,UK,Protect loyalty
17715,1,163.2,163.2,192,1,218,United Kingdom,1,0.2690378681693525,426.1638720118635,114.65421961686852,Low,UK,Low-cost nurture
17716,13,10300.98,792.3830769230769,5747,208,22,United Kingdom,1,0.960893145181954,7958.736853425556,7647.495686763611,Very High,UK,Protect loyalty
17717,1,376.92,376.92,344,26,47,United Kingdom,1,0.5436381877825872,725.8181581997462,394.5824681834053,Medium,UK,Low-cost nurture
17718,1,299.83,299.83,191,17,270,United Kingdom,1,0.2740188273160842,522.7809684950033,143.2518279301676,Low,UK,Low-cost nurture
17720,6,1470.97,245.16166666666663,1013,62,5,United Kingdom,1,0.8807283004485964,1691.5498472003526,1489.7958220488497,High,UK,Protect loyalty
17721,1,307.21000000000004,307.21000000000004,107,11,285,United Kingdom,1,0.2402363748573635,547.995877557616,131.64854306122135,Low,UK,Low-cost nurture
17722,1,1096.18,1096.18,817,59,1,United Kingdom,1,0.6743122151952299,1697.3686881248595,1144.5564400924952,High,UK,Protect loyalty
17723,1,102.0,102.0,120,2,1,United Kingdom,1,0.4666081914849945,322.6878272438088,150.56878348445596,Low,UK,Low-cost nurture
17726,7,1092.06,156.00857142857146,444,52,21,United Kingdom,1,0.8670495959028767,1318.0172607672018,1142.7863333412188,High,UK,Protect loyalty
17728,2,1362.75,681.375,677,79,30,United Kingdom,1,0.7372609571383534,1610.6280727785238,1187.453194530596,High,UK,Protect loyalty
17729,1,438.65,438.65,247,23,222,United Kingdom,1,0.3445897500622861,724.3849959765612,249.61564471243327,Medium,UK,Low-cost nurture
17730,7,2475.32,353.6171428571429,1724,75,8,United Kingdom,1,0.907205213290299,2585.468466205729,2345.5504713395103,Very High,UK,Protect loyalty
17731,2,468.88,234.44,214,30,247,United Kingdom,1,0.4158075725456726,610.9330568466767,254.030591355324,Medium,UK,Low-cost nurture
17732,7,1862.45,266.06428571428575,965,82,12,United Kingdom,1,0.8949368088653891,1990.5893722863816,1781.4517005953323,Very High,UK,Protect loyalty
17734,3,741.69,247.23,319,40,151,United Kingdom,1,0.6260813685407267,894.7525269936227,560.1878866054408,Medium,UK,Low-cost nurture
17735,7,3680.31,525.7585714285714,2244,134,11,United Kingdom,1,0.9174632322333944,3370.7958658154694,3092.5812702500243,Very High,UK,Protect loyalty
17738,9,2304.51,256.0566666666667,1747,103,21,United Kingdom,1,0.920089977422134,2354.204422547207,2166.079893988548,Very High,UK,Protect loyalty
17739,11,4939.24,449.02181818181816,1474,44,0,United Kingdom,1,0.939008026708265,5062.515950641648,4753.74311299113,Very High,UK,Protect loyalty
17740,6,426.9,71.15,222,5,15,United Kingdom,1,0.7973025968266023,773.6912332146301,616.866029384001,Medium,UK,Grow customer value
17741,2,101.1,50.55,114,6,32,United Kingdom,1,0.5468700772651477,238.6594484923606,130.5157110370748,Low,UK,Low-cost nurture
17742,9,1743.37,193.70777777777772,564,46,54,United Kingdom,1,0.8839627676085116,1959.655124880696,1732.2621677477434,Very High,UK,Protect loyalty
17743,1,229.2,229.2,96,3,74,United Kingdom,1,0.4136717759567134,576.2562246813428,238.38093587004195,Low,UK,Low-cost nurture
17744,1,326.74,326.74,414,15,6,United Kingdom,1,0.5802757972961257,710.3548837852217,412.2017465516662,Medium,UK,Low-cost nurture
17745,2,600.34,300.17,164,27,103,United Kingdom,1,0.5737714232000429,847.376468765264,486.2004024696722,Medium,UK,Low-cost nurture
17746,3,793.9300000000001,264.6433333333334,659,28,97,United Kingdom,1,0.6996244263286231,1042.9465442737478,729.6708777289407,High,UK,Protect loyalty
17748,1,358.15,358.15,111,17,153,United Kingdom,1,0.3774537232661639,658.7395551868086,248.6436977679576,Low,UK,Low-cost nurture
17749,1,351.66,351.66,126,22,172,United Kingdom,1,0.3654906362437776,622.0117862435342,227.33948350527788,Low,UK,Low-cost nurture
17751,1,157.86,157.86,147,31,47,United Kingdom,1,0.483701247596517,338.47426344767536,163.72042350895276,Low,UK,Low-cost nurture
17753,4,382.06,95.515,124,63,90,United Kingdom,1,0.6896029087109086,495.5374493001371,341.7240664125589,Medium,UK,Grow customer value
17754,8,2786.57,348.32125,2550,117,0,United Kingdom,1,0.9264157403512306,2761.358982708341,2558.166426341269,Very High,UK,Protect loyalty
17756,3,728.75,242.91666666666663,399,54,1,United Kingdom,1,0.7754922646577317,961.2296648914358,745.4261696828521,High,UK,Grow customer value
17757,26,3480.66,133.87153846153845,1693,241,4,United Kingdom,1,0.97224266407953,3394.141272321904,3299.928952864534,Very High,UK,Protect loyalty
17758,4,1555.83,388.9575,1145,121,53,United Kingdom,1,0.8242042093620444,1583.752246057672,1305.3352677873256,High,UK,Protect loyalty
17759,2,441.92,220.96,268,41,19,United Kingdom,1,0.6744481137858419,673.1347428432562,453.9944576343519,Medium,UK,Grow customer value
17760,4,458.8,114.7,292,37,42,United Kingdom,1,0.754737925649926,647.2768673556986,488.5244001892223,Medium,UK,Grow customer value
17762,1,129.75,129.75,129,16,82,United Kingdom,1,0.4210616076809441,300.9141339669329,126.70338902203576,Low,UK,Low-cost nurture
17763,3,71.15,23.71666666666667,29,11,279,United Kingdom,1,0.2996629185065226,129.31372212568849,38.750527375125294,Low,UK,Low-cost nurture
17764,3,741.02,247.00666666666663,323,66,28,United Kingdom,1,0.7513508041309913,928.6245772775102,697.7228228732591,High,UK,Grow customer value
17765,1,156.37,156.37,52,22,74,United Kingdom,1,0.4108810510284792,335.95969789164565,138.0394737729297,Low,UK,Low-cost nurture
17766,2,299.61,149.805,155,21,7,United Kingdom,1,0.6446817981217197,525.7656964193676,338.95157455835607,Medium,UK,Low-cost nurture
17767,1,141.85,141.85,70,18,36,United Kingdom,1,0.4558150183522393,328.15660752556664,149.57871008167476,Low,UK,Low-cost nurture
17768,4,1210.83,302.7075,1217,69,13,United Kingdom,1,0.8392701882248008,1417.715665413088,1189.8464933604912,High,UK,Protect loyalty
17769,7,3095.95,442.2785714285714,1307,195,9,United Kingdom,1,0.9122812369660398,2767.931437683525,2525.1319158071155,Very High,UK,Protect loyalty
17771,2,141.6,70.8,86,14,62,United Kingdom,1,0.5305865354620001,279.73685585826803,148.42460919087134,Low,UK,Low-cost nurture
17772,1,187.3,187.3,58,45,18,United Kingdom,1,0.4965199416834142,376.36499688960265,186.87272630730388,Low,UK,Low-cost nurture
17773,2,575.37,287.685,254,48,140,United Kingdom,1,0.5572589829822583,748.599334353884,417.1637037232409,Medium,UK,Low-cost nurture
17774,5,2060.1,412.02,1077,205,23,United Kingdom,1,0.8726599103631784,1916.3172044342352,1672.2931998489962,Very High,UK,Protect loyalty
17776,2,330.56,165.28,273,74,12,United Kingdom,1,0.6818845334730438,495.6555469040218,337.9798513639753,Medium,UK,Grow customer value
17778,1,197.7,197.7,214,10,287,United Kingdom,1,0.2432948632074284,387.0112271144389,94.15784356054644,Low,UK,Low-cost nurture
17780,3,346.56,115.52,156,76,293,United Kingdom,1,0.4277282261314332,388.5293643640249,166.18497581939766,Low,UK,Low-cost nurture
17782,2,679.02,339.51,538,29,8,United Kingdom,1,0.714453440212075,1024.5339251369485,731.9817874280734,High,UK,Protect loyalty
17783,1,93.49,93.49,84,24,138,United Kingdom,1,0.3428859123668186,207.64015323519837,71.196883386037,Low,UK,Low-cost nurture
17784,1,112.86,112.86,72,19,176,United Kingdom,1,0.3033628998190324,241.53152766234163,73.2717046293688,Low,UK,Low-cost nurture
17785,2,271.44,135.72,160,38,71,United Kingdom,1,0.5846623609911931,430.197440330847,251.52025115620089,Medium,UK,Low-cost nurture
17789,1,171.25,171.25,125,13,287,United Kingdom,1,0.228852242790628,330.361040328176,75.6038650097482,Low,UK,Low-cost nurture
17790,6,815.11,135.85166666666666,552,87,4,United Kingdom,1,0.8643938142682334,983.6706156632268,850.2787954567181,High,UK,Protect loyalty
17792,2,368.35,184.175,149,45,93,United Kingdom,1,0.5724929147993817,534.1707584729415,305.8089745187708,Medium,UK,Low-cost nurture
17794,2,147.3,73.65,46,7,312,United Kingdom,1,0.2444402966310035,253.3254924080766,61.92295850842528,Low,UK,Low-cost nurture
17796,3,546.39,182.13,171,111,4,United Kingdom,1,0.7531025196711445,682.3626383986993,513.8890223075106,Medium,UK,Grow customer value
17797,5,1191.44,238.288,588,131,21,United Kingdom,1,0.84937629830796,1267.4345885568798,1076.5288991759148,High,UK,Protect loyalty
17798,1,178.07,178.07,138,43,207,United Kingdom,1,0.3210221586250782,317.38117484533365,101.8863898558124,Low,UK,Low-cost nurture
17799,10,3207.76,320.776,1921,308,15,United Kingdom,1,0.9373442799279044,2762.2610181112555,2589.1895649944145,Very High,UK,Protect loyalty
17801,3,770.03,256.6766666666667,820,66,77,United Kingdom,1,0.7360568102749696,937.8141600841972,690.284499302274,High,UK,Grow customer value
17802,7,3661.18,523.0257142857143,1953,244,2,United Kingdom,1,0.9222494685753506,3139.822095082909,2895.699258611357,Very High,UK,Protect loyalty
17803,1,184.66,184.66,98,27,18,United Kingdom,1,0.5051321125333357,398.30361852495867,201.19594825518425,Low,UK,Low-cost nurture
17804,3,383.78,127.92666666666666,194,82,2,United Kingdom,1,0.7437836311346033,528.7998301011447,393.3126577759907,Medium,UK,Grow customer value
17805,1,414.72,414.72,648,1,236,United Kingdom,1,0.3175676753542958,935.9112081078996,297.2151466968563,Medium,UK,Low-cost nurture
17807,3,437.87,145.95666666666668,262,88,21,United Kingdom,1,0.7405608085493108,579.6582530040948,429.27218452699344,Medium,UK,Grow customer value
17808,4,262.64,65.66,143,29,174,United Kingdom,1,0.5810891424746691,373.1834992403727,216.85287955928453,Low,UK,Low-cost nurture
17809,8,4673.9800000000005,584.2475000000001,938,27,35,United Kingdom,1,0.9003954703780935,4832.953265637199,4351.569228928748,Very High,UK,Protect loyalty
17810,2,373.16,186.58,118,51,294,United Kingdom,1,0.3472888935534387,452.6172692862533,157.18895065360172,Low,UK,Low-cost nurture
17811,8,1757.98,219.7475,1132,253,0,United Kingdom,1,0.91717230718471,1690.6723861232815,1550.637893074169,High,UK,Protect loyalty
17812,3,212.18,70.72666666666667,115,53,0,United Kingdom,1,0.7062444926516429,337.67220878691785,238.47913777727643,Low,UK,Grow customer value
17814,2,1609.37,804.685,1435,112,1,United Kingdom,1,0.7893656723596557,1841.1542614922776,1453.343971540697,High,UK,Protect loyalty
17815,1,591.96,591.96,612,13,19,United Kingdom,1,0.599051351103632,1182.9143728306522,708.6264532841076,High,UK,Win back now
17816,2,59.55,29.775,50,28,284,United Kingdom,1,0.2629912371334124,105.21700690821947,27.671150814267435,Low,UK,Low-cost nurture
17817,3,400.47,133.49,286,87,4,United Kingdom,1,0.7545825854092579,546.8840813555701,412.669204028453,Medium,UK,Grow customer value
17818,1,124.78,124.78,86,42,363,United Kingdom,1,0.1720627382478247,207.43425190840745,35.69170538974965,Low,UK,Low-cost nurture
17819,5,2316.18,463.236,579,34,69,United Kingdom,1,0.8194191191943542,2493.130101001086,2042.9184713992413,Very High,UK,Protect loyalty
17820,1,180.61,180.61,111,39,0,United Kingdom,1,0.5356207496850446,380.7833507804342,203.95546381259948,Low,UK,Low-cost nurture
17821,1,334.62,334.62,162,6,32,United Kingdom,1,0.5034579503638084,771.2226450171929,388.2781721345109,Medium,UK,Low-cost nurture
17822,5,2162.93,432.586,1375,152,46,United Kingdom,1,0.863116653280669,2039.975345658758,1760.7366931200631,Very High,UK,Protect loyalty
17823,2,449.25,224.625,252,88,47,United Kingdom,1,0.6578350712713255,609.567300415555,400.9947485135361,Medium,UK,Low-cost nurture
17825,4,701.96,175.49,516,24,224,United Kingdom,1,0.6041116408089414,849.2371780100941,513.0340650436331,Medium,UK,Low-cost nurture
17826,1,133.34,133.34,84,33,0,United Kingdom,1,0.511240734144653,299.91821391385633,153.330407864673,Low,UK,Low-cost nurture
17827,1,388.84,388.84,342,65,247,United Kingdom,1,0.3430574953639335,572.110426421275,196.26676995967455,Low,UK,Low-cost nurture
17829,4,3867.5,966.875,2513,121,35,United Arab Emirates,0,0.8805501691763348,4447.454214665517,3916.206561127724,Very High,Non-UK,Protect loyalty
17833,1,338.46000000000004,338.46000000000004,143,28,349,United Kingdom,1,0.2116212492249572,511.0449338344042,108.14796730812222,Low,UK,Low-cost nurture
17834,2,689.6700000000001,344.83500000000004,639,54,40,United Kingdom,1,0.6998957718107489,944.2394907279452,660.8692271372238,High,UK,Grow customer value
17838,8,2883.84,360.48,1660,75,106,United Kingdom,1,0.877378025799698,2735.941544361609,2400.454990895366,Very High,UK,Protect loyalty
17840,1,175.9,175.9,128,44,69,United Kingdom,1,0.4647290707190821,348.728662413918,162.0643472167286,Low,UK,Low-cost nurture
17841,87,28025.41,322.13114942528733,13750,1493,2,United Kingdom,1,0.9955145793760094,19253.98661887715,19167.6243902028,Very High,UK,Protect loyalty
17842,1,430.69,430.69,89,18,228,United Kingdom,1,0.3023869976662808,717.3712516803877,216.92373900773435,Low,UK,Low-cost nurture
17843,1,114.92,114.92,138,22,37,United Kingdom,1,0.4744329446794307,272.0201095005642,129.05530156237387,Low,UK,Low-cost nurture
17845,4,596.09,149.02249999999998,195,42,181,United Kingdom,1,0.6206785334610765,706.2279748427031,438.340543714555,Medium,UK,Low-cost nurture
17847,2,129.69,64.845,29,9,141,United Kingdom,1,0.3944243008212048,251.88203932801625,99.34839725137202,Low,UK,Low-cost nurture
17848,21,2657.91,126.56714285714284,1006,76,43,United Kingdom,1,0.952147133171844,2908.379524566669,2769.205226491844,Very High,UK,Protect loyalty
17849,4,457.96,114.49,110,18,106,United Kingdom,1,0.6558164969005978,656.6209275657518,430.62283650779256,Medium,UK,Low-cost nurture
17850,121,45817.66,378.658347107438,19319,91,64,United Kingdom,1,0.9952002011927844,40870.95616298189,40674.78379634105,Very High,UK,Protect loyalty
17851,6,1552.35,258.725,933,185,48,United Kingdom,1,0.868220467348092,1500.7943839837403,1303.0204014557548,High,UK,Protect loyalty
17852,3,543.47,181.15666666666667,319,62,14,United Kingdom,1,0.7530613557467751,729.914692782119,549.6705481259934,Medium,UK,Grow customer value
17853,3,1596.29,532.0966666666667,625,84,33,United Kingdom,1,0.7879634121890968,1727.7319340512506,1361.389550103091,High,UK,Protect loyalty
17854,4,757.24,189.31,523,98,88,United Kingdom,1,0.7595894420829574,853.8834248191342,648.600834262251,High,UK,Grow customer value
17857,1,468.0,468.0,650,2,267,United Kingdom,1,0.2985209139389176,962.858739754624,287.43347098562487,Medium,UK,Low-cost nurture
17858,18,7377.99,409.8883333333333,2689,101,4,United Kingdom,1,0.9660683261439276,6788.528198445722,6558.182073653311,Very High,UK,Protect loyalty
17860,3,490.94,163.64666666666668,603,91,54,United Kingdom,1,0.7389082587163084,627.9529036437016,463.9995865872173,Medium,UK,Grow customer value
17861,10,2990.41,299.041,2556,211,11,United Kingdom,1,0.9384861621199072,2747.176674915838,2578.187294307092,Very High,UK,Protect loyalty
17862,3,923.99,307.9966666666667,340,83,11,United Kingdom,1,0.775582847510293,1102.466693328618,855.0542572970666,High,UK,Protect loyalty
17863,6,2200.48,366.7466666666666,2038,76,39,United Kingdom,1,0.8832723129227212,2278.9120677318283,2012.8999330129927,Very High,UK,Protect loyalty
17864,2,321.72,160.86,309,37,11,United Kingdom,1,0.6745495291187595,527.223547648446,355.6383958065811,Medium,UK,Grow customer value
17865,26,15785.87,607.1488461538462,7193,288,1,United Kingdom,1,0.9823805846253648,12069.011060550349,11856.362141513448,Very High,UK,Protect loyalty
17866,2,805.3000000000001,402.65,361,15,110,United Kingdom,1,0.5940552153078735,1167.9031782987129,693.7989740429916,High,UK,Win back now
17867,9,424.18,47.1311111111111,130,58,36,United Kingdom,1,0.8458551238300284,583.8677635613716,493.86753944756566,Medium,UK,Grow customer value
17868,1,227.15,227.15,85,18,12,United Kingdom,1,0.5072478544111615,497.2101952857427,252.2088047500476,Medium,UK,Low-cost nurture
17869,2,385.46,192.73,380,38,95,United Kingdom,1,0.6014009990487281,574.2531352591009,345.3564092516877,Medium,UK,Low-cost nurture
17870,1,887.3999999999999,887.3999999999999,348,2,7,United Kingdom,1,0.5789810250541916,1995.4199760051283,1155.3103031210596,High,UK,Win back now
17871,4,913.05,228.2625,483,58,23,United Kingdom,1,0.8052586364744129,1116.0170222648833,898.6823456312544,High,UK,Protect loyalty
17872,1,235.87,235.87,176,15,7,United Kingdom,1,0.5368629604559675,532.5033348358503,285.8813167926499,Medium,UK,Low-cost nurture
17873,13,4416.37,339.72076923076924,3124,59,11,United Kingdom,1,0.94977284259799,4540.617917209282,4312.555586379223,Very High,UK,Protect loyalty
17875,1,167.1,167.1,98,25,314,United Kingdom,1,0.2096394752241923,292.9564031067363,61.41522661086316,Low,UK,Low-cost nurture
17876,3,3424.02,1141.34,1958,3,25,United Kingdom,1,0.8015241583481653,4841.748278676307,3880.778213999705,Very High,UK,Protect loyalty
17878,2,999.48,499.74,613,56,21,United Kingdom,1,0.7281078756635664,1300.786914487938,947.1131969987778,High,UK,Protect loyalty
17880,2,366.0,183.0,152,19,265,United Kingdom,1,0.3680732542160271,513.0952047917488,188.8566217503379,Low,UK,Low-cost nurture
17882,2,291.56,145.78,130,47,5,United Kingdom,1,0.6535830493029906,467.4185860086455,305.4968647444227,Medium,UK,Low-cost nurture
17883,3,324.08,108.02666666666666,102,30,165,United Kingdom,1,0.5356189307926577,449.7594328976438,240.89966656254805,Low,UK,Low-cost nurture
17884,16,2003.4,125.2125,1932,225,12,United Kingdom,1,0.9537037287435328,2028.515896098851,1934.6031739250036,Very High,UK,Protect loyalty
17886,3,703.27,234.4233333333333,242,56,63,United Kingdom,1,0.7083462394629372,877.3499428290258,621.4675326959634,Medium,UK,Grow customer value
17888,17,1091.44,64.20235294117647,563,88,0,United Kingdom,1,0.942176533381341,1363.6816040736608,1284.828806362028,High,UK,Protect loyalty
17889,5,545.05,109.01,326,80,0,United Kingdom,1,0.8296449402227261,704.5168298685378,584.4988232021875,Medium,UK,Grow customer value
17894,10,1185.62,118.56199999999998,534,133,6,United Kingdom,1,0.9126850640404454,1310.8814106682808,1196.4218842452092,High,UK,Protect loyalty
17897,6,1558.08,259.68,642,121,14,United Kingdom,1,0.8757280487809738,1615.5402737297024,1414.773931640393,High,UK,Protect loyalty
17898,2,147.12,73.56,61,22,78,United Kingdom,1,0.5101031899467586,269.2932430421457,137.3673423069063,Low,UK,Low-cost nurture
17901,2,149.7,74.85,14,3,147,United Kingdom,1,0.3536202294893695,311.38283365181275,110.1112690950042,Low,UK,Low-cost nurture
17902,1,216.4,216.4,526,24,172,United Kingdom,1,0.3978854156835427,420.5580430176777,167.33391176514596,Low,UK,Low-cost nurture
17903,1,381.09,381.09,142,44,20,United Kingdom,1,0.5523172192963924,693.1220454503482,382.823240776164,Medium,UK,Low-cost nurture
17905,9,1379.88,153.32000000000002,893,97,76,United Kingdom,1,0.8826813234881401,1463.3076163481255,1291.634303468439,High,UK,Protect loyalty
17907,1,291.76,291.76,1046,13,266,United Kingdom,1,0.3238849636605814,544.0949667378032,176.22417852977864,Low,UK,Low-cost nurture
17908,4,910.44,227.61,501,141,54,United Kingdom,1,0.794479078647232,978.8462555037686,777.672871209927,High,UK,Protect loyalty
17909,1,110.05,110.05,35,8,363,United Kingdom,1,0.1375602703994222,221.92726512210032,30.528374599200397,Low,UK,Low-cost nurture
17910,1,261.7,261.7,121,25,352,United Kingdom,1,0.1978693144327309,415.30512099167015,82.17613957102412,Low,UK,Low-cost nurture
17912,1,64.49,64.49,31,13,1,United Kingdom,1,0.4313352290772129,179.01665835598013,77.21619134061386,Low,UK,Low-cost nurture
17913,12,3020.64,251.72,1437,200,26,United Kingdom,1,0.93858809262231,2769.307144338824,2599.2387104903128,Very High,UK,Protect loyalty
17915,1,225.78,225.78,184,27,177,United Kingdom,1,0.3607641738180642,420.4434151172063,151.6809212920043,Low,UK,Low-cost nurture
17916,2,43.87,21.935,90,15,254,United Kingdom,1,0.2881759912627686,91.17984340936442,26.275841757677615,Low,UK,Low-cost nurture
17918,3,396.39,132.13,352,34,126,United Kingdom,1,0.6304974677510583,552.2317221644357,348.1807024364827,Medium,UK,Low-cost nurture
17919,1,536.28,536.28,696,17,64,United Kingdom,1,0.5553676643835253,1022.4043205100774,567.8102995373068,Medium,UK,Win back now
17920,37,19462.28,526.0075675675675,9792,426,5,United Kingdom,1,0.9881311466994932,14416.268783294025,14245.16420396443,Very High,UK,Protect loyalty
17921,6,1574.13,262.355,566,148,5,United Kingdom,1,0.8799148881846596,1598.6892008340526,1406.7104293939185,High,UK,Protect loyalty
17922,1,170.4,170.4,49,8,169,United Kingdom,1,0.2988115121217766,374.49414694722736,111.9031623300558,Low,UK,Low-cost nurture
17923,2,289.5,144.75,90,2,153,United Kingdom,1,0.4272865678715334,572.9773455439612,244.8255234456209,Low,UK,Low-cost nurture
17924,1,295.2,295.2,48,2,40,United Kingdom,1,0.4309181233946514,747.9541183703732,322.30698507346216,Medium,UK,Low-cost nurture
17926,3,638.2,212.7333333333333,266,16,70,United Kingdom,1,0.6819486127788857,931.4496741792098,635.2008131798572,Medium,UK,Grow customer value
17927,1,294.0,294.0,108,10,347,United Kingdom,1,0.1913500212612565,508.47036581928825,97.29581531023972,Low,UK,Low-cost nurture
17928,1,128.7,128.7,82,4,197,United Kingdom,1,0.2703786335280923,313.74707669638923,84.8305058706033,Low,UK,Low-cost nurture
17929,8,2239.1,279.8875,326,5,13,United Kingdom,1,0.8721003910455952,3136.8335728756147,2735.633785549775,Very High,UK,Protect loyalty
17930,8,2534.74,316.84250000000003,2201,22,19,United Kingdom,1,0.9078619460491394,3048.4480850079003,2767.5700108850447,Very High,UK,Protect loyalty
17931,12,2993.88,249.49,1670,222,23,United Kingdom,1,0.9409407838889048,2728.388590578925,2567.252099172877,Very High,UK,Protect loyalty
17933,1,114.69,114.69,63,12,258,United Kingdom,1,0.2230167611505263,241.125763237584,53.77508674719463,Low,UK,Low-cost nurture
17934,1,344.90000000000003,344.90000000000003,150,20,32,United Kingdom,1,0.5227315603137591,692.6083147947687,362.0482250789527,Medium,UK,Low-cost nurture
17935,5,540.35,108.07,162,33,26,United Kingdom,1,0.7857000018948322,751.217714934487,590.231760047458,Medium,UK,Grow customer value
17938,1,144.29,144.29,53,29,46,United Kingdom,1,0.4442243746812694,311.1661647418768,138.2275949544291,Low,UK,Low-cost nurture
17940,6,26286.75,4381.125,75825,9,71,United Kingdom,1,0.9322171980563896,24103.36493200765,22469.571320646814,Very High,UK,Protect loyalty
17941,3,1128.72,376.24,856,3,216,United Kingdom,1,0.5627543426864692,1623.2098568579963,913.4683960383196,High,UK,Win back now
17944,1,74.99,74.99,84,24,49,United Kingdom,1,0.4293345432042779,185.3716436045716,79.58644992999494,Low,UK,Low-cost nurture
17945,3,360.35,120.11666666666667,244,66,322,United Kingdom,1,0.4105126637127226,402.0300890690257,165.0384427563889,Low,UK,Low-cost nurture
17949,73,58803.6,805.5287671232877,29992,34,25,United Kingdom,1,0.9938200066862184,54327.09088056992,53991.34982217079,Very High,UK,Protect loyalty
17950,4,684.09,171.0225,293,85,30,United Kingdom,1,0.7860456772182673,826.5893600460212,649.7369932987889,High,UK,Grow customer value
17951,1,332.04,332.04,164,8,30,United Kingdom,1,0.5106217757898407,744.8655237500174,380.3445564618637,Medium,UK,Low-cost nurture
17952,4,788.46,197.115,477,85,4,United Kingdom,1,0.8189461284609126,957.7989102307464,784.3857093775508,High,UK,Grow customer value
17953,1,159.17000000000002,159.17000000000002,98,20,166,United Kingdom,1,0.3346505702893205,324.19001257153,108.49037258916452,Low,UK,Low-cost nurture
17954,7,1490.25,212.8928571428572,959,235,19,United Kingdom,1,0.8961793366078215,1450.194427735152,1299.6342802000477,High,UK,Protect loyalty
17955,2,392.6,196.3,408,2,281,United Kingdom,1,0.3532879802452862,685.9227237581069,242.328253680847,Low,UK,Low-cost nurture
17958,1,465.42,465.42,200,29,354,United Kingdom,1,0.2246315824780287,665.805000326034,149.56083084502143,Low,UK,Low-cost nurture
17959,1,140.75,140.75,49,2,218,United Kingdom,1,0.2341515380521944,350.42993217014106,82.0537075971647,Low,UK,Low-cost nurture
17960,2,61.3,30.65,19,11,148,United Kingdom,1,0.3502308276321599,131.25248933387232,45.96866796818334,Low,UK,Low-cost nurture
17961,61,1570.3,25.74262295081968,931,324,19,United Kingdom,1,0.9830732915606925,1897.896358701895,1865.7712203901244,Very High,UK,Protect loyalty
17962,3,564.55,188.1833333333333,506,126,175,United Kingdom,1,0.6267947285032462,615.5209376353017,385.8052789931825,Medium,UK,Low-cost nurture
17963,4,643.16,160.79,341,98,97,United Kingdom,1,0.7357413905918448,734.4201203885002,540.3432806532652,Medium,UK,Grow customer value
17965,15,4407.46,293.8306666666667,2851,388,13,United Kingdom,1,0.9601660104437916,3665.190697509177,3519.191529543084,Very High,UK,Protect loyalty
17966,5,865.49,173.098,1347,33,217,United Kingdom,1,0.693859124552313,993.2665300668992,689.1870449993324,High,UK,Protect loyalty
17967,1,111.15,111.15,38,19,42,United Kingdom,1,0.4199465585464986,262.0974110443145,110.06690577200696,Low,UK,Low-cost nurture
17968,3,325.34000000000003,108.44666666666669,201,43,14,United Kingdom,1,0.7198271783822613,492.8856639463275,354.7924967435524,Medium,UK,Grow customer value
17969,18,2126.09,118.11611111111112,862,103,128,United Kingdom,1,0.91994789579761,2134.132797543015,1963.2909764523636,Very High,UK,Protect loyalty
17971,1,161.94,161.94,62,21,174,United Kingdom,1,0.3139156725005713,322.464516275626,101.22666548423456,Low,UK,Low-cost nurture
17974,3,1035.1,345.0333333333333,689,161,7,United Kingdom,1,0.8063542762602286,1138.064424015424,917.6831149644712,High,UK,Protect loyalty
17975,11,2213.07,201.18818181818185,614,83,7,United Kingdom,1,0.9243072599606724,2353.397713681873,2175.262592331004,Very High,UK,Protect loyalty
17977,1,1223.31,1223.31,1606,83,26,United Kingdom,1,0.6802505239382348,1773.4323695797077,1206.378298575621,High,UK,Protect loyalty
17978,3,859.0699999999999,286.3566666666666,798,52,48,United Kingdom,1,0.7595962966187763,1080.6450335828831,820.8539654690313,High,UK,Protect loyalty
17980,1,201.27,201.27,89,27,19,United Kingdom,1,0.5038404157955932,426.9837824588008,215.1316864920173,Low,UK,Low-cost nurture
17981,1,239.12,239.12,260,17,36,United Kingdom,1,0.5211216842338938,522.6596325477117,272.3692679943316,Medium,UK,Low-cost nurture
17982,1,138.18,138.18,117,13,306,United Kingdom,1,0.2072206453215134,271.7461411983043,56.31141074274374,Low,UK,Low-cost nurture
17983,1,171.71,171.71,108,23,21,United Kingdom,1,0.4995509103495883,381.5586292280507,190.6079605826137,Low,UK,Low-cost nurture
17984,4,999.51,249.8775,841,165,18,United Kingdom,1,0.8339498400199903,1078.027818252507,899.0211265687773,High,UK,Protect loyalty
17987,4,766.87,191.7175,720,132,2,United Kingdom,1,0.8328797339796166,896.0700662616842,746.3185984151289,High,UK,Grow customer value
17988,7,288.42,41.20285714285715,143,81,113,United Kingdom,1,0.7558747759454725,378.86646982576735,286.375607992804,Medium,UK,Grow customer value
17989,1,207.33,207.33,300,26,5,United Kingdom,1,0.5629811519610227,453.9258856218351,255.55171799230817,Medium,UK,Low-cost nurture
17990,3,896.7700000000001,298.92333333333335,363,23,6,United Kingdom,1,0.7635187880943981,1255.4338094117234,958.5473006947726,High,UK,Protect loyalty
17991,1,206.95,206.95,68,33,217,United Kingdom,1,0.290814711781964,363.80024540147326,105.79846351263724,Low,UK,Low-cost nurture
17992,1,252.88,252.88,130,49,15,United Kingdom,1,0.5413600760151336,486.788275391785,263.5277377693725,Medium,UK,Low-cost nurture
17993,1,225.99,225.99,108,60,243,United Kingdom,1,0.292237730072084,360.5792350682039,105.37485716746028,Low,UK,Low-cost nurture
17994,7,1595.14,227.87714285714287,1686,185,14,United Kingdom,1,0.904747145386132,1601.088089253929,1448.579878264229,High,UK,Protect loyalty
17995,2,419.38,209.69,130,26,8,United Kingdom,1,0.653117779288005,676.6827878111599,441.953559657641,Medium,UK,Low-cost nurture
17996,3,482.33,160.77666666666667,587,63,5,United Kingdom,1,0.7730843575638723,671.242134361743,518.9267942128505,Medium,UK,Grow customer value
17998,3,639.24,213.08,561,57,6,United Kingdom,1,0.7773255446547691,857.8236334427522,666.8082230836204,High,UK,Grow customer value
17999,1,148.07,148.07,67,42,4,United Kingdom,1,0.5071594701758284,316.01200008565627,160.26847853264528,Low,UK,Low-cost nurture
18000,1,124.25,124.25,109,6,190,United Kingdom,1,0.2889331391731254,295.6866556745153,85.43367363564076,Low,UK,Low-cost nurture
18001,4,509.01,127.2525,512,69,75,United Kingdom,1,0.753775681105602,645.4510775177923,486.5253255763186,Medium,UK,Grow customer value
18002,4,244.37,61.0925,71,52,1,United Kingdom,1,0.7379761621591572,371.6783635832341,274.2897723147509,Medium,UK,Grow customer value
18003,1,353.51,353.51,297,23,2,United Kingdom,1,0.583466461898218,720.891720147732,420.6161413663176,Medium,UK,Low-cost nurture
18006,3,524.83,174.94333333333336,175,36,7,United Kingdom,1,0.7339426484235045,751.8882370310865,551.8428440050753,Medium,UK,Grow customer value
18007,1,215.22,215.22,246,46,18,United Kingdom,1,0.5533942777731145,432.2890326126956,239.226276991941,Low,UK,Low-cost nurture
18008,14,17642.89,1260.2064285714284,6244,54,41,United Kingdom,1,0.9597695420427428,14555.254630792628,13969.690071311354,Very High,UK,Protect loyalty
18009,7,1896.84,270.97714285714284,526,122,168,United Kingdom,1,0.8003569013064998,1688.515505132758,1351.4150374960336,High,UK,Protect loyalty
18011,1,308.0,308.0,54,35,193,United Kingdom,1,0.3203959673351277,511.47689411908186,163.87513426084993,Low,UK,Low-cost nurture
18012,1,115.3,115.3,63,13,349,United Kingdom,1,0.161153307475712,223.46417463253755,36.011990844363524,Low,UK,Low-cost nurture
18016,2,476.9,238.45,180,44,36,United Kingdom,1,0.6484093782463612,697.2196901254241,452.0837857753469,Medium,UK,Low-cost nurture
18017,1,165.0,165.0,100,1,57,United Kingdom,1,0.4087466118458851,482.5572742696434,197.2436508793023,Low,UK,Low-cost nurture
18018,2,175.85,87.92500000000001,131,14,25,United Kingdom,1,0.5941379879514994,347.2454432736673,206.3117089919432,Low,UK,Low-cost nurture
18020,1,190.48,190.48,67,12,169,United Kingdom,1,0.3177772612702866,395.41889059775895,125.65513210869094,Low,UK,Low-cost nurture
18021,2,216.41,108.205,168,32,135,United Kingdom,1,0.5037336736704413,345.86535377171214,174.22402525075137,Low,UK,Low-cost nurture
18022,4,894.53,223.6325,608,203,11,United Kingdom,1,0.831673158919041,958.516228593894,797.1722197098495,High,UK,Grow customer value
18025,6,1177.72,196.28666666666663,1053,83,5,United Kingdom,1,0.8800551102214275,1358.4083954004573,1195.474250139862,High,UK,Protect loyalty
18026,2,2074.07,1037.035,530,12,126,United Kingdom,1,0.620545873608917,2627.793362379576,1630.6663277215475,Very High,UK,Win back now
18028,1,192.05,192.05,133,4,209,United Kingdom,1,0.285506170071801,437.77573557289,124.98767361378134,Low,UK,Low-cost nurture
18029,1,433.77,433.77,253,18,268,United Kingdom,1,0.296265502614097,712.1218708579112,210.97714399221013,Low,UK,Low-cost nurture
18031,1,451.3,451.3,298,49,4,United Kingdom,1,0.603804513775847,808.791310807695,488.35184416837023,Medium,UK,Low-cost nurture
18034,1,335.52,335.52,392,97,1,United Kingdom,1,0.6178330781477097,586.3731553852944,362.2807315348817,Medium,UK,Low-cost nurture
18035,2,546.34,273.17,550,8,11,United Kingdom,1,0.6861664493194847,984.6723816962408,675.64915189147,High,UK,Protect loyalty
18036,8,1142.37,142.79625,509,171,11,United Kingdom,1,0.8952236131375977,1209.0176840481154,1082.3411794608044,High,UK,Protect loyalty
18037,9,97.4,10.822222222222225,17,13,47,United Kingdom,1,0.7367068153510508,204.1411700603764,150.39219127721714,Low,UK,Grow customer value
18038,1,141.48,141.48,80,25,182,United Kingdom,1,0.3123193038614219,281.8122453329643,88.01540428201567,Low,UK,Low-cost nurture
18039,4,548.22,137.055,555,137,0,United Kingdom,1,0.8219403430904024,672.3325044801969,552.6172094032826,Medium,UK,Grow customer value
18041,17,3921.4,230.67058823529413,3558,253,27,United Kingdom,1,0.9611914888865126,3520.462631487614,3383.83871832891,Very High,UK,Protect loyalty
18042,1,116.1,116.1,36,9,167,United Kingdom,1,0.2814923335342832,267.4672793609728,75.28998861138626,Low,UK,Low-cost nurture
18044,8,1417.01,177.12625,565,60,13,United Kingdom,1,0.8914101461842433,1638.182084900846,1460.2921317778716,High,UK,Protect loyalty
18046,1,189.63,189.63,44,26,275,United Kingdom,1,0.2238147884681313,329.6825266748853,73.78782496937853,Low,UK,Low-cost nurture
18047,2,326.09,163.04500000000002,130,74,7,United Kingdom,1,0.6630213272926077,485.6960768747714,322.0268575503233,Medium,UK,Low-cost nurture
18048,1,222.64,222.64,129,51,119,United Kingdom,1,0.4212212758768116,401.3445448020678,169.05486122772516,Low,UK,Low-cost nurture
18049,2,500.92,250.46,402,82,63,United Kingdom,1,0.6592661517580122,670.2485731912057,441.8721975690645,Medium,UK,Low-cost nurture
18050,1,337.66,337.66,210,18,19,United Kingdom,1,0.5464916523703538,699.7474855360624,382.406159612603,Medium,UK,Low-cost nurture
18051,7,2282.28,326.04,1661,41,260,United Kingdom,1,0.7479128556357862,2127.201209214018,1590.9611308951537,Very High,UK,Protect loyalty
18052,1,10877.18,10877.18,17766,16,190,United Kingdom,1,0.6399197252136171,12282.343788647471,7859.714062210467,Very High,UK,Win back now
18053,2,271.05,135.525,107,12,151,United Kingdom,1,0.4606268918617947,457.0925968991869,210.54914220270868,Low,UK,Low-cost nurture
18054,1,176.5,176.5,96,11,18,United Kingdom,1,0.4865850919682981,424.37900089487806,206.49649517984872,Low,UK,Low-cost nurture
18055,4,3381.3,845.325,1082,149,7,United Kingdom,1,0.86724446031251,3064.2019485613173,2657.4121651686014,Very High,UK,Protect loyalty
18056,1,190.95,190.95,123,11,244,United Kingdom,1,0.2650998397344324,381.1398160108429,101.04010414088552,Low,UK,Low-cost nurture
18057,3,1188.46,396.15333333333336,970,121,19,United Kingdom,1,0.8055253162136837,1316.9904706159182,1060.8691652932955,High,UK,Protect loyalty
18058,2,603.9,301.95,306,11,167,United Kingdom,1,0.5089993790863928,906.0534431618752,461.1806399884827,Medium,UK,Low-cost nurture
18060,2,1185.46,592.73,902,74,34,United Kingdom,1,0.7367130338822768,1447.0235762559555,1066.0411289627073,High,UK,Protect loyalty
18061,18,3964.4,220.24444444444444,2404,23,2,United Kingdom,1,0.9584008005931892,4801.765164430339,4602.015577850523,Very High,UK,Protect loyalty
18062,3,912.15,304.05,435,25,12,United Kingdom,1,0.7649067153621162,1259.3019668817983,963.2485311366088,High,UK,Protect loyalty
18063,2,186.6,93.3,48,2,16,United Kingdom,1,0.541322269254226,437.9037259670571,237.04703865536808,Low,UK,Low-cost nurture
18064,9,3667.83,407.5366666666666,2301,47,72,United Kingdom,1,0.9060533249447018,3676.04550906138,3330.693256133102,Very High,UK,Protect loyalty
18065,15,3473.8,231.58666666666667,1238,127,14,United Kingdom,1,0.9496624553584296,3379.4702836042065,3209.356047338419,Very High,UK,Protect loyalty
18066,2,1122.4,561.2,427,35,12,United Kingdom,1,0.7223603476622722,1515.5757620335464,1094.7918343710658,High,UK,Protect loyalty
18069,6,2455.68,409.28,1872,385,9,United Kingdom,1,0.907657989567569,2105.8399305188686,1911.3824376858656,Very High,UK,Protect loyalty
18070,1,314.1,314.1,86,9,295,United Kingdom,1,0.2248217804733149,563.9946191460527,126.79827445378474,Low,UK,Low-cost nurture
18071,4,716.6800000000001,179.17000000000002,418,34,97,United Kingdom,1,0.7291867209415512,913.5453417937192,666.1451322139907,High,UK,Grow customer value
18074,1,529.84,529.84,171,30,131,United Kingdom,1,0.4404191326784611,878.1731336691406,386.7642498720893,Medium,UK,Low-cost nurture
18075,10,3171.54,317.154,1817,116,0,United Kingdom,1,0.936377430906418,3106.421188212018,2908.782691531232,Very High,UK,Protect loyalty
18076,1,151.49,151.49,164,8,6,United Kingdom,1,0.5078741594383532,393.9426747817805,200.0733048216933,Low,UK,Low-cost nurture
18077,7,1494.38,213.4828571428572,1181,69,23,United Kingdom,1,0.888490015693206,1681.7840325344232,1494.248321459093,High,UK,Protect loyalty
18078,2,389.4,194.7,225,43,51,United Kingdom,1,0.6327987117141279,585.5491373491185,370.5347397598412,Medium,UK,Low-cost nurture
18079,1,590.78,590.78,1383,13,117,United Kingdom,1,0.5197108288590905,1109.2071071454343,576.4669450309477,Medium,UK,Win back now
18083,1,463.53,463.53,268,36,23,United Kingdom,1,0.5749626866256095,843.2107881110674,484.8147401240368,Medium,UK,Low-cost nurture
18084,2,704.75,352.375,443,6,9,United Kingdom,1,0.6856218146966326,1252.6838633198477,858.8673836105424,High,UK,Protect loyalty
18085,2,651.9,325.95000000000005,242,26,19,United Kingdom,1,0.6768120653813713,980.4550394323696,663.5838002517959,High,UK,Protect loyalty
18087,15,10705.8,713.72,3868,42,5,United Kingdom,1,0.9619286837540854,10134.120978156869,9748.301653523098,Very High,UK,Protect loyalty
18089,1,428.45,428.45,95,9,72,United Kingdom,1,0.4558704625981152,872.6516531335175,397.81611280098656,Medium,UK,Low-cost nurture
18090,1,321.9,321.9,307,47,47,United Kingdom,1,0.5445267373069163,592.5257730920656,322.64612599208067,Medium,UK,Low-cost nurture
18091,1,360.85,360.85,539,25,219,United Kingdom,1,0.3679200305654063,619.0628245808198,227.765613341682,Low,UK,Low-cost nurture
18092,7,5625.46,803.637142857143,4046,22,70,United Kingdom,1,0.8964500748823654,5730.797921287865,5137.374225674211,Very High,UK,Protect loyalty
18093,4,2346.19,586.5475,2037,20,70,United Kingdom,1,0.8145973466777693,2747.19487554174,2237.857656423066,Very High,UK,Protect loyalty
18094,6,3374.22,562.37,1646,36,72,United Kingdom,1,0.8646441502621277,3453.2712161601557,2985.8507563214616,Very High,UK,Protect loyalty
18095,3,1723.04,574.3466666666667,1204,22,53,United Kingdom,1,0.7736947026256923,2144.276274276715,1659.0151943738504,Very High,UK,Protect loyalty
18096,3,808.81,269.6033333333333,621,154,68,United Kingdom,1,0.7497544399678092,885.7868013201171,664.1225871546415,High,UK,Grow customer value
18097,5,1965.52,393.104,1054,30,11,United Kingdom,1,0.8610675377488812,2331.742165591945,2007.7874851915003,Very High,UK,Protect loyalty
18098,1,527.94,527.94,215,85,22,United Kingdom,1,0.5887868296906724,847.4113213268845,498.9446253280401,Medium,UK,Low-cost nurture
18100,1,451.56,451.56,440,30,176,United Kingdom,1,0.4182045673682855,753.7683419092747,315.2293633240782,Medium,UK,Low-cost nurture
18101,3,399.61,133.20333333333335,160,62,0,United Kingdom,1,0.7373703375834951,564.2696247332144,416.0756836776424,Medium,UK,Grow customer value
18102,85,321329.74,3780.349882352941,117521,281,15,United Kingdom,1,0.9971995998280376,185385.96524293048,184866.8103539848,Very High,UK,Protect loyalty
18103,1,105.8,105.8,23,10,175,United Kingdom,1,0.2607945038536688,241.3510044733788,62.94301546621944,Low,UK,Low-cost nurture
18106,5,1019.16,203.832,380,112,102,United Kingdom,1,0.7804775097342161,1055.5823862625718,823.8583121495135,High,UK,Protect loyalty
18107,1,165.88,165.88,65,38,68,United Kingdom,1,0.437123993241383,334.1331396574111,146.05761228132826,Low,UK,Low-cost nurture
18108,2,577.8100000000001,288.905,177,29,222,United Kingdom,1,0.4437735884193252,742.3938697586067,329.454791603286,Medium,UK,Low-cost nurture
18109,12,1550.79,129.2325,592,124,1,United Kingdom,1,0.929160923692136,1688.3765764740467,1568.7735393367914,Very High,UK,Protect loyalty
18110,1,193.48,193.48,97,29,37,United Kingdom,1,0.4865509054024111,404.5754953802958,196.84657358091192,Low,UK,Low-cost nurture
18111,1,405.85,405.85,232,27,215,United Kingdom,1,0.349659866636794,669.2847469190065,234.02201534974023,Low,UK,Low-cost nurture
18112,2,420.67,210.335,188,34,44,United Kingdom,1,0.6328011092143154,643.4476794997618,407.1744053088266,Medium,UK,Low-cost nurture
18115,1,9.7,9.7,3,3,323,United Kingdom,1,0.0840240732529555,33.33707104395971,2.801116499436654,Low,UK,Low-cost nurture
18116,5,731.38,146.276,430,142,2,United Kingdom,1,0.8457763995561621,843.4608110153918,713.3792479073186,High,UK,Grow customer value
18118,3,595.94,198.64666666666668,319,126,0,United Kingdom,1,0.776449844773342,732.8434511192245,569.0161838646821,Medium,UK,Grow customer value
18123,1,92.2,92.2,34,22,139,United Kingdom,1,0.3119891384418049,203.96581858966488,63.63512001336702,Low,UK,Low-cost nurture
18124,1,102.65,102.65,47,20,98,United Kingdom,1,0.3652950154486893,234.1879186298964,85.54767935380441,Low,UK,Low-cost nurture
18127,1,209.05,209.05,63,21,29,United Kingdom,1,0.4772518504723632,447.44035407142695,213.5417369565979,Low,UK,Low-cost nurture
18128,1,399.29,399.29,216,42,163,United Kingdom,1,0.4091486289005443,652.4738751958018,266.9587914297872,Medium,UK,Low-cost nurture
18131,1,222.96,222.96,552,4,257,United Kingdom,1,0.2877559775402868,489.53411174291415,140.8663668638983,Low,UK,Low-cost nurture
18132,1,220.13,220.13,212,60,130,United Kingdom,1,0.42905345341052,390.0125803689317,167.3362444808381,Low,UK,Low-cost nurture
18134,2,445.0,222.5,128,27,224,United Kingdom,1,0.4192240871893201,597.4304458502186,250.4572333206664,Medium,UK,Low-cost nurture
18135,5,567.71,113.542,404,16,18,United Kingdom,1,0.8054344303485418,869.4368629167238,700.2743844073547,High,UK,Grow customer value
18136,2,847.03,423.515,481,47,35,United Kingdom,1,0.7004252019706433,1138.644829150121,797.5355344303022,High,UK,Protect loyalty
18137,2,145.99,72.995,59,26,177,United Kingdom,1,0.4020182574957691,242.6761156126079,97.56022913442244,Low,UK,Low-cost nurture
18140,1,536.41,536.41,395,49,99,West Indies,0,0.54554968974836,1111.4275294586903,606.3389438739749,Medium,Non-UK,Win back now
18141,2,882.47,441.235,433,38,27,United Kingdom,1,0.7027743252376191,1213.3968652926364,852.7441632514748,High,UK,Protect loyalty
18144,7,2004.2,286.31428571428575,801,35,8,United Kingdom,1,0.8890443537329533,2338.468163111511,2079.00191679856,Very High,UK,Protect loyalty
18145,7,2748.19,392.59857142857146,2479,130,8,United Kingdom,1,0.9160185418258608,2660.58894110069,2437.148802225065,Very High,UK,Protect loyalty
18148,1,112.85,112.85,63,9,272,United Kingdom,1,0.2086106116832746,242.81632684120711,50.654062469030144,Low,UK,Low-cost nurture
18149,4,941.88,235.47000000000003,559,52,30,United Kingdom,1,0.8030762597381206,1156.7431424108845,928.9529562850532,High,UK,Protect loyalty
18151,4,1226.09,306.52250000000004,631,65,46,United Kingdom,1,0.8034590520018746,1389.9449094324293,1116.7638192674112,High,UK,Protect loyalty
18152,1,426.69,426.69,75,10,272,United Kingdom,1,0.2496512990970963,731.9693674268137,182.73710347738384,Low,UK,Low-cost nurture
18153,1,246.22,246.22,200,17,285,United Kingdom,1,0.2563966521672408,438.5053645400933,112.43130742545542,Low,UK,Low-cost nurture
18154,3,533.41,177.8033333333333,371,22,14,United Kingdom,1,0.7421464095742256,812.8605296660835,603.2615235762871,Medium,UK,Grow customer value
18157,1,213.9,213.9,145,25,197,United Kingdom,1,0.3297049481321046,397.48423733516086,131.05251985391837,Low,UK,Low-cost nurture
18160,1,365.82,365.82,225,26,12,United Kingdom,1,0.5662589237933967,722.2515501465936,408.98138549412255,Medium,UK,Low-cost nurture
18161,1,184.41,184.41,153,13,5,United Kingdom,1,0.5223226909440902,440.1185917790191,229.8839271925408,Low,UK,Low-cost nurture
18162,1,371.51,371.51,332,45,358,United Kingdom,1,0.233992646414412,526.7657619554376,123.25931468045708,Low,UK,Low-cost nurture
18163,1,728.84,728.84,452,33,210,United Kingdom,1,0.4015203820526203,1084.3737261835142,435.3981528250281,Medium,UK,Win back now
18166,1,175.5,175.5,90,10,249,United Kingdom,1,0.2486456882642808,355.5839173667619,88.41440786936768,Low,UK,Low-cost nurture
18168,10,2275.46,227.546,1403,153,26,United Kingdom,1,0.924543976909642,2222.051636795068,2054.384457181091,Very High,UK,Protect loyalty
18170,6,1897.69,316.2816666666667,775,49,0,United Kingdom,1,0.8812678163102716,2149.732518266359,1894.4900820237756,Very High,UK,Protect loyalty
18171,4,1206.0,301.5,510,34,96,United Kingdom,1,0.7507522790904735,1416.8432380987283,1063.6982901165468,High,UK,Protect loyalty
18172,32,9905.56,309.54875,4223,125,13,United Kingdom,1,0.9809327464826512,9105.546110566702,8931.928354462618,Very High,UK,Protect loyalty
18173,1,589.52,589.52,510,14,238,United Kingdom,1,0.3539451442153141,981.547235855754,347.41387794910787,Medium,UK,Win back now
18174,1,58.5,58.5,30,1,229,United Kingdom,1,0.1876099264299373,174.2293775100693,32.687160696597886,Low,UK,Low-cost nurture
18175,1,176.10000000000002,176.10000000000002,70,7,301,United Kingdom,1,0.1980839287295097,354.1091040207669,70.14332252332017,Low,UK,Low-cost nurture
18177,3,875.45,291.81666666666666,529,23,186,United Kingdom,1,0.602401949796015,1075.4879827413358,647.8760577855636,High,UK,Win back now
18178,7,4512.93,644.7042857142858,2867,164,28,United Kingdom,1,0.91785826181326,3868.072080985744,3550.341916821975,Very High,UK,Protect loyalty
18179,2,754.38,377.19,451,19,148,United Kingdom,1,0.5620201152561516,1049.104233642292,589.6176823073575,Medium,UK,Win back now
18181,4,821.49,205.3725,377,119,26,United Kingdom,1,0.8035236728373522,932.333637223272,749.1521484914509,High,UK,Grow customer value
18182,1,291.13,291.13,167,10,89,United Kingdom,1,0.4442241714984956,622.171393549618,276.3835718296436,Medium,UK,Low-cost nurture
18186,1,329.58000000000004,329.58000000000004,338,11,348,United Kingdom,1,0.2211731460591374,564.2940241027593,124.80668461317802,Low,UK,Low-cost nurture
18187,1,724.89,724.89,310,48,257,United Kingdom,1,0.3459520717325177,989.3786224688326,342.2775841709572,Medium,UK,Win back now
18188,3,1279.55,426.51666666666665,720,55,56,United Kingdom,1,0.7621593109857997,1485.9916674716503,1132.5623854108328,High,UK,Protect loyalty
18189,1,313.49,313.49,270,18,251,United Kingdom,1,0.3039001384655733,550.5330503559127,167.30707023303628,Low,UK,Low-cost nurture
18190,3,461.16,153.72,350,23,229,United Kingdom,1,0.5165236367887505,604.4837677552101,312.2301541006875,Medium,UK,Low-cost nurture
18191,1,321.6,321.6,192,8,103,United Kingdom,1,0.4336268215349548,686.7279614973683,297.78366320328263,Medium,UK,Low-cost nurture
18193,2,963.59,481.795,802,50,6,United Kingdom,1,0.7458929654714195,1299.6560284677037,969.4042891665832,High,UK,Protect loyalty
18194,5,3188.2,637.6400000000001,1142,16,64,United Kingdom,1,0.835607817276422,3607.338154875087,3014.319961773127,Very High,UK,Protect loyalty
18195,1,101.16,101.16,60,5,13,United Kingdom,1,0.4416490531254662,288.6729008857429,127.49211333916992,Low,UK,Low-cost nurture
18196,2,770.56,385.28,607,112,97,United Kingdom,1,0.6582518217174179,908.146060724029,597.7887988570889,Medium,UK,Low-cost nurture
18197,1,230.1,230.1,166,9,201,United Kingdom,1,0.3165243021175087,473.3699644097945,149.83309762820016,Low,UK,Low-cost nurture
18199,1,344.75,344.75,99,20,309,United Kingdom,1,0.2296984825207481,553.1156563140163,127.0498269137972,Low,UK,Low-cost nurture
18201,1,447.53,447.53,191,27,348,United Kingdom,1,0.2262259971765865,652.1936171950282,147.54315140215022,Low,UK,Low-cost nurture
18203,3,332.1,110.7,68,30,7,United Kingdom,1,0.6893682574209159,516.0005020301052,355.7143669128114,Medium,UK,Grow customer value
18206,1,314.66,314.66,246,19,179,United Kingdom,1,0.3740483371895317,579.8397192361987,216.88808281674503,Low,UK,Low-cost nurture
18207,1,544.47,544.47,325,31,125,United Kingdom,1,0.4714885496145807,909.3145796055504,428.73141228161313,Medium,UK,Low-cost nurture
18208,1,360.08,360.08,82,17,191,United Kingdom,1,0.3289473110542416,638.9277540482668,210.1735666521032,Low,UK,Low-cost nurture
18210,1,147.45,147.45,101,10,8,United Kingdom,1,0.491157754755263,372.2774063259546,182.8469350371686,Low,UK,Low-cost nurture
18212,1,298.3,298.3,66,12,303,United Kingdom,1,0.2143290901904259,517.809211313889,110.98157715312786,Low,UK,Low-cost nurture
18214,4,1780.34,445.085,989,38,156,United Kingdom,1,0.7302873726177933,1869.485649282043,1365.2617629608526,High,UK,Protect loyalty
18215,4,1933.15,483.2875,1013,49,63,United Kingdom,1,0.8096644695251035,2092.0650362895417,1693.8707278193883,Very High,UK,Protect loyalty
18217,2,323.29,161.645,249,7,139,United Kingdom,1,0.5015894521371105,574.8244531772733,288.3258825442026,Medium,UK,Low-cost nurture
18218,2,479.92,239.96,492,16,222,United Kingdom,1,0.4623494632403068,692.5838145546472,320.2157549082653,Medium,UK,Low-cost nurture
18219,7,1282.93,183.2757142857143,701,51,15,United Kingdom,1,0.8798053546434434,1530.092992988824,1346.18400833398,High,UK,Protect loyalty
18220,5,1616.48,323.296,1064,17,20,United Kingdom,1,0.8473711940817418,2098.635612413232,1778.3233648330674,Very High,UK,Protect loyalty
18221,1,383.33,383.33,209,20,16,United Kingdom,1,0.5562823203422721,770.5965926673632,428.6692606168495,Medium,UK,Low-cost nurture
18223,12,7516.31,626.3591666666667,3696,129,13,United Kingdom,1,0.9537429068545628,6420.061546400631,6123.088161449337,Very High,UK,Protect loyalty
18225,14,7509.84,536.4171428571428,4040,178,12,United Kingdom,1,0.9608164300153984,6278.376576441753,6032.367368469064,Very High,UK,Protect loyalty
18226,15,6650.83,443.38866666666667,4417,204,4,United Kingdom,1,0.9644103352907124,5663.44402002173,5461.883946249336,Very High,UK,Protect loyalty
18227,1,295.0,295.0,1,1,110,United Kingdom,1,0.25306198314398,702.5283431240232,177.78321572581976,Low,UK,Low-cost nurture
18229,8,2873.61,359.20125,583,24,12,United Kingdom,1,0.8960370452222503,3293.4303337932497,2951.0355849374328,Very High,UK,Protect loyalty
18230,2,1480.86,740.4300000000001,680,42,4,United Kingdom,1,0.7529415261566376,1898.236991621735,1429.2614574786537,High,UK,Protect loyalty
18231,23,4782.400000000001,207.93043478260867,2096,149,32,United Kingdom,1,0.9666044990803512,4526.39609429152,4375.2348293619125,Very High,UK,Protect loyalty
18234,1,179.6,179.6,80,30,177,United Kingdom,1,0.3279400971015517,338.11824970896106,110.8825316413634,Low,UK,Low-cost nurture
18236,6,913.11,152.185,293,43,14,United Kingdom,1,0.8430717032227725,1152.8043086257846,971.8966919556908,High,UK,Protect loyalty
18238,1,270.92,270.92,114,14,141,United Kingdom,1,0.3778032566254756,538.3384066750197,203.3860032083921,Low,UK,Low-cost nurture
18239,1,150.65,150.65,49,8,48,United Kingdom,1,0.4184526091822172,371.577208044066,155.487452218683,Low,UK,Low-cost nurture
18241,4,913.9,228.475,420,42,41,United Kingdom,1,0.7849666636885277,1140.9342074415952,895.5953183035435,High,UK,Protect loyalty
18242,4,1372.72,343.18,1004,46,71,United Kingdom,1,0.7947769435274916,1572.682345337823,1249.9316675672424,High,UK,Protect loyalty
18243,1,515.78,515.78,221,26,40,United Kingdom,1,0.5474936605932645,941.6815298453452,515.5646678880936,Medium,UK,Low-cost nurture
18244,2,568.64,284.32000000000005,856,19,56,United Kingdom,1,0.6705758736216966,900.185814727417,603.6428891326964,Medium,UK,Low-cost nurture
18245,13,3757.92,289.07076923076926,3310,220,5,United Kingdom,1,0.9547599565857549,3414.345117173481,3259.879995841337,Very High,UK,Protect loyalty
18246,1,162.72,162.72,48,1,235,United Kingdom,1,0.2187283081554734,409.5733859758208,89.58529378000001,Low,UK,Low-cost nurture
18247,3,839.73,279.91,335,28,40,United Kingdom,1,0.7335219190902864,1129.5986816549514,828.5853927693975,High,UK,Protect loyalty
18251,8,21964.14,2745.5175,31815,77,71,United Kingdom,1,0.9457959773748296,16147.842908428767,15272.5648660726,Very High,UK,Protect loyalty
18252,5,1015.42,203.084,698,35,174,United Kingdom,1,0.7201694090245162,1152.556989229415,830.0362858004235,High,UK,Protect loyalty
18253,1,317.88,317.88,128,7,268,United Kingdom,1,0.2543915814656499,601.7389509547435,153.07732336285832,Low,UK,Low-cost nurture
18254,1,267.9,267.9,188,16,207,United Kingdom,1,0.3283728770260675,503.19304433829495,165.23494766887148,Low,UK,Low-cost nurture
18255,1,199.85,199.85,127,13,82,United Kingdom,1,0.4328461818133914,441.6613992375435,191.1714503143306,Low,UK,Low-cost nurture
18256,1,110.7,110.7,180,10,13,United Kingdom,1,0.4953564786028713,294.9022066827772,146.08171863459663,Low,UK,Low-cost nurture
18257,4,2262.52,565.63,1328,134,72,United Kingdom,1,0.8243057497372704,2114.1956959893064,1742.7436682737757,Very High,UK,Protect loyalty
18258,6,2059.67,343.27833333333336,1981,30,90,United Kingdom,1,0.8470745325269448,2308.846355406374,1955.764947182395,Very High,UK,Protect loyalty
18259,4,1603.3,400.8250000000001,560,35,11,United Kingdom,1,0.8238267456828219,1918.2169568429092,1580.2784330695,Very High,UK,Protect loyalty
18260,17,7318.91,430.5241176470588,3769,169,0,United Kingdom,1,0.967805904818917,6360.4781172303965,6155.708279327086,Very High,UK,Protect loyalty
18262,2,428.06,214.03,370,27,19,United Kingdom,1,0.6767510343371872,691.9141405442595,468.2536102858535,Medium,UK,Grow customer value
18264,1,603.25,603.25,241,36,124,United Kingdom,1,0.4685635681297514,969.4868475866492,454.2662165600649,Medium,UK,Win back now
18266,1,251.1,251.1,138,14,60,United Kingdom,1,0.4700270024890827,540.1382310634324,253.87955367650065,Medium,UK,Low-cost nurture
18267,1,269.37,269.37,135,17,298,United Kingdom,1,0.2376532447650112,464.7654835269746,110.45302521496492,Low,UK,Low-cost nurture
18268,5,1464.73,292.946,709,36,217,United Kingdom,1,0.6926611347134449,1508.7025626362183,1045.0196289806852,High,UK,Protect loyalty
18270,1,161.4,161.4,108,6,58,United Kingdom,1,0.4327296973847305,407.9510110620324,176.53251756466813,Low,UK,Low-cost nurture
18271,2,680.85,340.425,319,19,235,United Kingdom,1,0.4487268919405712,893.9626665915139,401.1450888905151,Medium,UK,Low-cost nurture
18272,3,1307.4,435.8,830,50,174,United Kingdom,1,0.6574920526109258,1398.2883398342392,919.3634706995376,High,UK,Win back now
18273,1,153.0,153.0,60,1,216,United Kingdom,1,0.2376254251898059,396.4066101521889,94.19628928546356,Low,UK,Low-cost nurture
18275,2,741.85,370.925,417,19,204,United Kingdom,1,0.4961380450796245,988.7137869144552,490.5385253830102,Medium,UK,Win back now
18276,5,1320.66,264.132,1060,69,18,United Kingdom,1,0.8575545348646116,1509.0348166800254,1294.0796503125437,High,UK,Protect loyalty
18277,4,1069.67,267.4175,381,48,23,United Kingdom,1,0.8014586478345893,1297.0658325192555,1039.5446282833284,High,UK,Protect loyalty
18278,1,240.3,240.3,74,15,30,United Kingdom,1,0.4810286043986198,523.2878449252655,251.71642174316185,Medium,UK,Low-cost nurture
18279,1,231.34,231.34,630,13,145,United Kingdom,1,0.4252182031189394,488.43073033641593,207.689637501722,Low,UK,Low-cost nurture
18280,1,307.55,307.55,149,20,20,United Kingdom,1,0.5315785130200132,635.1530829448837,337.63373137191843,Medium,UK,Low-cost nurture
18281,1,120.32,120.32,92,10,203,United Kingdom,1,0.2781965449490465,269.11055749179457,74.865627303529,Low,UK,Low-cost nurture
18283,6,619.37,103.22833333333334,322,158,8,United Kingdom,1,0.8532375582002532,720.199434839488,614.5012071996471,Medium,UK,Grow customer value
18284,1,461.68,461.68,494,28,57,United Kingdom,1,0.5543305721336902,851.4794407753731,472.0010855650871,Medium,UK,Low-cost nurture
18285,1,427.0,427.0,145,12,286,United Kingdom,1,0.2579544109515996,718.193166181992,185.26109513194,Low,UK,Low-cost nurture
18286,2,1296.43,648.215,608,67,102,United Kingdom,1,0.662323688234984,1485.841849857755,984.1082541316796,High,UK,Win back now
18287,4,2345.71,586.4275,1427,77,8,United Kingdom,1,0.8589718879507271,2449.5479201085027,2104.092801561377,Very High,UK,Protect loyalty
