CustomerID,RepeatProbability,ConditionalFutureRevenue,PredictedCLV,CLVSegment,Treatment
14858,0.36728284505497727,396.75132468193,145.71995530851027,Low,Control
15848,0.2417486314837736,250.5669127358435,60.574208249004286,Low,10% Discount
14674,0.3650234612631026,372.2861518500424,135.8931797286235,Low,Free Delivery
14678,0.3492536010439522,677.2474336029317,236.5311049835988,Low,Control
14086,0.2168718180609556,135.4276748671656,29.370446064210185,Low,10% Discount
16277,0.15841039004142407,310.1932569593605,49.13783482315198,Low,Free Delivery
16998,0.3449994822049227,310.25206044071126,107.03680020505577,Low,Control
16970,0.1634290149491533,189.3637014589664,30.947523196564422,Low,10% Discount
14588,0.2762837314010802,279.72007884536106,77.28210713120072,Low,Free Delivery
15022,0.2316678377437602,472.21203551288124,109.3963412238489,Low,Control
14677,0.2945219709931266,369.48053405284753,108.82013513283769,Low,10% Discount
14394,0.26263021654080104,231.39234139715035,60.770620727016556,Low,Free Delivery
13788,0.14139379074102107,20.691196460565315,2.925606702526528,Low,Control
16397,0.2152890906011126,263.13016157834136,56.64905319592493,Low,10% Discount
17763,0.2996629185065226,129.31372212568849,38.750527375125294,Low,Free Delivery
16649,0.37195417885796844,567.9538150564352,211.25279490856684,Low,Control
17827,0.34305749536393354,572.110426421275,196.26676995967458,Low,10% Discount
15280,0.5674286181016758,437.0623354246416,248.0016770142955,Low,Free Delivery
13594,0.3373864405985429,328.4414726710156,110.81169940941756,Low,Control
13600,0.2975081969081072,513.566594145747,152.79027141653887,Low,10% Discount
17794,0.24444029663100353,253.3254924080766,61.922958508425275,Low,Free Delivery
16006,0.5435249229274747,435.7884681571356,236.86189356778937,Low,Control
15229,0.2835152647011082,345.05316416111975,97.82783917309482,Low,10% Discount
18091,0.3679200305654063,619.0628245808198,227.76561334168196,Low,Free Delivery
13169,0.24737994311607223,299.78915345468835,74.16182372843625,Low,Control
17327,0.5251581491003433,353.4591677507947,185.6219623185551,Low,10% Discount
17958,0.2246315824780287,665.805000326034,149.56083084502143,Low,Free Delivery
16486,0.2747940784172472,309.1789798249336,84.96055282697729,Low,Control
16109,0.25158386609220384,565.1010551656518,142.17030819135843,Low,10% Discount
16687,0.49277512934121515,402.98417933793036,198.58058109571206,Low,Free Delivery
16845,0.2910286988635806,454.68205482997644,132.32552681378726,Low,Control
15503,0.17215383827650968,192.0394090033955,33.06032136028704,Low,10% Discount
12829,0.3107315897254507,228.26965556324896,70.93059295924941,Low,Free Delivery
14729,0.3968353742028804,356.6717845322104,141.53998108244883,Low,Control
17149,0.3486462606868787,352.59178113151177,122.92980604042793,Low,10% Discount
14237,0.32726971447368514,561.5119815363184,183.7658658709441,Low,Free Delivery
12969,0.23472421182477635,285.42045492520447,66.99509132098773,Low,Control
14647,0.3633847214672024,515.8346819922231,187.44644223886692,Low,10% Discount
17219,0.4673421329588599,323.6311995455219,151.2464950876386,Low,Free Delivery
15403,0.5238960611391101,353.6387581263875,185.26995244854086,Low,Control
16876,0.5062641268118633,303.1196129109361,153.45858614990507,Low,10% Discount
15127,0.3963794931782497,609.3184175537349,241.52132553412258,Low,Free Delivery
16892,0.45113715850646346,350.9072949165224,158.3073199278295,Low,Control
15283,0.6031221703225493,296.1900690669695,178.63879728365643,Low,10% Discount
14751,0.25088669608391556,224.88765279994865,56.42132020104584,Low,Free Delivery
15006,0.4635310539506278,500.463787354311,231.9805068164667,Low,Control
12404,0.11094139841753263,212.43837686584357,23.568210607047497,Low,10% Discount
16294,0.35792619430030875,307.42496410573995,110.03544743527652,Low,Free Delivery
17983,0.4995509103495883,381.5586292280507,190.60796058261374,Low,Control
14166,0.49198432969507344,379.0882237854056,186.50546567435876,Low,10% Discount
14784,0.49742706611931004,389.8711995951432,193.93248697902803,Low,Free Delivery
14906,0.24460162952970976,214.2206712238908,52.3987252603119,Low,Control
18186,0.22117314605913746,564.2940241027593,124.80668461317802,Low,10% Discount
13642,0.6232654470909444,261.49900244360947,162.98329267185224,Low,Free Delivery
13913,0.23587536700522846,129.75586137041645,30.606211421826526,Low,Control
14070,0.23222414105764558,480.02539185612835,111.47348430964914,Low,10% Discount
14843,0.452169998008863,490.6610063353739,221.8621862576927,Low,Free Delivery
16188,0.4231807105514444,284.41836112362364,120.36036415417236,Low,Control
18123,0.3119891384418049,203.96581858966488,63.63512001336702,Low,10% Discount
13241,0.4458832437249074,244.7048702935466,109.1098013217693,Low,Free Delivery
13125,0.3299447513252177,306.9962796976963,101.29181116262339,Low,Control
16867,0.16481768504550767,177.43865658544198,29.24502861599737,Low,10% Discount
17875,0.20963947522419238,292.9564031067363,61.41522661086316,Low,Free Delivery
13282,0.47861129568041066,417.9545266151402,200.03775751876492,Low,Control
14876,0.47776241125608027,441.3600842485534,210.8652580827756,Low,10% Discount
15359,0.5577458110983103,290.8850377862363,162.23991133644702,Low,Free Delivery
17254,0.5172246453045478,408.7709486468932,211.42640892469288,Low,Control
13187,0.4090274349316754,183.36375285237165,75.00080548865125,Low,10% Discount
17818,0.17206273824782475,207.43425190840742,35.69170538974965,Low,Free Delivery
16760,0.4813206694326604,490.7056259428121,236.18676037316698,Low,Control
12799,0.3913190877043176,566.4704258802062,221.67069026691857,Low,10% Discount
15250,0.1810561486021518,160.27064425923797,29.017985583563195,Low,Free Delivery
15534,0.16236075613328352,312.9180652484878,50.805613681508625,Low,Control
16640,0.4994546581827124,423.72775361641595,211.6328003450156,Low,10% Discount
17778,0.24329486320742846,387.01122711443884,94.15784356054643,Low,Free Delivery
17225,0.24289303513418334,305.05745548726,74.09633125361161,Low,Control
16733,0.35859786558068024,522.6378034019656,187.41680077172003,Low,10% Discount
17751,0.48370124759651706,338.47426344767536,163.72042350895276,Low,Free Delivery
14654,0.2074414722262223,393.84897485061765,81.70061117780052,Low,Control
17543,0.2961186169233343,264.9477628340141,78.45596508733985,Low,10% Discount
17928,0.2703786335280923,313.74707669638923,84.8305058706033,Low,Free Delivery
13111,0.20940022254146082,543.7075094915248,113.8524734849887,Low,Control
12636,0.09869680108661166,396.0932359002352,39.09313531539786,Low,10% Discount
16847,0.31235324738913006,678.0466507573518,211.7900732453822,Low,Free Delivery
16913,0.33860965990850117,475.665973687889,161.06509358050215,Low,Control
12945,0.2932731531019086,675.1856615146951,198.0138278816126,Low,10% Discount
14123,0.22053766990983148,643.734734324392,141.9677583479258,Low,Free Delivery
14445,0.4389527863406006,431.73258884925303,189.5102228294205,Low,Control
15437,0.24183091404335488,373.3615365700273,90.29036165736117,Low,10% Discount
17591,0.17245464470781,248.01421049128314,42.77120255276223,Low,Free Delivery
16874,0.518962396484868,439.0096436691074,227.82949675848792,Low,Control
16368,0.4222482927873788,316.1219677517719,133.4819611957725,Low,10% Discount
14069,0.46469013450521296,344.55958608516244,160.11344040297465,Low,Free Delivery
16280,0.1873166223393169,402.7591723694649,75.44348778442689,Low,Control
17022,0.43110219957364687,442.8655696761572,190.92032120282752,Low,10% Discount
17012,0.22796178047488583,531.2268015834173,121.09940752493472,Low,Free Delivery
13706,0.2757984896953237,522.7546508761493,144.17494319284822,Low,Control
16605,0.14412495911737855,167.2695326426127,24.10771455369957,Low,10% Discount
18054,0.48658509196829813,424.37900089487806,206.49649517984872,Low,Free Delivery
17403,0.4030537342744767,285.26607086037194,114.9775551220804,Low,Control
13302,0.2295492452904385,258.61084864810465,59.36392513109224,Low,10% Discount
12443,0.2374259789755296,908.0293480090049,215.58975688954988,Low,Free Delivery
18270,0.4327296973847305,407.9510110620324,176.53251756466813,Low,Control
14727,0.48958751832908737,311.75428503940026,152.6310067408989,Low,10% Discount
16323,0.26992392876465865,357.6285721271311,96.53250922705033,Low,Free Delivery
17767,0.45581501835223937,328.15660752556664,149.57871008167476,Low,Control
15352,0.2963013470945926,221.09238625178529,65.50997187876196,Low,10% Discount
16301,0.13800544870546586,224.78176119359475,31.021107814326914,Low,Free Delivery
15029,0.3013501346241219,669.2078913072979,201.66588813697896,Low,Control
17296,0.21789606534879655,503.6175719851855,109.73628737608624,Low,10% Discount
13912,0.3907547958830035,319.29710826173334,124.76687636484688,Low,Free Delivery
14325,0.3565378564664622,470.2191694734798,167.6509347535146,Low,Control
13087,0.18880753128852298,509.17717720155525,96.13648581588446,Low,10% Discount
14596,0.2703493741642357,358.43229038464125,96.90194538574136,Low,Free Delivery
14616,0.5419566436686309,310.1268498044441,168.07530663154213,Low,Control
15295,0.2608991207604691,334.0225529310744,87.14619037388456,Low,10% Discount
14095,0.05708007167262818,14.679562550273426,0.8379104824924356,Low,Free Delivery
14238,0.2959171744963408,470.2561637082555,139.15687525403564,Low,Control
15216,0.3098039953764656,644.8425103882123,199.7747861068582,Low,10% Discount
17743,0.4136717759567134,576.2562246813428,238.38093587004195,Low,Free Delivery
13766,0.3948766607133734,402.3275431815137,158.86975676453167,Low,Control
15479,0.14751223741172026,280.951827008802,41.443832606978965,Low,10% Discount
13312,0.36738625175232265,324.7794540038228,119.31950625263035,Low,Free Delivery
17116,0.3153893550946932,584.4473596989587,184.32847586225077,Low,Control
12992,0.1305039758455424,199.56826814281925,26.044452445247213,Low,10% Discount
17261,0.39020239360298814,400.62779546181866,156.32592473309,Low,Free Delivery
12934,0.13515035499406455,384.24295705253945,51.930572049619805,Low,Control
17352,0.12292061836625623,94.38943809323473,11.602408097663874,Low,10% Discount
15689,0.2803674934502673,487.64915683108524,136.72097178386767,Low,Free Delivery
18115,0.08402407325295555,33.33707104395971,2.801116499436654,Low,Control
12638,0.2655626875028166,607.8904696810405,161.43302683584656,Low,10% Discount
12927,0.5032325073901399,468.3859376450224,235.70702982738635,Low,Free Delivery
16865,0.4882357050392222,320.0268330010449,156.24852644173458,Low,Control
15432,0.2756633264746884,343.1871484192396,94.60411093661018,Low,10% Discount
13620,0.30552988735900427,282.9824447273546,86.45959446212431,Low,Free Delivery
16090,0.24476731000625482,338.2058871540256,82.78174522696982,Low,Control
13907,0.17537813023087734,299.45941375210145,52.51863206387823,Low,10% Discount
15294,0.4827990970647179,510.57895837208343,246.50706008228607,Low,Free Delivery
12568,0.20545191980032798,220.6887612610475,45.34092967943846,Low,Control
16530,0.14054616359609562,128.81774998684654,18.104840563732278,Low,10% Discount
17833,0.2116212492249572,511.0449338344042,108.14796730812222,Low,Free Delivery
13628,0.2312975630065905,522.6935431514952,120.89774273022098,Low,Control
14999,0.2644079210024874,285.7767174567124,75.56162773364457,Low,10% Discount
14419,0.5045065407469966,439.6619619727672,221.81233553291835,Low,Free Delivery
13669,0.4776619008417629,499.4652341861999,238.5755131657565,Low,Control
13088,0.4710064964053282,497.1807316060715,234.17535447401357,Low,10% Discount
15474,0.26348400019859913,294.828745485341,77.68265723401232,Low,Free Delivery
14497,0.21798686680651014,411.8508671501414,89.77808012160358,Low,Control
13556,0.5575254756429413,402.8118884696864,224.5778897136933,Low,10% Discount
16589,0.43650457508211055,363.6149896414476,158.71960654692612,Low,Free Delivery
13653,0.3643369494338389,353.96967944948653,128.96423320269975,Low,Control
17087,0.17702540490217195,388.7123243625154,68.81195661073869,Low,10% Discount
17772,0.4965199416834142,376.36499688960265,186.87272630730388,Low,Free Delivery
14487,0.470240893703638,243.18756409664266,114.356737478416,Low,Control
14670,0.19056603868013575,287.31157206667086,54.751828155707805,Low,10% Discount
15499,0.1781222798153367,256.1450355985015,45.62513770418567,Low,Free Delivery
16064,0.1588604592559965,206.57144928842112,32.81603530313537,Low,Control
17318,0.16770767202946207,280.32588154060613,47.012801002781806,Low,10% Discount
18018,0.5941379879514994,347.2454432736673,206.31170899194322,Low,Free Delivery
13457,0.2659146091691949,250.6715839111133,66.65723626554673,Low,Control
14908,0.3551266969305181,277.62731082995543,98.59286987274433,Low,10% Discount
14464,0.34613591702840374,233.8374605920626,80.9395438576268,Low,Free Delivery
15512,0.6261966247657011,387.59530954130315,242.7108746097812,Low,Control
17559,0.3903787986080483,373.0033667144228,145.61260617473363,Low,10% Discount
14137,0.2513170334392841,584.1049509365512,146.79552348657262,Low,Free Delivery
14884,0.19536161189651544,255.84298152672693,49.981897263471794,Low,Control
15943,0.3459220805221567,418.86439381604157,144.8944425654971,Low,10% Discount
16452,0.3779493553074265,495.5553570509252,187.29482771653872,Low,Free Delivery
13315,0.24519015075148057,505.9681547370661,124.05840813542967,Low,Control
15391,0.3067750657900582,548.535943627942,168.27715019467354,Low,10% Discount
16786,0.39670549192564614,188.81134114733968,74.90249597099638,Low,Free Delivery
17361,0.3494075962740195,503.3688364750831,175.8808951920088,Low,Control
18157,0.3297049481321046,397.48423733516086,131.05251985391837,Low,10% Discount
15246,0.3395355225473958,499.6610958032527,169.6526912601618,Low,Free Delivery
14241,0.17078758989573248,285.98483710349717,48.842661075629934,Low,Control
18048,0.4212212758768116,401.3445448020678,169.05486122772516,Low,10% Discount
16315,0.31818401118310996,384.7863776738679,122.43287309689035,Low,Free Delivery
17915,0.3607641738180642,420.44341511720626,151.6809212920043,Low,Control
14806,0.41242442341890184,281.682171344079,116.1726071039661,Low,10% Discount
16547,0.32130514076498007,221.3081603813835,71.1074496237792,Low,Free Delivery
14977,0.10805926130248253,85.12446275452913,9.198486564025105,Low,Control
15709,0.27337236726080577,364.49461000814557,99.64275439173095,Low,10% Discount
14172,0.46156487244144073,460.766444990506,212.673605407339,Low,Free Delivery
16896,0.2566638269314739,220.7724993448027,56.66431456306337,Low,Control
13835,0.5276839457468644,410.8045492950538,216.77496550277624,Low,10% Discount
16273,0.3082848208305966,455.1850672793469,140.32664691097654,Low,Free Delivery
15115,0.17354426026100067,338.5019836991016,58.74507635794189,Low,Control
17901,0.3536202294893695,311.38283365181275,110.11126909500419,Low,10% Discount
15158,0.41303843632159987,515.980681348173,213.11985379620307,Low,Free Delivery
15724,0.4162932207819748,259.2178908994063,107.91065068682441,Low,Control
14750,0.16210643201634092,194.91408411582447,31.596826725749256,Low,10% Discount
13794,0.2955848613196881,288.03570617537764,85.13899426496742,Low,Free Delivery
15833,0.1228109663298333,178.23279037213638,21.888941217264676,Low,Control
13056,0.3464631343386127,412.5986139379682,142.95020900871566,Low,10% Discount
14173,0.26918319420857123,265.3722236936117,71.4337428280779,Low,Free Delivery
13793,0.19754658144213064,217.23803296697332,42.91463077183845,Low,Control
16291,0.12047564714726147,356.0915156506249,42.90035579165822,Low,10% Discount
18279,0.4252182031189394,488.43073033641593,207.68963750172202,Low,Free Delivery
15543,0.4069960931868576,251.46900109774296,102.34690100438299,Low,Control
17784,0.3033628998190324,241.53152766234163,73.2717046293688,Low,10% Discount
17579,0.33667868241000376,496.72751176324635,167.23756417724942,Low,Free Delivery
17036,0.4899843596884379,422.40707481799575,206.97286008256174,Low,Control
16819,0.5495446911701708,336.6344056161379,184.9956504715745,Low,10% Discount
15188,0.217230806808775,489.6300959214878,106.36274077488268,Low,Free Delivery
14707,0.4966908439249315,352.12153319910817,174.89554148880583,Low,Control
16585,0.41142960685399466,511.9829633899511,210.64494934347073,Low,10% Discount
16741,0.2450352245667172,346.6254483496799,84.93544457690285,Low,Free Delivery
17812,0.7062444926516429,337.67220878691785,238.47913777727643,Low,Control
14579,0.41799947872262677,242.9764764494049,101.56404049771186,Low,10% Discount
18124,0.36529501544868936,234.18791862989642,85.54767935380441,Low,Free Delivery
18037,0.7367068153510508,204.14117006037637,150.39219127721714,Low,Control
16651,0.2553918902886214,310.54741904774085,79.31129237485517,Low,10% Discount
17170,0.6172622138183916,382.5035752592651,236.10500365798376,Low,Free Delivery
17066,0.18456731838629709,385.46198119540463,71.1436842091051,Low,Control
15685,0.3557692489447113,145.95605267585896,51.92667523942506,Low,10% Discount
16375,0.4712844767714599,216.1234311332082,101.85561815966666,Low,Free Delivery
12925,0.22666923994445853,103.65843509449547,23.496178696701275,Low,Control
17285,0.3926308980594172,517.3274854482312,203.1187552023591,Low,10% Discount
15868,0.24151349902504687,238.82079364691953,57.67844551360622,Low,Free Delivery
18254,0.32837287702606754,503.19304433829495,165.23494766887148,Low,Control
14980,0.16854768945726775,258.79506157072643,43.619309670697284,Low,10% Discount
18239,0.4184526091822172,371.577208044066,155.487452218683,Low,Free Delivery
18017,0.4087466118458851,482.5572742696434,197.24365087930227,Low,Control
14840,0.36913517055203016,561.5850499185519,207.30079318115503,Low,10% Discount
17316,0.435696447552132,268.2214948306825,116.8631524548509,Low,Free Delivery
14928,0.2934753580017691,407.5217291679409,119.59758536106145,Low,Control
14318,0.41980038413403364,377.9100682716054,158.64679182853882,Low,10% Discount
16196,0.3035733198887918,251.18373483897088,76.25268028713236,Low,Free Delivery
17040,0.1652323286708735,53.82607583908689,8.893807854107369,Low,Control
14446,0.5416429187821947,393.1005909764931,212.9201514715134,Low,10% Discount
14604,0.2432995515263078,276.4137294990448,67.25133642283176,Low,Free Delivery
12851,0.3827978032510539,304.13711278259296,116.42301866029462,Low,Control
16299,0.401506912863327,425.65749653366845,170.90442737036554,Low,10% Discount
13428,0.5280056381954058,389.8262962602678,205.83048234225402,Low,Free Delivery
16776,0.5186350231584189,429.5606159916802,222.78518002278977,Low,Control
17510,0.4940904298018366,462.6694044878731,228.60052491957302,Low,10% Discount
13119,0.21213607186823222,273.60109931472607,58.04066246745607,Low,Free Delivery
14472,0.2353809052291942,410.1096633588886,96.5319838046553,Low,Control
13535,0.3430459394374586,285.2802177086532,97.86422028678764,Low,10% Discount
17008,0.33913407491312114,261.72742303398536,88.76068749002575,Low,Free Delivery
15761,0.3724919572231155,364.9127548133699,135.927066256111,Low,Control
17938,0.44422437468126946,311.1661647418768,138.2275949544291,Low,10% Discount
12387,0.49169399396874736,460.86057279453814,226.6023757000711,Low,Free Delivery
14637,0.19275955906624248,234.1082149538,45.1265962882796,Low,Control
18107,0.437123993241383,334.1331396574111,146.05761228132826,Low,10% Discount
14083,0.4004167924567585,172.33682948427918,69.0065604842624,Low,Free Delivery
12956,0.41758479581842245,517.0625523731981,215.91746035811428,Low,Control
12717,0.3255324155892266,649.1553358494785,211.3211045717164,Low,10% Discount
16251,0.3301601018640425,273.04252793676847,90.14774883681915,Low,Free Delivery
16932,0.6139295321800962,390.3443269261944,239.64391001895305,Low,Control
14762,0.23282671189147902,255.71824147322576,59.538037332882396,Low,10% Discount
15317,0.17688845918717203,281.42909827486193,49.78155956427554,Low,Free Delivery
13033,0.2996945405641074,108.51705341580906,32.5219684668216,Low,Control
14581,0.35769108832596813,460.6188011622287,164.7592402911203,Low,10% Discount
17575,0.20034159550386968,361.30256273653316,72.38393187827403,Low,Free Delivery
16396,0.3739429274209368,333.3987505559528,124.67210478137568,Low,Control
18110,0.48655090540241114,404.5754953802958,196.84657358091192,Low,10% Discount
13679,0.5880026973899297,396.3595366030501,233.06047665881604,Low,Free Delivery
16136,0.24778271104553468,456.199598654243,113.03837333243318,Low,Control
17765,0.4108810510284792,335.95969789164565,138.0394737729297,Low,10% Discount
16543,0.3398328043229715,534.6103097845365,181.67812079405158,Low,Free Delivery
17077,0.25368723559954554,707.9536601360148,179.5988069724858,Low,Control
16694,0.13091097936689644,223.98290435795192,29.321821370941382,Low,10% Discount
14989,0.26507595139559886,573.2116708415031,151.94462899937227,Low,Free Delivery
14724,0.3418395389138548,551.261269034564,188.4428980278418,Low,Control
14900,0.22326816681114262,58.047733842009826,12.960211122446658,Low,10% Discount
14610,0.44355236992715374,69.54827416257552,30.848301829153808,Low,Free Delivery
16973,0.4541207380760567,342.802787636035,155.67385493580593,Low,Control
13943,0.3071211101055864,468.6641632048718,143.93665807018596,Low,10% Discount
13915,0.3774827596175362,228.31251762556585,86.18403920852597,Low,Free Delivery
17902,0.39788541568354274,420.55804301767773,167.33391176514596,Low,Control
15340,0.2783178455689777,252.9071166631346,70.38856383874572,Low,10% Discount
15931,0.46944953924294885,520.9604705978477,244.5646528859494,Low,Free Delivery
12416,0.25916727842160003,496.2163294290757,128.60303560648967,Low,Control
16526,0.3420196389161404,721.7784401996948,246.86240149455466,Low,10% Discount
15445,0.2637544007576028,358.68035910263904,94.60352317863835,Low,Free Delivery
16453,0.46545768918138364,419.43387196367036,195.22872080861035,Low,Control
16964,0.21615285928733666,330.6609068070921,71.47330046089651,Low,10% Discount
18056,0.26509983973443246,381.1398160108429,101.04010414088552,Low,Free Delivery
15591,0.42465893027256546,370.11848251629016,157.174118859473,Low,Control
12789,0.4203022924366048,492.4565950453499,206.9806358230853,Low,10% Discount
15131,0.444131545771903,230.33195383699427,102.29768669828687,Low,Free Delivery
16436,0.42353840156152656,397.06092575270225,168.17054981583948,Low,Control
18175,0.19808392872950978,354.10910402076695,70.14332252332017,Low,10% Discount
15729,0.490325324129418,249.32847144644043,122.25206357666823,Low,Free Delivery
13695,0.3173779939252253,559.0867220939998,177.4418222884236,Low,Control
15020,0.526829394477649,428.3082320834009,225.64536655829045,Low,10% Discount
14743,0.20662383257616126,143.80630113531865,29.71380908918111,Low,Free Delivery
17483,0.44545015071560734,438.36779594202704,195.27100077124456,Low,Control
17359,0.231516251451309,287.85218257962725,66.6424582829131,Low,10% Discount
15378,0.5274622836276613,465.2813956290757,245.41838746797762,Low,Free Delivery
14811,0.4984216064267721,370.71791514362036,184.77381879706704,Low,Control
15487,0.22711820352082898,416.3826182277963,94.56807222919628,Low,10% Discount
17647,0.2666692211231696,341.37734952861206,91.03483190788701,Low,Free Delivery
13962,0.43400344763748744,436.28515901612315,189.3492631660669,Low,Control
13400,0.3515306565702482,550.2685712273834,193.43627213353446,Low,10% Discount
15424,0.4639163169129252,462.5030076615393,214.56269187549174,Low,Free Delivery
16433,0.4853213960987516,444.5382599531836,215.74392893978882,Low,Control
13955,0.5495654151688175,436.1093709062131,239.67062748108484,Low,10% Discount
16715,0.3791557386204318,649.3902728064093,246.2200485388378,Low,Free Delivery
17070,0.481426668927269,284.8737513720688,137.1458211878701,Low,Control
18246,0.21872830815547348,409.5733859758208,89.58529378000001,Low,10% Discount
13290,0.28322658342379253,545.222134163476,154.42140226614993,Low,Free Delivery
16821,0.40612338332444375,300.2467377831035,121.9372209806011,Low,Control
16050,0.595174517078075,345.20553496650854,205.45753756637026,Low,10% Discount
16596,0.2751477991402015,321.95591589470433,88.5854616785957,Low,Free Delivery
15773,0.48150093671316724,298.6380610963378,143.79450615609073,Low,Control
17577,0.36640843229719394,489.0323590695212,179.1855800292617,Low,10% Discount
17223,0.4819452950051133,327.5746528604855,157.87306270904426,Low,Free Delivery
13905,0.19204621261854177,522.2219646362818,100.29075045461197,Low,Control
17583,0.2776974620498185,310.9813066731619,86.35871960807334,Low,10% Discount
17110,0.4843175358822181,489.87211782083244,237.25365700038918,Low,Free Delivery
13063,0.40004185814016396,415.59363245070415,166.25484895680003,Low,Control
15324,0.17764267618019294,283.0681276742638,50.28497974137276,Low,10% Discount
14787,0.37046485348296093,260.7975784491456,96.61633668887373,Low,Free Delivery
16238,0.40137544298037553,188.72717202034508,75.75045227209954,Low,Control
13688,0.2614582474285417,720.1268325507808,188.28309956499405,Low,10% Discount
15924,0.16413566882992547,201.8612280241136,33.13262767256798,Low,Free Delivery
17108,0.19107812104793093,341.350112464998,65.22453810931172,Low,Control
13289,0.19840531640356704,501.7845159418419,99.55671565185187,Low,10% Discount
14033,0.32376361616267957,320.4503924351183,103.75017785554368,Low,Free Delivery
15152,0.2595266246741194,748.8121095916434,194.33667931742602,Low,Control
16781,0.23368509401120482,506.51492958339946,118.3649889377755,Low,10% Discount
15374,0.2508571726718856,312.5413074181166,78.40322872208337,Low,Free Delivery
17842,0.3023869976662808,717.3712516803877,216.92373900773433,Low,Control
15731,0.306862017244916,292.0059007094632,89.60551973912453,Low,10% Discount
17202,0.42697856022101904,393.45087492316196,167.99508809239194,Low,Free Delivery
12821,0.24589060775143629,286.7857931034978,70.51793296069674,Low,Control
13469,0.18752589022898072,193.31387693244582,36.25135686537252,Low,10% Discount
15001,0.6027248498557575,335.2047063518685,202.0362063068732,Low,Free Delivery
16028,0.20332810700352152,202.05656359148747,41.08377858269382,Low,Control
17177,0.337817265213468,247.48529248878137,83.60480468911535,Low,10% Discount
13105,0.3737243319239831,240.97177877655145,90.05701703580053,Low,Free Delivery
13702,0.3962391079688785,352.462555365184,139.65944853033196,Low,Control
13490,0.18854123772290188,312.24381147971883,58.870834687702626,Low,10% Discount
13616,0.44833999246088607,415.6713861277765,186.36210612273337,Low,Free Delivery
15548,0.27188299202793637,301.5886975656216,81.9968374559496,Low,Control
16599,0.5131197547380233,418.87128560833895,214.93113133815137,Low,10% Discount
15361,0.4686185469116689,490.541300944353,229.87675164870237,Low,Free Delivery
17945,0.41051266371272266,402.0300890690257,165.0384427563889,Low,Control
15470,0.2751627074691816,176.71176740884954,48.62448836188332,Low,10% Discount
17599,0.2685841924816229,158.0620367152567,42.452964493167855,Low,Free Delivery
13825,0.39227521507413626,357.12264432815755,140.09036211167228,Low,Control
17959,0.23415153805219444,350.42993217014106,82.0537075971647,Low,10% Discount
14516,0.35226766329582554,294.379646267163,103.7004301123852,Low,Free Delivery
16047,0.1189823073368703,329.2246872280194,39.1719129186492,Low,Control
17097,0.5151826802549425,463.3215366707559,238.69523108187866,Low,10% Discount
15409,0.16029154068386112,259.3634123412856,41.57376096120823,Low,Free Delivery
15954,0.29902812065031187,364.0996109868952,108.87602240292091,Low,Control
14106,0.12992342684266353,461.67412610825585,59.982284548576594,Low,10% Discount
17089,0.4295532516762902,357.00779377233886,153.35385868868659,Low,Free Delivery
17094,0.3986354566338457,284.5539420133919,113.43329061146933,Low,Control
14133,0.16608634497552152,525.7859842494844,87.325872363354,Low,10% Discount
13163,0.12604130941424332,59.60377911621745,7.512538365845378,Low,Free Delivery
16540,0.4856084382635796,432.84855196974206,210.1949093266783,Low,Control
15524,0.22221770969419685,319.01786895505927,70.8914201907167,Low,10% Discount
13398,0.417941627324313,462.7407319364534,193.39861453476504,Low,Free Delivery
17748,0.37745372326616394,658.7395551868086,248.64369776795758,Low,Control
15999,0.09591362088865371,65.82184203804864,6.313211203430248,Low,10% Discount
13530,0.30363028579889606,674.6143291727986,204.8333415707674,Low,Free Delivery
16921,0.5704161733365583,422.1142748642693,240.78080937881262,Low,Control
15233,0.33566980784446876,203.75416655962522,68.39412193657928,Low,10% Discount
13818,0.3780398946997883,184.14304726326336,69.61341819710222,Low,Free Delivery
16834,0.2881585848007706,744.4696080471211,214.5253086820428,Low,Control
13215,0.4131625365250046,274.41741153524276,113.37899381652696,Low,10% Discount
16304,0.2481210958801196,590.4843989736227,146.51163617344903,Low,Free Delivery
16901,0.16708046494938686,333.8684866077131,55.78290197436485,Low,Control
12495,0.2964959007263508,769.370585724608,228.11522480677772,Low,10% Discount
15575,0.14223242459488566,89.12232638582476,12.67608456739261,Low,Free Delivery
12570,0.11398263891222662,251.53640275556756,28.670782968568265,Low,Control
13387,0.5036236184721157,353.741413687451,178.15253076471564,Low,10% Discount
16508,0.2755845232108849,392.374362304582,108.13230155588323,Low,Free Delivery
16641,0.23356927471513292,512.36505268703,119.67273374549046,Low,Control
13691,0.5327444931091007,415.0595162315434,221.12067158488213,Low,10% Discount
18161,0.5223226909440902,440.1185917790191,229.8839271925408,Low,Free Delivery
13022,0.3909205355636807,245.39864552128537,95.93136993378272,Low,Control
13177,0.4543210385987879,503.38562222222566,228.69867870369865,Low,10% Discount
18273,0.23762542518980595,396.40661015218893,94.19628928546355,Low,Free Delivery
14717,0.13541904914338215,166.83975572457277,22.593281079535792,Low,Control
16388,0.2271148018653717,353.7802696223363,80.34873583915468,Low,10% Discount
14042,0.21833964211037651,649.5095027461482,141.8136723768826,Low,Free Delivery
15851,0.31025928844382056,264.28023860224715,81.99539877849632,Low,Control
13487,0.4780205757739782,468.61120445792466,224.00579776911457,Low,10% Discount
17171,0.19588209455799951,318.14137708791657,62.31819930954745,Low,Free Delivery
16135,0.3319201123162479,547.7736841557871,181.81710276887378,Low,Control
16408,0.3363690782942312,394.0716730654854,132.55352545090292,Low,10% Discount
13906,0.38329669654128595,157.61178233801473,60.41207550614525,Low,Free Delivery
17662,0.35082609119104846,579.2298949401684,203.20895994286093,Low,Control
15405,0.337317207919452,549.7532859811363,185.44124347170091,Low,10% Discount
17933,0.22301676115052632,241.12576323758398,53.77508674719463,Low,Free Delivery
17826,0.511240734144653,299.91821391385633,153.330407864673,Low,Control
17395,0.31006991097452175,267.67020283010316,82.99647596206226,Low,10% Discount
15448,0.2582460869527697,493.06734058933927,127.33271131140542,Low,Free Delivery
13076,0.37537243044736973,325.9430215557349,122.35002418873563,Low,Control
17275,0.4827128281871151,271.8724000297468,131.2362951243778,Low,10% Discount
17151,0.1501413715710954,445.92894474670845,66.95238338752202,Low,Free Delivery
14077,0.4757428441210783,290.27756731602653,138.09747545947423,Low,Control
14079,0.11932078145817031,512.506528722791,61.152679509617634,Low,10% Discount
18111,0.349659866636794,669.2847469190065,234.02201534974023,Low,Free Delivery
17129,0.19960116428876046,104.24654847804082,20.807732449301657,Low,Control
13217,0.21830021340998176,342.41274378957775,74.74877504356223,Low,10% Discount
12846,0.0826057319834618,52.82693282912634,4.36380745479115,Low,Free Delivery
18038,0.3123193038614219,281.8122453329643,88.01540428201567,Low,Control
14311,0.30460917150496475,420.65611392048953,128.1357103498184,Low,10% Discount
18063,0.541322269254226,437.9037259670571,237.04703865536808,Low,Free Delivery
18238,0.37780325662547565,538.3384066750197,203.3860032083921,Low,Control
18012,0.161153307475712,223.46417463253755,36.011990844363524,Low,10% Discount
14378,0.22923245086727886,280.4146724145676,64.28014261673646,Low,Free Delivery
17257,0.568957196841519,361.5866095607189,205.72730379109544,Low,Control
16519,0.5034008456432407,379.18618217889383,190.8826447650871,Low,10% Discount
13903,0.4760432366539585,404.2334832443253,192.43261572753232,Low,Free Delivery
17224,0.3309701426421709,251.11476739076392,83.1114903828767,Low,Control
17923,0.42728656787153346,572.9773455439612,244.82552344562086,Low,10% Discount
14471,0.44248353364195525,532.6813821976241,235.70274030008562,Low,Free Delivery
14187,0.35781673485492765,302.54363367447604,108.25517515254636,Low,Control
18029,0.296265502614097,712.1218708579112,210.97714399221013,Low,10% Discount
14271,0.4471434333470853,236.20267746731966,105.61647616851153,Low,Free Delivery
13308,0.3229306119090656,521.7584924394121,168.4917892322109,Low,Control
16192,0.201500878471542,584.2709059988533,117.73110082413268,Low,10% Discount
12652,0.38835767167374746,355.86067940605614,138.20122489437387,Low,Free Delivery
13191,0.2479240410066599,269.3292026288537,66.77318427684693,Low,Control
13580,0.413212702483741,298.2690619503979,123.24856515581426,Low,10% Discount
15788,0.3783675773555043,458.03895758313365,173.3070907151709,Low,Free Delivery
13625,0.3135656085158531,529.479732853413,166.02663462899176,Low,Control
13896,0.2952292149688348,640.7856062979463,189.17863151067152,Low,10% Discount
15597,0.3138838648909676,458.5681076331321,143.93712993962473,Low,Free Delivery
15256,0.2409535690551563,192.21343413980418,46.31451297633404,Low,Control
12487,0.19840830841705273,739.519186379889,146.72675081158891,Low,10% Discount
13222,0.21634608758650656,250.78704258398082,54.25679548043487,Low,Free Delivery
15697,0.21795285929859304,435.10667963638133,94.83274492666622,Low,Control
17319,0.1282537628150362,84.44432307046272,10.830302182155414,Low,10% Discount
17301,0.25861721453267816,230.15676298136228,59.52250094809773,Low,Free Delivery
15927,0.21177058192867987,222.28043474307842,47.072457016901666,Low,Control
14052,0.5286959034010698,449.1008336806871,237.43777098098445,Low,10% Discount
13765,0.2835554150123108,599.4194818001422,169.9686399283036,Low,Free Delivery
14207,0.16288794889197358,355.9263316783758,57.97611012373491,Low,Control
17278,0.18614712564573863,84.5942874545401,15.746983455712005,Low,10% Discount
18153,0.2563966521672408,438.5053645400933,112.43130742545542,Low,Free Delivery
17592,0.1480281255292562,270.14867062206025,39.98960132640402,Low,Control
13306,0.3760413940569855,169.07066552043847,63.577568756447995,Low,10% Discount
14645,0.2839320453034866,494.7211523025095,140.46718862814922,Low,Free Delivery
15477,0.25269842752096666,768.332833903773,194.1564989402115,Low,Control
14982,0.3348332586405588,411.0436523974502,137.6310855757554,Low,10% Discount
16886,0.3770470849672422,327.98056110020985,123.6641144887546,Low,Free Delivery
17185,0.47414381325498883,316.1105269077366,149.88185063807796,Low,Control
13114,0.1770482514363661,393.8827577446319,69.73625352962087,Low,10% Discount
17439,0.27504149274236056,610.5512120015967,167.9269167445766,Low,Free Delivery
14244,0.30738658099894,630.4880367508126,193.80356197756632,Low,Control
18255,0.4328461818133914,441.6613992375435,191.1714503143306,Low,10% Discount
13412,0.3194054335962167,740.3221002064413,236.46290141730017,Low,Free Delivery
13180,0.21265451685571357,215.69038837435056,45.867535330168735,Low,Control
17240,0.2635363115871542,295.7620525780854,77.94404044387458,Low,10% Discount
14330,0.25958703028914026,387.2359645299124,100.52143405347081,Low,Free Delivery
13551,0.16312373927008464,366.4680826937047,59.779643972135695,Low,Control
16832,0.5647865994954672,433.02393558219615,244.56611607761278,Low,10% Discount
18148,0.2086106116832746,242.81632684120711,50.654062469030144,Low,Free Delivery
14519,0.29611817234290094,276.98091455525315,82.01908219196677,Low,Control
15209,0.17393072194294545,323.09244173126007,56.1957016446271,Low,10% Discount
12776,0.18090953854916847,182.62484721092477,33.0385768365408,Low,Free Delivery
14128,0.37339286208084,537.4145881166695,200.666771180879,Low,Control
15082,0.17632939547170307,211.2710167555126,37.253290665191585,Low,10% Discount
14992,0.4680380491960544,430.17107234294656,201.3364295199675,Low,Free Delivery
15162,0.17980588145779486,517.5859763633895,93.06500271021262,Low,Control
15371,0.13556054487824631,165.8910779267849,22.48828491419458,Low,10% Discount
12768,0.45070842830033564,503.64635742109203,226.99765817244946,Low,Free Delivery
17557,0.08420400434341102,97.36094454362282,8.198181397229815,Low,Control
17467,0.3928702316474997,291.2068036258234,114.40648439780519,Low,10% Discount
17541,0.33799699684445045,245.81881463216632,83.08602111353487,Low,Free Delivery
13442,0.40912077566508825,500.16208115764675,204.62669860148125,Low,Control
15742,0.25287523732605827,273.88413154928156,69.25851476536593,Low,10% Discount
18201,0.22622599717658656,652.1936171950282,147.54315140215022,Low,Free Delivery
14462,0.4873235113139547,484.6999454624403,236.20567935643876,Low,Control
14941,0.28100249136105165,393.89784133130746,110.68627475583762,Low,10% Discount
17103,0.2504701110001672,621.2320497058521,155.60006044668617,Low,Free Delivery
15698,0.18742474986196808,135.8503004110049,25.46170857320581,Low,Control
17530,0.47485729662180504,518.8627207302118,246.38574888378295,Low,10% Discount
13944,0.2583580179454321,339.77240640060927,87.78292547021127,Low,Free Delivery
17660,0.188000562082419,262.0952968425023,49.27406312554889,Low,Control
17246,0.32149410611727824,96.07176435002827,30.886506002822138,Low,10% Discount
13754,0.4322399813833606,395.02705276155893,170.74648593158005,Low,Free Delivery
14486,0.43578875855977006,359.81467617817646,156.8031910432732,Low,Control
12691,0.4452761485788255,438.4866521549339,195.24764767477214,Low,10% Discount
13226,0.49359005418924845,474.7459672868007,234.32988771921913,Low,Free Delivery
13000,0.22540539377939617,698.3931162888138,157.4215753898997,Low,Control
13578,0.46734019637012886,370.55464361303916,173.17507991198084,Low,10% Discount
18103,0.26079450385366887,241.35100447337882,62.94301546621944,Low,Free Delivery
15852,0.26231950525186626,222.95073583597915,58.48432672003358,Low,Control
15112,0.2532660633743468,430.5693497043564,109.04860420927483,Low,10% Discount
14874,0.3236417302583843,287.54833538228274,93.06264079604017,Low,Free Delivery
14131,0.2509468472581878,284.2377500010267,71.32856723451862,Low,Control
13036,0.1898743271571921,562.9234382997639,106.88470908818081,Low,10% Discount
13454,0.27274195338877466,390.79764700491853,106.58691362385831,Low,Free Delivery
13553,0.28797231571403353,649.8423757033326,187.13661378039768,Low,Control
14786,0.29511072643713065,226.97767163032117,66.98354555983258,Low,10% Discount
14650,0.20324019329947307,165.81242384043261,33.69974907278368,Low,Free Delivery
15693,0.14396581854358953,115.4466761309415,16.62037522732767,Low,Control
13051,0.352439025179806,308.0367859130444,108.56418454671397,Low,10% Discount
12470,0.23406520660027955,459.55912517620277,107.56680157941163,Low,Free Delivery
17208,0.4791386602781784,267.89044787959244,128.35667029834912,Low,Control
12961,0.5521985249926932,439.9701508834581,242.9508683586582,Low,10% Discount
13084,0.35426420404867637,343.9770451237187,121.85875410176985,Low,Free Delivery
16822,0.21666493581413002,348.11274944450685,75.4238265144744,Low,Control
16541,0.21667845041392084,592.0465539833027,128.28372989000377,Low,10% Discount
17556,0.4825217168391296,370.8304634387498,178.93375187471563,Low,Free Delivery
12672,0.29391139119831383,526.5930657140997,154.77170053941614,Low,Control
17181,0.20847566343083018,177.84582904514605,37.07652719859283,Low,10% Discount
14773,0.2543872480671832,299.9251563091408,76.2971351396021,Low,Free Delivery
14574,0.15861425298347642,271.6483945380032,43.08730717380605,Low,Control
15702,0.5357974118517265,315.68286963076054,169.14206451408748,Low,10% Discount
13234,0.3519123546169039,421.64112490623864,148.38072106907453,Low,Free Delivery
16562,0.45796664529600173,433.80326220648624,198.66742471116632,Low,Control
15401,0.5316061183613638,394.32283795012717,209.6244332639042,Low,10% Discount
14084,0.3820200013373894,362.12615260807104,138.33943330363897,Low,Free Delivery
12959,0.37906999521747664,359.4098928084058,136.2415063479962,Low,Control
18256,0.4953564786028713,294.9022066827772,146.08171863459665,Low,10% Discount
13608,0.3585130783633249,423.245323216087,151.7389837290798,Low,Free Delivery
13079,0.46317557210047156,460.15849956562835,213.1341762932045,Low,Control
13548,0.44688140208725713,400.397190104236,178.93005770557903,Low,10% Discount
13250,0.5369114427692137,436.9388186457003,234.59745152093873,Low,Free Delivery
17971,0.31391567250057134,322.464516275626,101.22666548423457,Low,Control
15991,0.2941184505068086,349.42882216005404,102.77346373613429,Low,10% Discount
12941,0.2376401021253901,571.4883143628049,135.808541388644,Low,Free Delivery
18042,0.28149233353428327,267.4672793609728,75.28998861138626,Low,Control
14376,0.19947829792201316,375.7755802364147,74.9590731462169,Low,10% Discount
12964,0.42222837023670573,289.38249968981756,122.18550121905567,Low,Free Delivery
17487,0.1504992577197384,306.64403224946983,46.14969923773273,Low,Control
15302,0.18935565986880198,501.4032740140079,94.94354781130019,Low,10% Discount
13796,0.42752051012577336,553.9910407727917,236.84253235629203,Low,Free Delivery
14380,0.0962140003731702,134.6525869705065,12.955464053028644,Low,Control
16740,0.5155905454196297,467.25430753959876,240.9119032740131,Low,10% Discount
17384,0.35483566332759947,416.0468641254919,147.62826500733655,Low,Free Delivery
14865,0.52584473837517,127.56401807381411,67.07886771011023,Low,Control
13584,0.5537249628029685,365.1186951947423,202.17533591537708,Low,10% Discount
13651,0.44080484475332443,342.0235667460035,150.76564524145036,Low,Free Delivery
15451,0.5712477651690131,352.4904203687781,201.35936487915046,Low,Control
13879,0.28915081579911134,630.9875689265048,182.45057031419685,Low,10% Discount
15564,0.4283745001146668,174.10355354704316,74.58152271890174,Low,Free Delivery
16490,0.45187774737208686,458.1334664936242,207.02031883490434,Low,Control
13509,0.34398434819477064,337.52575324849084,116.10357623013111,Low,10% Discount
14266,0.3172369681518601,147.22748549605018,46.706001127388916,Low,Free Delivery
13586,0.29749955057384986,264.4361110730066,78.66962419971611,Low,Control
13498,0.22182680170962157,531.8326942035103,117.97474559977589,Low,10% Discount
13852,0.26130289404910984,375.0882800704534,98.01165310631252,Low,Free Delivery
15647,0.4683176309507146,403.7198224209474,189.06911080402128,Low,Control
16507,0.3133932643316027,269.35261119039956,84.41329407720029,Low,10% Discount
13757,0.19690761345466584,379.699078875119,74.76563945223461,Low,Free Delivery
17178,0.20469140937994956,613.013382122316,125.47857315538644,Low,Control
13701,0.4135333525729443,383.8154889132948,158.72050589973855,Low,10% Discount
17803,0.5051321125333357,398.30361852495867,201.19594825518422,Low,Free Delivery
15913,0.14567221441487305,29.764196496062375,4.335816413860812,Low,Control
14983,0.2114138076720853,309.07163619757745,65.34201145197136,Low,10% Discount
14945,0.48096499241495805,426.7266135140491,205.24056243204538,Low,Free Delivery
18046,0.22381478846813135,329.6825266748853,73.78782496937853,Low,Control
15926,0.3252539366133315,318.12140800160887,103.47024027349906,Low,10% Discount
13508,0.25368288240646325,336.6080288993864,85.39169501235442,Low,Free Delivery
16615,0.2940798557814554,512.2551931694783,150.64393333058175,Low,Control
14374,0.2599381529898591,256.1047317128684,66.5713909334064,Low,10% Discount
13792,0.439686985438168,439.2286013169358,193.12309963126643,Low,Free Delivery
17217,0.2361382488535234,202.02935196674412,47.70685739043909,Low,Control
14082,0.5305350916528137,467.331043732453,247.935518118802,Low,10% Discount
17136,0.2561657533280288,426.7645084781527,109.32245180797193,Low,Free Delivery
17468,0.4310249251442613,192.61240558117626,83.02074769748259,Low,Control
16058,0.35168641043938853,203.5075245063372,71.57083079103963,Low,10% Discount
14873,0.2820036564778324,561.2696666771333,158.28009827304578,Low,Free Delivery
15208,0.3911845816254824,271.85946928797983,106.34723275434408,Low,Control
14072,0.23537446401313808,621.7729441018902,146.34947345585326,Low,10% Discount
15135,0.2854101744668198,350.4269670047127,100.01542179069357,Low,Free Delivery
17999,0.5071594701758284,316.01200008565627,160.26847853264528,Low,Control
18210,0.491157754755263,372.2774063259546,182.8469350371686,Low,10% Discount
16146,0.43964222557047666,470.8763874386275,207.01714294210424,Low,Free Delivery
17074,0.2519941048872914,451.05177488708597,113.6623882704953,Low,Control
16695,0.44320552907123195,303.14327039892675,134.35477354153986,Low,10% Discount
14314,0.3683152722898291,321.8721900069482,118.55044330493273,Low,Free Delivery
15905,0.3168119439955138,242.59423663934308,76.85675171181799,Low,Control
14797,0.38746086490887144,580.2745360142912,224.83367360869136,Low,10% Discount
14822,0.37650047982576207,366.87290296221806,138.12782400034536,Low,Free Delivery
12861,0.18858481666791163,174.81434135549725,32.96733051544817,Low,Control
14436,0.3108966963013912,458.76242787537376,142.62772321365898,Low,10% Discount
18206,0.37404833718953173,579.8397192361987,216.88808281674505,Low,Free Delivery
14571,0.4450720653316873,336.87569295249796,149.93396042241162,Low,Control
16690,0.5504326297919656,295.0141623676753,162.38542121791343,Low,10% Discount
16683,0.38617851411945425,598.749694068116,231.22426718470285,Low,Free Delivery
15304,0.32210600259403294,312.2540979031918,100.57891926920291,Low,Control
13083,0.41700538787199665,267.02446233667,111.35063948801444,Low,10% Discount
17944,0.42933454320427794,185.37164360457157,79.58644992999494,Low,Free Delivery
18234,0.3279400971015517,338.11824970896106,110.8825316413634,Low,Control
16908,0.18233999711094787,410.0572652593794,74.76984056271841,Low,10% Discount
13672,0.1758660211898874,406.1472620330903,71.42750299092621,Low,Free Delivery
17035,0.3541375933368149,345.68399048278167,122.41969644463872,Low,Control
16328,0.342212043958811,575.0587159211457,196.79201857170452,Low,10% Discount
14347,0.13597285157858505,181.1981002114541,24.638022386373628,Low,Free Delivery
16420,0.43191258526521753,245.80117950684274,106.16462290204025,Low,Control
17960,0.3502308276321599,131.25248933387232,45.96866796818334,Low,10% Discount
13109,0.381693317214677,617.017613916577,235.51149983570312,Low,Free Delivery
15630,0.2752677337427156,506.1768103576558,139.33414346026825,Low,Control
13967,0.39128645250126176,251.02080649465768,98.2210408773003,Low,10% Discount
16185,0.275469567095368,263.546257075838,72.59897334628567,Low,Free Delivery
13565,0.47417877139627906,382.64586627977485,181.44254675240853,Low,Control
16442,0.4165206282472834,362.18656476736203,150.85817549962704,Low,10% Discount
17249,0.4202732379187845,167.80217021133765,70.52276140451788,Low,Free Delivery
12362,0.09761334601679189,370.14925327019836,36.13150713732101,Low,Control
12773,0.3143462274327353,377.1361638465366,118.55133033361273,Low,10% Discount
16893,0.48866868155045995,235.49926381211068,115.08111475316807,Low,Free Delivery
17248,0.39498231667653294,354.3640724577056,139.96754228627535,Low,Control
17494,0.27179946447805026,163.9172966242329,44.55263344115622,Low,10% Discount
16840,0.3509029936741169,256.25819893632337,89.92176916029328,Low,Free Delivery
14559,0.42102808792461743,246.41933450137827,103.749461232772,Low,Control
13714,0.3978037450074942,328.1141863473247,130.5250521190526,Low,10% Discount
16559,0.4723206708810314,396.70167919858307,187.37040325870646,Low,Free Delivery
17907,0.3238849636605814,544.0949667378032,176.22417852977864,Low,Control
16583,0.1613621678788232,161.0544415913097,25.988093841687043,Low,10% Discount
14602,0.23765934848953255,346.94061200233045,82.45367981303355,Low,Free Delivery
17993,0.292237730072084,360.5792350682039,105.37485716746029,Low,Control
13661,0.300074491330962,573.1118778034536,171.97625520760377,Low,10% Discount
16289,0.4112347292865005,301.09222402482476,123.81957923711917,Low,Free Delivery
15979,0.3473793550514171,575.8839922618627,200.05020981636113,Low,Control
16469,0.3573229323113112,356.4177052270123,127.35621955938457,Low,10% Discount
15869,0.2555690214009325,326.3404055016253,83.40249807763387,Low,Free Delivery
16371,0.4242310969099542,369.43463986782933,156.72566250766315,Low,Control
13283,0.41905040533022186,450.4828404708468,188.77501689361802,Low,10% Discount
15166,0.4162306359325984,381.17008385019415,158.65466639944816,Low,Free Delivery
17749,0.3654906362437776,622.0117862435342,227.33948350527788,Low,Control
15603,0.15655972852058028,117.08371807950006,18.330595116706686,Low,10% Discount
13025,0.20771521703934953,538.2437395710043,111.80141518506228,Low,Free Delivery
18166,0.24864568826428085,355.5839173667619,88.41440786936768,Low,Control
15285,0.4443367991841764,267.743026438825,118.96807937171181,Low,10% Discount
16127,0.17568072298157172,241.4300504085278,42.41460580524747,Low,Free Delivery
15496,0.24952980764585303,277.98039376556187,69.36439418563914,Low,Control
15964,0.23745767768601872,456.3217925835304,108.35711314440624,Low,10% Discount
13671,0.5143489042129473,341.5164187015844,175.65859572989007,Low,Free Delivery
17762,0.4210616076809441,300.9141339669329,126.70338902203576,Low,Control
17718,0.27401882731608423,522.7809684950033,143.2518279301676,Low,10% Discount
13859,0.3244977211057213,629.6345957329404,204.31499144466127,Low,Free Delivery
14278,0.48733215046178546,469.94719357008836,229.02037644599213,Low,Control
17789,0.22885224279062807,330.361040328176,75.6038650097482,Low,10% Discount
14683,0.3283923731919414,296.7458170199751,97.44906308597123,Low,Free Delivery
15672,0.10463892979839762,115.6819935988575,12.104840007129532,Low,Control
15682,0.4235249966159314,459.5610829074597,194.63560608319565,Low,10% Discount
13380,0.3610228791524384,195.05009232569307,70.41754591037065,Low,Free Delivery
12869,0.2479051904773084,513.72769361465,127.35576173900814,Low,Control
17565,0.2796534643268433,253.2822273487501,70.8312523304971,Low,10% Discount
16459,0.13926357225457633,165.74976859995266,23.082904875598814,Low,Free Delivery
12606,0.09588312391507461,85.95345536952668,8.241485812125163,Low,Control
15072,0.414232901878971,413.102158937741,171.12050606924836,Low,10% Discount
13968,0.4542786055292466,321.85885907023095,146.2135936756588,Low,Free Delivery
16362,0.45610382519891013,471.28218854367134,214.95360894288248,Low,Control
12601,0.44661574868023785,363.76395458340585,162.46271091915185,Low,10% Discount
13009,0.2139815686440327,480.67499194038186,102.85558878336069,Low,Free Delivery
17283,0.5323747440388518,442.6148844522725,235.63698581806455,Low,Control
17134,0.4152202208411453,461.1825188946874,191.49230734352776,Low,10% Discount
17606,0.13422670811526846,189.16166259316466,25.39054727149161,Low,Free Delivery
15277,0.4821820966667067,489.51638420260633,236.03603648751786,Low,Control
15670,0.2764108023251964,340.9834572943511,94.25151101035092,Low,10% Discount
16681,0.2204669178999308,333.106532621941,73.43897057949209,Low,Free Delivery
14955,0.1745258688648103,271.14688335061373,47.32214540675123,Low,Control
14972,0.34030292567324283,113.22190306684949,38.52974486394119,Low,10% Discount
14879,0.21760641872486974,317.5548419387275,69.10197190302857,Low,Free Delivery
17072,0.29390249675671737,483.0193733722133,141.96059981595857,Low,Control
16780,0.485592568734802,360.26702512952807,174.942990163093,Low,10% Discount
14812,0.3013368567474007,320.79202812154455,96.66646142377,Low,Free Delivery
15642,0.17727378690970985,230.69044110092725,40.89536809783275,Low,Control
13834,0.44029159252130423,503.640092464654,221.74849836883942,Low,10% Discount
18208,0.32894731105424163,638.9277540482668,210.1735666521032,Low,Free Delivery
13829,0.3337472628018822,314.2639017085995,104.88471699268484,Low,Control
17982,0.20722064532151346,271.7461411983043,56.31141074274374,Low,10% Discount
18189,0.3039001384655733,550.5330503559127,167.30707023303628,Low,Free Delivery
18285,0.2579544109515996,718.193166181992,185.26109513194,Low,Control
14704,0.602009792263611,402.48880339874455,242.30220092250755,Low,10% Discount
14728,0.4580537756522139,430.7732635091922,197.31731980041152,Low,Free Delivery
17571,0.3628044298503849,358.44259438044804,130.04456108829123,Low,Control
15941,0.24342538143329748,742.0351314946615,180.63018492099502,Low,10% Discount
14993,0.2167454183986562,98.8766568662598,21.43106236233784,Low,Free Delivery
14163,0.37561800394094186,368.0528705475278,138.24728457979626,Low,Control
16410,0.18222772023660028,279.8054195363748,50.98830371195908,Low,10% Discount
13847,0.19857726702315034,495.53227068075887,98.40144403356106,Low,Free Delivery
17383,0.3118284018317762,312.5084242249253,97.44900248502519,Low,Control
14366,0.25432861790817085,369.7913497079941,94.04852288563121,Low,10% Discount
17605,0.2716112591167977,328.1100762158856,89.11839092990515,Low,Free Delivery
13071,0.22362063161408946,267.18084341785965,59.747148960286914,Low,Control
18070,0.22482178047331494,563.9946191460527,126.79827445378474,Low,10% Discount
14783,0.2703901684090616,530.3118871075573,143.39112046433968,Low,Free Delivery
15423,0.3888498614604252,371.69691181071073,144.53429266286275,Low,Control
16321,0.3761515630507376,481.87465980934604,181.25790648182797,Low,10% Discount
16978,0.34397077260112385,541.5847578868478,186.28932759933164,Low,Free Delivery
14274,0.2305540620184552,449.80125942234935,103.70350746083959,Low,Control
13133,0.3301034156547596,244.9550983857737,80.8605146591916,Low,10% Discount
15040,0.1327355905741425,33.30740613684845,4.421078224067397,Low,Free Delivery
15056,0.3139577568698984,281.925631821689,88.51273897086634,Low,Control
18212,0.21432909019042598,517.809211313889,110.98157715312786,Low,10% Discount
14435,0.3605988684626621,259.2176149159762,93.4735786242911,Low,Free Delivery
14017,0.3019195553490858,445.4064619103699,134.4769209295884,Low,Control
13640,0.2769496696620256,796.4555314003932,220.57809632183196,Low,10% Discount
17386,0.4592267568807646,322.90148642783413,148.2850024042325,Low,Free Delivery
16149,0.47782583608810386,346.46460679510557,165.54974041680748,Low,Control
15878,0.4818700228852386,455.075359447245,219.28717387135214,Low,10% Discount
15875,0.21966803358722897,218.19455942499397,47.9303698083202,Low,Free Delivery
16663,0.15381017446568987,381.87749468275945,58.736644081675784,Low,Control
16944,0.21092896793092997,231.42000890492088,48.81318363688158,Low,10% Discount
14402,0.26161047785315145,544.1193367627773,142.34731969965,Low,Free Delivery
16578,0.2464174604099158,327.2710639412735,80.64530444205978,Low,Control
18007,0.5533942777731145,432.2890326126956,239.226276991941,Low,10% Discount
14892,0.20022893664805208,368.3262196022877,73.749567290563,Low,Free Delivery
17586,0.240476542241766,349.55183661125244,84.05901700253274,Low,Control
12974,0.32336633103155693,473.7985445919018,153.21049701277482,Low,10% Discount
12392,0.29907734613551995,613.7659145783201,183.56348088052422,Low,Free Delivery
14043,0.5356700345723795,455.31408496026546,243.89811163195674,Low,Control
14722,0.5424395135134421,445.71214557122363,241.77187941068703,Low,10% Discount
16724,0.462391032843662,342.47304423538935,158.35646464511484,Low,Free Delivery
17378,0.2541756303179926,51.07317394211338,12.981556179077144,Low,Control
17488,0.27134851090592305,570.050007015889,154.68222054567246,Low,10% Discount
16673,0.21289966288736226,310.4255366274542,66.08949209961352,Low,Free Delivery
14003,0.1880255635745179,362.25403015239266,68.11301817654403,Low,Control
17344,0.2065808342102528,446.14911377208983,92.1658561052033,Low,10% Discount
15085,0.19857738357002389,592.4687396930229,117.65089217527006,Low,Free Delivery
16443,0.3150814322610145,443.38618603567375,139.7027545408687,Low,Control
17199,0.3011598081112695,307.22749341065764,92.52457296205998,Low,10% Discount
14470,0.46236409510533244,525.6964342847352,243.06315613816147,Low,Free Delivery
16990,0.41853165414416316,485.9787123694021,203.39747436681634,Low,Control
14369,0.3952362349534771,618.7797187219563,244.5641662932376,Low,10% Discount
18174,0.18760992642993737,174.2293775100693,32.687160696597886,Low,Free Delivery
16137,0.26233102981022394,640.9432195843077,168.13929484343194,Low,Control
16537,0.16465353865290028,73.90812881635502,12.169234944827243,Low,10% Discount
14694,0.2907524140056857,456.3805504891086,132.69374675995203,Low,Free Delivery
17780,0.42772822613143324,388.5293643640249,166.18497581939766,Low,Control
13423,0.46928955172311526,488.8901702385322,229.43104883307828,Low,10% Discount
13307,0.5125708876835925,446.61275385737645,228.92069569548923,Low,Free Delivery
18195,0.44164905312546626,288.6729008857429,127.49211333916992,Low,Control
16645,0.17356168524778912,292.3236208778274,50.73618027729152,Low,10% Discount
16548,0.15917151109892247,84.7375584563132,13.487805226324648,Low,Free Delivery
17715,0.2690378681693525,426.1638720118635,114.65421961686853,Low,Control
15871,0.27721363893703305,105.67333532968156,29.294089825354362,Low,10% Discount
15486,0.2686548863552729,294.9959462650264,79.25210241909687,Low,Free Delivery
14521,0.4168174487850429,419.9233669172274,175.0313864836642,Low,Control
17401,0.2823538726762496,259.0766157173595,73.15128576765298,Low,10% Discount
17441,0.21060982357801547,469.69490341320267,98.92236074334762,Low,Free Delivery
15987,0.4900690047925178,236.37546061748338,115.84028674218307,Low,Control
16622,0.3104786180068186,451.8999413704714,140.30526927406632,Low,10% Discount
13609,0.22786304889548928,354.0183197246506,80.66769369731702,Low,Free Delivery
16195,0.20032836355272707,522.8662793500691,104.74494609910239,Low,Control
16237,0.401621805958827,344.22098024038,138.24665173305914,Low,10% Discount
15635,0.3413205010570042,297.36965461243625,101.49835951146501,Low,Free Delivery
15094,0.42046400589148153,197.15545067271267,82.89677057318916,Low,Control
18281,0.2781965449490465,269.11055749179457,74.865627303529,Low,10% Discount
17883,0.5356189307926577,449.7594328976438,240.89966656254805,Low,Free Delivery
15525,0.5204738624792664,355.36132087659485,184.95627925237528,Low,Control
14774,0.35436708119390203,486.77160749160896,172.4958337548652,Low,10% Discount
17371,0.449684145338048,303.6325448932865,136.53874144715402,Low,Free Delivery
15560,0.5648300135122869,319.1583413367843,180.27021024981497,Low,Control
14007,0.2660858636687908,209.338716174055,55.702073092489286,Low,10% Discount
14761,0.43175513723492037,428.4750616655881,184.99630905116695,Low,Free Delivery
14171,0.1467130526612665,273.8124498144202,40.171860368933416,Low,Control
17192,0.2906948237115933,171.87551225101265,49.96332173414791,Low,10% Discount
17880,0.36807325421602716,513.0952047917488,188.85662175033787,Low,Free Delivery
17336,0.31784614890080837,255.38722183738372,81.17384493948884,Low,Control
17798,0.32102215862507827,317.38117484533365,101.8863898558124,Low,10% Discount
17533,0.30660428941380413,129.19429804551731,39.61152594856106,Low,Free Delivery
14851,0.29962582285527617,572.2370152053413,171.4569865491476,Low,Control
17955,0.35328798024528624,685.9227237581069,242.328253680847,Low,10% Discount
15718,0.35282248376146574,547.4158181462072,193.14060860865968,Low,Free Delivery
17304,0.2992114159996173,279.8286793877552,83.72793539691315,Low,Control
15986,0.5024002963009037,448.14022755388066,225.14578310742402,Low,10% Discount
13747,0.3889742622626662,259.86811472858017,101.08200821213937,Low,Free Delivery
16334,0.446065035497334,463.43617440417046,206.72267358634497,Low,Control
15928,0.25276022066442694,532.664263890445,134.63633688100342,Low,10% Discount
16473,0.5015830560228159,389.91224890935234,195.57337738868182,Low,Free Delivery
18137,0.40201825749576914,242.6761156126079,97.56022913442244,Low,Control
15775,0.20838469937572698,136.37511749204776,28.41848786090982,Low,10% Discount
17187,0.3945731029899606,534.5386543699466,210.9145755228279,Low,Free Delivery
14074,0.2740967402369948,459.71640269281625,126.00676741157856,Low,Control
17587,0.2562819464367914,300.97796469446547,77.1352186264815,Low,10% Discount
12831,0.5421764938475807,427.22831999059235,231.63315260489165,Low,Free Delivery
13445,0.2723676739840829,488.55000506134957,133.0652285034717,Low,Control
17328,0.19020855307083517,234.33106721197157,44.57177323393374,Low,10% Discount
14979,0.22292695037751703,593.6065429244111,132.33089633827962,Low,Free Delivery
18000,0.2889331391731254,295.68665567451535,85.43367363564076,Low,Control
17542,0.35617323210049345,253.89192818843193,90.42950866710018,Low,10% Discount
17909,0.13756027039942226,221.92726512210032,30.528374599200394,Low,Free Delivery
18199,0.22969848252074815,553.1156563140163,127.0498269137972,Low,Control
14509,0.30316348932224796,231.11344985261806,70.06515988662207,Low,10% Discount
14668,0.386481651759282,277.4296805521336,107.22148118683856,Low,Free Delivery
18053,0.46062689186179473,457.0925968991869,210.54914220270868,Low,Control
17514,0.25908313884013257,478.50605443876486,123.97285053800255,Low,10% Discount
16763,0.20262838478384282,542.3556420099795,109.89664771888624,Low,Free Delivery
17266,0.49615136879603206,318.64844384928244,158.09786158054703,Low,Control
16285,0.23433531509446198,307.1466793144741,71.97531387737496,Low,10% Discount
17093,0.2952027164067316,455.0779257278766,134.34023985161005,Low,Free Delivery
16757,0.4603847544493934,407.1380652379131,187.44015819155774,Low,Control
17808,0.5810891424746691,373.1834992403727,216.85287955928453,Low,10% Discount
14190,0.11538487752531183,206.17971039893246,23.790020632585083,Low,Free Delivery
17771,0.5305865354620001,279.73685585826803,148.42460919087134,Low,Control
17215,0.41168270464479795,419.8669098238578,172.85194502713927,Low,10% Discount
14463,0.3227106162209933,618.4363344803421,199.57597059360353,Low,Free Delivery
15686,0.3875246467617285,292.06720488102917,113.18324040220621,Low,Control
12894,0.26975783441593104,304.90229658516967,82.2497832352593,Low,10% Discount
16165,0.21162665751710932,234.0303806048153,49.52706720485399,Low,Free Delivery
16448,0.41920988523822467,357.6028270664466,149.91064009538977,Low,Control
15354,0.3017086387430063,503.4844680239609,151.90561347575593,Low,10% Discount
14635,0.43882726025898006,462.92270505183416,203.1431023695723,Low,Free Delivery
14361,0.33097995211214976,427.62264564404046,141.5345227773353,Low,Control
13666,0.4266331862916145,111.79636663605226,47.69604011376452,Low,10% Discount
13403,0.5666537889709946,341.22096542300534,193.3541529332867,Low,Free Delivery
17723,0.46660819148499455,322.6878272438088,150.56878348445596,Low,Control
15041,0.42976584344606505,239.4731961147495,102.91740011098027,Low,10% Discount
17898,0.5101031899467586,269.2932430421457,137.3673423069063,Low,Free Delivery
12547,0.4205712797051386,491.4930578499185,206.70786430613194,Low,Control
16941,0.15703869069330081,101.23735954146797,15.898182391639073,Low,10% Discount
15282,0.38173359381485117,603.6818113611905,230.4456273715663,Low,Free Delivery
16481,0.25367132708996126,722.8588558055413,183.36856525092261,Low,Control
17011,0.4019444278995552,593.2611106541398,238.45799771693294,Low,10% Discount
17626,0.3102343329332879,467.7073250948525,145.09887000881398,Low,Free Delivery
17216,0.24328914451361502,152.67455161704095,37.14406105190965,Low,Control
15042,0.28548022002768897,413.0897195456933,117.92894402708085,Low,10% Discount
17532,0.4007955381895116,203.08581203670462,81.39588733390502,Low,Free Delivery
18132,0.42905345341052004,390.01258036893165,167.3362444808381,Low,Control
16439,0.18267300985763682,534.7262090000396,97.680046047801,Low,10% Discount
14468,0.1857503924851608,366.6733434769161,68.10971746468334,Low,Free Delivery
16440,0.39506102506251095,423.0529725905667,167.13174100737163,Low,Control
14391,0.30543699059340507,289.7129954720325,88.48906547277839,Low,10% Discount
15284,0.2031147744561305,90.50326220270469,18.382549689846403,Low,Free Delivery
14495,0.12445814126051122,144.9757349271586,18.043410496910738,Low,Control
14975,0.47280389307939324,432.8963709290951,204.67508947521725,Low,10% Discount
13452,0.26703536352073065,386.1465424481782,103.11478233492251,Low,Free Delivery
16002,0.2587876691775473,291.1656664875619,75.35008417484325,Low,Control
13135,0.4099685263184922,544.9392475071897,223.40794023363065,Low,10% Discount
16222,0.21976228382157656,723.628594232252,159.0262725070766,Low,Free Delivery
12619,0.3376531406680622,397.92355816327114,134.3601391596388,Low,Control
16250,0.4765153872487036,421.5478638227912,200.87404357338113,Low,10% Discount
17840,0.4647290707190821,348.728662413918,162.0643472167286,Low,Free Delivery
17271,0.19052099183278876,311.6356742191185,59.3731377427063,Low,Control
12663,0.390610770420687,506.394621346896,197.80319318120308,Low,10% Discount
17916,0.28817599126276866,91.17984340936442,26.275841757677618,Low,Free Delivery
13676,0.4415189939169984,410.16434361007924,181.09534833134822,Low,Control
13619,0.44302306005150754,335.17136886168856,148.48864547475785,Low,10% Discount
18152,0.2496512990970963,731.9693674268137,182.73710347738384,Low,Free Delivery
16068,0.262112568240339,221.40096256143337,58.03197490786045,Low,Control
14142,0.2835220844590487,590.7783801546678,167.4987177947917,Low,10% Discount
17009,0.3666914847684689,503.66278144796877,184.68885315177252,Low,Free Delivery
12466,0.10935164968834235,194.15806063016007,21.2315042301972,Low,Control
14483,0.15180502578604455,260.65684374776254,39.56901888643807,Low,10% Discount
13779,0.34558539284437695,319.3001165230603,110.34545620387713,Low,Free Delivery
17184,0.3903573923288745,332.5324085465014,129.80648386505223,Low,Control
13255,0.4047034836454127,564.8654492715558,228.6030151111298,Low,10% Discount
16139,0.3152421559457185,591.5082217434843,186.46832708203414,Low,Free Delivery
15552,0.2542742527284326,324.686365477031,82.55938295278283,Low,Control
12858,0.48886210112494155,317.5600715548394,155.24308381368556,Low,10% Discount
13807,0.4076045660512019,470.28008580515024,191.68831029713024,Low,Free Delivery
13128,0.20422299167627042,597.7708281522356,122.07854686205128,Low,Control
16937,0.4076977341942535,360.8580487499963,147.12100884113298,Low,10% Discount
13392,0.18617253810583695,201.74500268847316,37.559379200681946,Low,Free Delivery
14018,0.2799951397102426,639.5429480423728,179.0689170878246,Low,Control
16024,0.5915226529579958,413.7169053396529,244.72292142008348,Low,10% Discount
14039,0.26908326058696813,285.88435227080777,76.92669365982236,Low,Free Delivery
16911,0.36919043522290734,361.898185030883,133.60934843793194,Low,Control
17820,0.5356207496850446,380.7833507804342,203.95546381259948,Low,10% Discount
15086,0.40252709454107977,377.20106681208006,151.8336494816623,Low,Free Delivery
15688,0.47540649014432623,402.1968217263267,191.20697936411625,Low,Control
14706,0.31803803053910845,608.1007431981044,193.39916273609327,Low,10% Discount
13511,0.20182548775269904,542.7166390087924,109.53405037945502,Low,Free Delivery
17927,0.19135002126125658,508.47036581928825,97.29581531023972,Low,Control
14153,0.4451545748053167,485.19483994147265,215.98670267187995,Low,10% Discount
16630,0.4245701015560455,304.8307867454608,129.42203808592953,Low,Free Delivery
12661,0.49312775213390003,493.56490937901015,243.39055429424334,Low,Control
17472,0.2752674280761764,364.6407177899202,100.37371255788219,Low,10% Discount
15328,0.4426917122706188,286.04342926278093,126.62905548410012,Low,Free Delivery
12467,0.4783507549395912,427.94227659902236,204.70651108170972,Low,Control
13746,0.4545786550296681,425.970951993098,193.63730243872982,Low,10% Discount
14990,0.39783351956742635,409.71571549949886,162.99864511925196,Low,Free Delivery
15161,0.510737880498661,274.05348877424046,139.96949799981914,Low,Control
14200,0.3000972567027184,631.1246758073868,189.3987838471893,Low,10% Discount
17026,0.2825829403893334,85.49149930742792,24.15843925258564,Low,Free Delivery
14997,0.26318534017988965,435.4090237840183,114.59327204199052,Low,Control
13034,0.41938428579360054,302.3059186383743,126.78235177933291,Low,10% Discount
17810,0.3472888935534387,452.61726928625325,157.18895065360172,Low,Free Delivery
14613,0.1613811363635,207.55494282613898,33.49545253114358,Low,Control
17207,0.28923030229241914,445.8635876089029,128.95726022530548,Low,10% Discount
16078,0.2609107870739118,445.97674026647155,116.36014231958262,Low,Free Delivery
16417,0.22181111111992707,123.24526959321351,27.33717018874565,Low,Control
18197,0.31652430211750876,473.36996440979453,149.83309762820016,Low,10% Discount
15375,0.16668809776270255,147.36682851854238,24.564296319078213,Low,Free Delivery
14954,0.20315471960419126,273.27093312326247,55.51627979463209,Low,Control
16399,0.5445834002464325,454.4219159797282,247.47063215073905,Low,10% Discount
14433,0.46774176422668823,478.32318849636255,223.73173205782336,Low,Free Delivery
16035,0.2932662403927659,404.7400389387241,118.69658955598129,Low,Control
15431,0.3334732073572593,407.5070856732207,135.89269488025835,Low,10% Discount
17657,0.407982475429659,323.75296923390295,132.08553781574994,Low,Free Delivery
15863,0.46720826391484044,356.76738466034203,166.68467040859647,Low,Control
14617,0.5655105785988754,395.8729897934059,223.87036350973568,Low,10% Discount
12692,0.22653839164418565,292.59225258576754,66.2833783083291,Low,Free Delivery
14384,0.27865059450127694,173.8510131752915,48.44368817594431,Low,Control
17339,0.24994416845350417,187.66537058107295,46.90586499740498,Low,10% Discount
13254,0.41404287404674306,168.72365125274374,69.85882548434638,Low,Free Delivery
17910,0.1978693144327309,415.30512099167015,82.17613957102412,Low,Control
17057,0.3226563961882106,471.4307601504582,152.11015012241555,Low,10% Discount
17390,0.42713478878334704,353.448651486888,150.97021509861077,Low,Free Delivery
14845,0.2930879470926217,402.91778140528925,118.09034539918993,Low,Control
13674,0.4599515719982219,519.4302451010667,238.91275777765733,Low,10% Discount
13974,0.3084913287559572,495.63620514650336,152.899471505205,Low,Free Delivery
14279,0.4020366214360698,390.6533593266313,157.0569567363298,Low,Control
14598,0.33417466282839264,299.589332635182,100.11516422034512,Low,10% Discount
15662,0.328001876476362,429.0105629489622,140.71626967544003,Low,Free Delivery
13257,0.3876615678313031,368.3925446009972,142.81163141738585,Low,Control
16831,0.2568781213198911,226.54064242630568,58.19333462907061,Low,10% Discount
15816,0.3934529432498601,266.1536679766394,104.7189440221548,Low,Free Delivery
17065,0.31109922978806304,340.6905261294817,105.98856027497173,Low,Control
17169,0.3335340045149747,566.2992533775171,188.8800577328436,Low,10% Discount
17273,0.4555277188896762,341.9826485611891,155.78257579892826,Low,Free Delivery
16288,0.33019896877229754,315.51177207450957,104.18166177452325,Low,Control
16664,0.24302956722104885,250.05623892027342,60.77105952571724,Low,10% Discount
14545,0.26238830694340504,562.57837598518,147.61398759772172,Low,Free Delivery
18131,0.28775597754028687,489.53411174291415,140.8663668638983,Low,Control
17007,0.45967407385800035,495.98890254876557,227.9932394229498,Low,10% Discount
16666,0.24732589945248756,211.74155759750525,52.36917118427369,Low,Free Delivery
13303,0.3780678493758938,190.97497224690198,72.20149704200725,Low,Control
13112,0.1904639596187351,72.74220826474922,13.854769017514815,Low,10% Discount
15273,0.27629351202088703,563.5189200458505,155.69662150968546,Low,Free Delivery
13581,0.46934453682855254,357.84740178942405,167.95372304815817,Low,Control
15454,0.2384317129258842,258.5071880588657,61.63631165252903,Low,10% Discount
14819,0.4825844567743121,293.1907862694449,141.48931632307352,Low,Free Delivery
17458,0.5307011943361779,445.0172890739911,236.1712068118152,Low,Control
13438,0.19819560782281018,147.88777997877665,29.310708442459656,Low,10% Discount
15982,0.316481577178037,511.3620468053699,161.83666708195264,Low,Free Delivery
18162,0.23399264641441206,526.7657619554376,123.25931468045707,Low,Control
15219,0.28242612848777365,636.8929614552804,179.8752133649277,Low,10% Discount
16061,0.34504404551345536,259.6517728532472,89.59129813002521,Low,Free Delivery
15515,0.49452390065677265,439.66358477234405,217.4241509183592,Low,Control
14716,0.4797997297426863,446.2682695462815,214.11939512104215,Low,10% Discount
13053,0.23159672722217267,254.48207943420599,58.937216733655085,Low,Free Delivery
16662,0.4597364302408382,328.9741908251921,151.24142013134212,Low,Control
17280,0.4019290738073403,312.5201858968917,125.61094886363549,Low,10% Discount
14721,0.4785170870678769,260.40019916966395,124.60594477856256,Low,Free Delivery
15558,0.24486351956680805,359.39847890259375,88.00357647104632,Low,Control
18253,0.2543915814656499,601.7389509547435,153.07732336285832,Low,10% Discount
13519,0.44402163803605754,492.52721129752945,218.69273913766045,Low,Free Delivery
15065,0.44994492856243534,400.0705996298877,180.00973737040047,Low,Control
14791,0.29894891255915435,533.7056221893617,159.55071538021656,Low,10% Discount
14962,0.493698557717852,399.81383359911797,197.38751300352982,Low,Free Delivery
15577,0.21636230305795615,205.1466537768169,44.38600247578526,Low,Control
12555,0.12197201850683805,384.8832428646175,46.94498602165497,Low,10% Discount
15675,0.4857828151951656,489.0395807798542,237.56702429310116,Low,Free Delivery
16542,0.46373173796261086,350.0844645351167,162.34527717257967,Low,Control
17516,0.5369715819188262,367.7992241923271,197.4977312430709,Low,10% Discount
16628,0.534310740804619,281.383908169376,150.3464444244782,Low,Free Delivery
18020,0.31777726127028666,395.41889059775895,125.65513210869094,Low,Control
16691,0.5575421255692253,354.14615684271786,197.45140104826118,Low,10% Discount
13482,0.23381232988918066,315.71530750740027,73.81813162998439,Low,Free Delivery
16284,0.52246910825928,433.0517608621978,226.25616732778343,Low,Control
14814,0.2976131756815136,293.84419266401324,87.45190333430749,Low,10% Discount
15012,0.34812824832949696,390.05823465647325,135.7902899774539,Low,Free Delivery
14919,0.3655482137829237,676.1354222590973,247.16009588217585,Low,Control
15779,0.4349700514298935,254.58875514256943,110.73848391783598,Low,10% Discount
17440,0.2553565473420654,370.45546470033935,94.59822840987906,Low,Free Delivery
12860,0.14963473466845428,117.4897570717166,17.580548625687463,Low,Control
12864,0.3688627344816904,386.57496399434103,142.59309830111363,Low,10% Discount
17056,0.13492891959213568,251.27123962641554,33.90375688736888,Low,Free Delivery
14799,0.19479070035512333,340.6776067476382,66.36082961367974,Low,Control
15892,0.20455606610800853,224.0534038465895,45.831482888967294,Low,10% Discount
15770,0.27581014074964394,554.4541917493513,152.92408866561863,Low,Free Delivery
14191,0.5490483327603624,298.8953832809672,164.10801186018455,Low,Control
12848,0.20710988567195465,370.62816468440144,76.76075681459277,Low,10% Discount
16714,0.26779741609333163,590.092432509489,158.02522868226984,Low,Free Delivery
17922,0.2988115121217766,374.49414694722736,111.9031623300558,Low,Control
17741,0.5468700772651477,238.6594484923606,130.5157110370748,Low,10% Discount
16454,0.19907675293244956,67.1921881508782,13.376402639503043,Low,Free Delivery
16577,0.2577814756492263,602.2342802856655,155.2448414585886,Low,Control
15305,0.2580118170909837,235.46581424994704,60.75296259743688,Low,10% Discount
14176,0.47025040359358766,458.94246015022037,215.81787711187516,Low,Free Delivery
15490,0.45758448630229054,440.8550954045346,201.72845236443126,Low,Control
13416,0.1623451590156913,418.93307472567824,68.01175663327273,Low,10% Discount
18127,0.4772518504723632,447.44035407142695,213.5417369565979,Low,Free Delivery
17678,0.3017927178654808,562.5132156980252,169.76239220075846,Low,Control
17953,0.33465057028932055,324.19001257153,108.49037258916452,Low,10% Discount
17967,0.41994655854649865,262.0974110443145,110.06690577200695,Low,Free Delivery
13172,0.38606793771430775,237.99217480799553,91.88114812026586,Low,Control
17912,0.43133522907721294,179.01665835598013,77.21619134061386,Low,10% Discount
17816,0.2629912371334124,105.21700690821947,27.671150814267435,Low,Free Delivery
17843,0.47443294467943076,272.0201095005642,129.05530156237387,Low,Control
16925,0.3322254635162768,270.38048959465146,89.82728348134094,Low,10% Discount
18267,0.23765324476501126,464.7654835269746,110.45302521496491,Low,Free Delivery
13992,0.5772445356418462,328.6362242028725,189.70346463507678,Low,Control
16082,0.18596803925454244,211.69655260833758,39.36879280551863,Low,10% Discount
14832,0.15145148891122798,675.3222841915849,102.27856543574697,Low,Free Delivery
15818,0.3366766801058432,642.2531749921051,216.23166674377907,Low,Control
16487,0.4233509264804754,323.81335951690164,137.08668575823557,Low,10% Discount
15212,0.4479583796027277,302.7181780269996,135.6051445052648,Low,Free Delivery
13547,0.4847996837228392,340.52082658785946,165.08438903083405,Low,Control
15902,0.5104632068739425,345.6128226407779,176.4226297819666,Low,10% Discount
17568,0.321873077606876,551.168481755611,177.4062955025878,Low,Free Delivery
14726,0.21563292753156638,235.2600929612995,50.72982257659346,Low,Control
16046,0.35730228669853664,444.81680890810736,158.93406298481275,Low,10% Discount
12496,0.2837532855644676,123.59629691557593,35.070855333396146,Low,Free Delivery
15455,0.1461414035232544,113.21624065828617,16.54558031142848,Low,Control
15741,0.5091174300182675,388.276786880986,197.67847987259813,Low,10% Discount
15588,0.228295161898309,1018.8888200118649,232.60738812098572,Low,Free Delivery
14580,0.17086058006904659,58.654809598742304,10.021794791880591,Low,Control
15244,0.22339264305043668,487.8011386073985,108.97118563651917,Low,10% Discount
15918,0.26092447565520593,434.9077027472939,113.47806429774784,Low,Free Delivery
12954,0.2321431168455281,328.98835919453046,76.37238310931446,Low,Control
17294,0.36586737136165426,630.2700513976466,230.5952469528317,Low,10% Discount
17112,0.404668060262807,366.98413765251854,148.50675913106363,Low,Free Delivery
13724,0.2711447877713598,356.4903378883824,96.66049700928579,Low,Control
15338,0.25303658591571565,414.58706675807366,104.90569593727385,Low,10% Discount
18076,0.5078741594383532,393.9426747817805,200.07330482169334,Low,Free Delivery
13830,0.26506743824571255,327.44333085646076,86.79456488076534,Low,Control
17260,0.3923467804303705,317.5199008736464,124.57791083034556,Low,10% Discount
17980,0.5038404157955932,426.9837824588008,215.13168649201734,Low,Free Delivery
13549,0.4604285784383217,245.90834921399778,113.22323165471538,Low,Control
17484,0.43786417940228434,355.44779029382636,155.63785501736152,Low,10% Discount
16381,0.6295486188910681,390.45886886358636,245.81284162683946,Low,Free Delivery
17417,0.31635208223431355,337.60681888098065,106.802620129501,Low,Control
13144,0.27913933030546906,87.51400415933608,24.428600513387106,Low,10% Discount
13007,0.2764707281449534,361.2038455111602,99.8622901772277,Low,Free Delivery
14684,0.5608045544361928,416.3188499627875,233.47350715676924,Low,Control
14957,0.23148930017931968,375.67037639063585,86.9636725287699,Low,10% Discount
14943,0.18244455751742966,243.5401870385567,44.432581661961535,Low,Free Delivery
17721,0.24023637485736357,547.995877557616,131.64854306122135,Low,Control
12979,0.2847754232721339,873.0720790290746,248.62947085258668,Low,10% Discount
14119,0.6273846743194158,378.2840775838207,237.32963281514597,Low,Free Delivery
17991,0.290814711781964,363.80024540147326,105.79846351263723,Low,Control
18028,0.28550617007180107,437.77573557288997,124.98767361378134,Low,10% Discount
13197,0.3171390217393646,637.7414476390729,202.2526988269018,Low,Free Delivery
16731,0.2541155266465173,292.0028473372096,74.20245733337761,Low,Control
16051,0.20438219269254318,352.6926819160777,72.08410367662162,Low,10% Discount
16773,0.5657277551222315,404.54363430375764,228.86156208365378,Low,Free Delivery
16312,0.4186322393840012,400.90343657926655,167.83110343192024,Low,Control
17392,0.4453132942611454,383.9557971765462,170.98062089135198,Low,10% Discount
15231,0.28635087754602734,467.6743977382954,133.9189741981707,Low,Free Delivery
15846,0.48477156945609196,253.05910139360503,122.67585774772621,Low,Control
12948,0.26521227911876327,393.7487947281192,104.42701525011057,Low,10% Discount
14108,0.3016105591073878,573.6607559164615,173.0221413299307,Low,Free Delivery
13839,0.32518737975963136,333.1855656662072,108.34774107272452,Low,Control
14833,0.3263527020278115,241.97631264953492,78.96962345990222,Low,10% Discount
13739,0.25401200744962316,208.76670941717478,53.02925094770871,Low,Free Delivery
17329,0.3878478418489517,496.94509822625133,192.7390838644669,Low,Control
17330,0.250093170471822,144.68496334995427,36.18472120378943,Low,10% Discount
16267,0.2963140468932748,404.32513528627635,119.80721709734736,Low,Free Delivery
17847,0.39442430082120483,251.88203932801625,99.34839725137202,Low,Control
15765,0.28241690910995004,592.9106371747262,167.44798952929722,Low,10% Discount
17493,0.4525423700046416,274.98915285227474,124.44424295733705,Low,Free Delivery
16502,0.40160357694516957,358.838997187767,144.11102481802487,Low,Control
17783,0.3428859123668186,207.64015323519834,71.196883386037,Low,10% Discount
15583,0.48439560474205595,223.0299001168894,108.03470334268097,Low,Free Delivery
17616,0.3719702997338433,467.1085769314322,173.75051736943385,Low,Control
14537,0.27133456118726623,521.0758489249127,141.38588681332342,Low,10% Discount
14144,0.23829839707840683,110.31284218018594,26.287373468701574,Low,Free Delivery
14444,0.42187705857779406,296.33107313936745,125.0152815012375,Low,Control
12746,0.34762618024618575,488.8760658590325,169.9461193883582,Low,10% Discount
17245,0.2282383288900813,366.2725531864994,83.59743545759005,Low,Free Delivery
15293,0.24982734621850994,431.96946338215184,107.9177846841968,Low,Control
13219,0.18342376451365436,170.09616188127927,31.1996783415882,Low,10% Discount
12920,0.538449472786997,443.08236115432504,238.5774637647641,Low,Free Delivery
18021,0.5037336736704413,345.86535377171214,174.22402525075137,Low,Control
15509,0.49206059009055064,340.9202501109003,167.75341944338774,Low,10% Discount
18011,0.3203959673351277,511.47689411908186,163.87513426084993,Low,Free Delivery
17479,0.3037419582999734,656.1079771013716,199.28752182100473,Low,Control
13143,0.34687937015089876,681.4954727566437,236.39672035051356,Low,10% Discount
17067,0.36238102518484994,609.9354439121254,221.02903146145252,Low,Free Delivery
17570,0.31349253461254806,308.74846990835164,96.79034038931518,Low,Control
15459,0.5628578129297152,421.7971859291253,237.41184157197588,Low,10% Discount
18227,0.25306198314398,702.5283431240232,177.78321572581976,Low,Free Delivery
12774,0.31287366755258206,314.58088713742205,98.42407590063013,Low,Control
15720,0.30118711162632217,278.8277742269869,83.97933196062246,Low,10% Discount
16564,0.2444026136916803,220.80879545652138,53.966246735685445,Low,Free Delivery
15684,0.47156739690785343,303.98432344406564,143.349096107313,Low,Control
13195,0.4658529359645688,286.84945896729744,133.6296626397636,Low,10% Discount
17055,0.44664093513187814,468.7811892265586,209.37686872838404,Low,Free Delivery
15170,0.3892246705303925,239.5237669387644,93.22855927093909,Low,Control
16219,0.2705734034657276,141.4330407634119,38.268019201863346,Low,10% Discount
15011,0.658542467383842,708.9784905326184,466.8924444774224,Medium,Control
15945,0.6838085430269615,686.0213925566715,469.1072889295047,Medium,10% Discount
16080,0.6515061457753576,651.3279044347923,424.344132654252,Medium,Free Delivery
12787,0.5714742729110093,979.1400375752318,559.5533410513639,Medium,Control
12786,0.3816510249244011,1444.288233514876,551.2140846072052,Medium,10% Discount
14741,0.5071869188580657,645.5265750022137,327.4026346163728,Medium,Free Delivery
17563,0.4609836866641627,552.916040088807,254.88527457588822,Medium,Control
14247,0.7842304797479259,774.8578071930422,607.6671098714254,Medium,10% Discount
15948,0.5534901356696276,962.4089212994614,532.6838444196989,Medium,Free Delivery
14924,0.4361998437592396,818.6539165221672,357.09671047985887,Medium,Control
12943,0.48341573171488916,698.2843557394845,337.56164277486283,Medium,10% Discount
15574,0.6702823396979415,600.6544934376316,402.60809921145756,Medium,Free Delivery
13287,0.5564032594195079,869.5364781472606,483.81293062529545,Medium,Control
17435,0.5198133806112283,692.3564534469974,359.8961486542842,Medium,10% Discount
13898,0.5785488760976496,946.9499924241823,547.8568538376884,Medium,Free Delivery
16166,0.6097950624376443,706.4547225896463,430.792601670922,Medium,Control
17374,0.4864775059790678,513.9881145452919,250.04365606687702,Medium,10% Discount
15309,0.6030551169825065,859.3511637962068,518.2361166121746,Medium,Free Delivery
15961,0.5771296639585298,813.5011650316636,469.49565400459653,Medium,Control
14662,0.7265839615701819,795.1906364881198,577.7727628630525,Medium,10% Discount
13710,0.5864402912693595,621.2483329123085,364.32505330369816,Medium,Free Delivery
16642,0.5414251376610794,769.8050345814845,416.7917968204722,Medium,Control
15683,0.4526542962348371,654.1327332824169,296.09599202812285,Medium,10% Discount
16720,0.717186940697671,793.6473702298786,569.1935294479184,Medium,Free Delivery
12445,0.5306582116889519,780.0866569544513,413.959390341862,Medium,Control
12361,0.6459340632938533,663.8289860288344,428.78975427784354,Medium,10% Discount
13245,0.5362658774030993,982.1651207634771,526.7016402409471,Medium,Free Delivery
17123,0.6510045904206356,911.8645015932494,593.6279763788303,Medium,Control
14010,0.46167410353835897,638.3361002180859,294.7032468243569,Medium,10% Discount
15598,0.5139578742029869,617.115441601693,317.1713405034436,Medium,Free Delivery
12529,0.4232510232567631,745.7813827261499,315.65273336468664,Medium,Control
16411,0.7130010259242355,720.3109926240892,513.5824767254801,Medium,10% Discount
13612,0.36158814196790173,1095.833936512805,396.2405570090367,Medium,Free Delivery
14342,0.578368662476439,463.37607780060904,268.00220234111663,Medium,Control
15037,0.6903938836028944,627.7053358479258,433.3639245743086,Medium,10% Discount
17823,0.6578350712713255,609.567300415555,400.9947485135361,Medium,Free Delivery
14381,0.5241640613372588,712.7865227319086,373.61707862161956,Medium,Control
16178,0.544294759693221,831.2253700981277,452.4316130684691,Medium,10% Discount
17849,0.6558164969005978,656.6209275657518,430.62283650779256,Medium,Free Delivery
16680,0.5294310472975164,917.6940536533787,485.8557239244115,Medium,Control
13877,0.5826021647344094,545.8879655019437,318.035510403895,Medium,10% Discount
14848,0.5299965762909359,685.9521740563412,363.55230374918494,Medium,Free Delivery
13639,0.49425040321808505,630.2375368748933,311.49515672358876,Medium,Control
17393,0.6501390469523818,579.4564505307001,376.7272644984393,Medium,10% Discount
15217,0.3722812081301911,706.2601537994909,262.92738331068904,Medium,Free Delivery
14094,0.49697776467122234,571.3384487285114,283.9425051198194,Medium,Control
15192,0.5125866722990632,800.5421650724919,410.34724442959595,Medium,10% Discount
12953,0.4373712158774586,827.9693143590857,362.12994573045904,Medium,Free Delivery
15191,0.6745264520302493,789.8817495264806,532.796134031543,Medium,Control
15416,0.6655276758919799,775.1518341523139,515.8849986467949,Medium,10% Discount
12991,0.5016009593457855,572.3929520251364,287.1128538585746,Medium,Free Delivery
16988,0.5246132331675072,577.1225311624383,302.7661170069422,Medium,Control
15110,0.616038842514223,835.4461354779258,514.6672702828022,Medium,10% Discount
16648,0.58446010859442,622.4123214314906,363.775172974354,Medium,Free Delivery
14413,0.7301705403500389,803.1614691908244,586.4448439473954,Medium,Control
15566,0.6089940912884378,455.9360736852711,277.6623748795799,Medium,10% Discount
18100,0.41820456736828554,753.7683419092747,315.2293633240782,Medium,Free Delivery
13966,0.5531051773681843,758.0485787594687,419.28059360845594,Medium,Control
13151,0.4890327406276214,1230.5899540995842,601.7987778421385,Medium,10% Discount
17860,0.7389082587163084,627.9529036437016,463.9995865872173,Medium,Free Delivery
12373,0.47519118417438844,1171.2493935106866,556.5673862658774,Medium,Control
13545,0.6735921985051383,556.1676525642014,374.6301918281623,Medium,10% Discount
15314,0.6656798895337315,774.844134093086,515.7981575889453,Medium,Free Delivery
14818,0.6726669460219207,649.0490679234866,436.5938543384659,Medium,Control
15956,0.503947923008116,865.5437392757128,436.1889696806737,Medium,10% Discount
14940,0.6641744181687664,798.2781623569014,530.195934020227,Medium,Free Delivery
17760,0.754737925649926,647.2768673556986,488.5244001892223,Medium,Control
12353,0.5561538734304574,826.751852620624,459.80124520076674,Medium,10% Discount
15350,0.5743880901229192,835.4822783423065,479.89107018858266,Medium,Free Delivery
14996,0.5951219576311904,640.794310860072,381.35076471797555,Medium,Control
15627,0.6159629614904889,846.577886629657,521.4606221807629,Medium,10% Discount
14619,0.4591166413584582,1304.271399996586,598.8127045863267,Medium,Free Delivery
16278,0.5807241831475717,782.356254467057,454.33319680577546,Medium,Control
17804,0.7437836311346033,528.7998301011447,393.3126577759907,Medium,10% Discount
14122,0.6694428912240109,609.2109747125573,407.83195627697216,Medium,Free Delivery
18182,0.44422417149849563,622.171393549618,276.38357182964353,Medium,Control
13459,0.512660592791709,1239.344218753171,635.362941858978,Medium,10% Discount
13957,0.6851790275731561,693.3591996426281,475.07518217003775,Medium,Free Delivery
16406,0.6011525555858723,508.21458690130254,305.51449770173645,Medium,Control
17375,0.4711135244401139,544.2807666576052,256.41803026503163,Medium,10% Discount
15501,0.6589920372135374,579.9963192260651,382.2129559831378,Medium,Free Delivery
13516,0.4963070121829854,613.5951561824697,304.53157865487384,Medium,Control
16414,0.6873643047126194,578.1144356822821,397.37522712708017,Medium,10% Discount
12793,0.5612953418743802,877.5922522217837,492.58844323713345,Medium,Free Delivery
18140,0.54554968974836,1111.4275294586905,606.3389438739749,Medium,Control
15797,0.4585322928623096,993.1795500981368,455.40489633045576,Medium,10% Discount
16675,0.6287526982854728,917.136567130307,576.6520912794562,Medium,Free Delivery
14893,0.33853598123535783,853.3368712836088,288.88523504430674,Medium,Control
17962,0.6267947285032462,615.5209376353017,385.8052789931825,Medium,10% Discount
16343,0.5250652847621275,569.7415487893104,299.15150855587484,Medium,Free Delivery
16021,0.6935862559014033,644.4812097498271,447.00330926918963,Medium,Control
13595,0.657530319728927,835.6539190663207,549.4677885864087,Medium,10% Discount
16907,0.7723541561645768,731.3720583406783,564.8782489620643,Medium,Free Delivery
14877,0.6384078755561942,610.7242324576591,389.89115979398144,Medium,Control
17992,0.5413600760151336,486.788275391785,263.5277377693725,Medium,10% Discount
15276,0.747942245949182,618.2528157150881,462.4173995503487,Medium,Free Delivery
13405,0.6736427848073517,937.6544513653408,631.6441558047577,Medium,Control
16810,0.5418527914453988,1000.5096658169501,542.1289552910175,Medium,10% Discount
16712,0.6939971954677122,840.4951748383737,583.3012941419757,Medium,Free Delivery
16829,0.5264162355156449,666.7950774737352,351.01175454408644,Medium,Control
16590,0.6671865468389022,917.0779861309608,611.8620947486904,Medium,10% Discount
16346,0.5481638425956739,513.7770866671813,281.6340220650926,Medium,Free Delivery
14599,0.6913781677682382,646.351503257,446.8733180560711,Medium,Control
13175,0.5101419640415903,995.2859487969763,507.7371287022872,Medium,10% Discount
14926,0.6250505957229199,780.4988280194804,487.851257414617,Medium,Free Delivery
12850,0.4507984887351891,821.235742741716,370.2118317232861,Medium,Control
15666,0.6317543310911237,821.7769414946116,519.1611419800378,Medium,10% Discount
13544,0.7735693190471012,601.6967695696219,465.454160308813,Medium,Free Delivery
13909,0.6297360174064931,462.38849892063683,291.1826918048484,Medium,Control
16445,0.7317636564877402,480.925702672305,351.9239506864217,Medium,10% Discount
17356,0.6811894124077836,854.270568019408,581.9200662664041,Medium,Free Delivery
15837,0.4576398433718676,691.0968175906734,316.2734393569919,Medium,Control
12538,0.5666207461269457,787.1333729459627,446.0060990800608,Medium,10% Discount
18283,0.8532375582002532,720.199434839488,614.5012071996471,Medium,Free Delivery
16317,0.5425779933997954,1017.4816796163961,552.0631680473177,Medium,Control
13703,0.5122292686924184,612.6076732181672,313.79558044790576,Medium,10% Discount
14753,0.46634456795405066,611.5531655786457,285.1944967827055,Medium,Free Delivery
14805,0.7397336988324076,699.5756146886322,517.499657066577,Medium,Control
14600,0.5865814853548841,884.9622514074083,519.10247191356,Medium,10% Discount
13331,0.4726475121705598,575.6592309753506,272.0839033785171,Medium,Free Delivery
15478,0.3856104636970534,934.8304141266584,360.4803894694892,Medium,Control
17617,0.37546162180916276,688.4477568747824,258.485711327086,Medium,10% Discount
17027,0.6718609202885041,627.0912589467931,421.31811034086905,Medium,Free Delivery
14949,0.6943723538752894,750.667968059333,521.2430839601396,Medium,Control
13252,0.6348377995902724,667.3137780110467,423.6360104688044,Medium,10% Discount
16252,0.5463484797219452,616.5442049434616,336.8479890522357,Medium,Free Delivery
13804,0.6440639819735631,835.8432997031672,538.3365639127442,Medium,Control
17163,0.6276459464300519,647.686379117518,406.51773041106793,Medium,10% Discount
17518,0.6412530305265758,481.49029625578254,308.75711164315936,Medium,Free Delivery
14097,0.5896513349923092,611.9441131462089,360.83366325734676,Medium,Control
12514,0.35753536591058926,1089.5900875841194,389.56699065693914,Medium,10% Discount
17744,0.5802757972961257,710.3548837852217,412.2017465516662,Medium,Free Delivery
14009,0.5233413930186451,734.4091137703837,384.34668864618124,Medium,Control
15901,0.7214891541458857,471.03178863747087,339.84432675987244,Medium,10% Discount
16856,0.6047326382044943,565.7284723318472,342.11447158063623,Medium,Free Delivery
17710,0.49944425194744047,597.6514229692306,298.4935678701907,Medium,Control
13251,0.5323355672481234,525.314168654238,279.6434159540301,Medium,10% Discount
17016,0.390859652562869,837.9770184694846,327.5314062946516,Medium,Free Delivery
14382,0.6310699329689701,878.8700657612345,554.6284734883766,Medium,Control
14151,0.401996644726496,773.4344973922,310.9180728673882,Medium,10% Discount
14846,0.5080852150286737,884.1223445903584,449.20949156284735,Medium,Free Delivery
13721,0.5207647397236226,496.72275311264025,258.67569523950533,Medium,Control
16980,0.5255966173300762,748.9953303593546,393.66941203289974,Medium,10% Discount
16785,0.5719592211100775,945.6978245249793,540.9005911208019,Medium,Free Delivery
14157,0.7372228317425039,794.2890171952115,585.5679984786242,Medium,Control
14022,0.4423913891756423,668.7449130454963,295.84699108634123,Medium,10% Discount
14929,0.5603416511681814,1106.135569152777,619.8138312349231,Medium,Free Delivery
13784,0.6782691769656713,746.7836433826569,506.52032716858014,Medium,Control
13745,0.4389436596536888,794.4546071794517,348.7208127040823,Medium,10% Discount
16799,0.630916702355393,609.602635228709,384.6084843656546,Medium,Free Delivery
16838,0.5397995479305985,775.9960829878652,418.8823347927648,Medium,Control
17655,0.6463361312850984,583.1828791964385,376.93216597153094,Medium,10% Discount
15535,0.6608188035305191,767.2906751480795,507.0401059114781,Medium,Free Delivery
12797,0.5087667285384575,779.0288834209308,396.34397645503435,Medium,Control
12751,0.5296323658807309,612.6620572576242,324.4856548707113,Medium,10% Discount
14699,0.7150253495776172,800.4426474816121,572.336783832373,Medium,Free Delivery
16412,0.7753857858568053,605.0001016578668,469.10847926743213,Medium,Control
18074,0.44041913267846117,878.1731336691406,386.76424987208924,Medium,10% Discount
12871,0.49220113950253025,800.1710444179196,393.84509985942975,Medium,Free Delivery
18034,0.6178330781477097,586.3731553852944,362.2807315348817,Medium,Control
16039,0.6521454419697268,714.2417841424352,465.7895239928146,Medium,10% Discount
16961,0.6947138693512926,835.6479967162643,580.5362532144122,Medium,Free Delivery
14037,0.7409735195923774,804.4147839659998,596.0500536874289,Medium,Control
14595,0.6022739854188798,647.5037019588383,389.9746351522281,Medium,10% Discount
14392,0.4677063520557068,566.5445550797692,264.9764871333823,Medium,Free Delivery
15938,0.6895377776438658,512.460793773177,353.3610768679679,Medium,Control
12899,0.5025541659508764,733.8840342674866,368.81647874596115,Medium,10% Discount
17951,0.5106217757898407,744.8655237500174,380.34455646186365,Medium,Free Delivery
13123,0.5951659182393547,720.2025117582394,428.63998922888226,Medium,Control
16827,0.7611226382326939,659.5930040889491,502.031167432009,Medium,10% Discount
15616,0.472790045085314,659.8682995066267,311.97916307410753,Medium,Free Delivery
13129,0.5693637948050415,443.5026601120496,252.5143575675271,Medium,Control
17665,0.49749875997795723,1007.1565369402995,501.05912823149265,Medium,10% Discount
17558,0.4963745630048721,520.794712857376,258.50924800982784,Medium,Free Delivery
14991,0.5018913549107146,628.601357225041,315.48958687639,Medium,Control
15951,0.5321233916999354,641.1243731353671,341.1572759342865,Medium,10% Discount
16635,0.5603882498601358,888.8104682255334,498.07894274627455,Medium,Free Delivery
15778,0.47344710553965047,624.9417146439747,295.876845929176,Medium,Control
16783,0.5009932980328506,734.9659893044179,368.21303492359715,Medium,10% Discount
16075,0.5790665996352292,947.8364010438681,548.8604017629661,Medium,Free Delivery
18079,0.5197108288590905,1109.2071071454345,576.4669450309477,Medium,Control
14240,0.5204172770045702,713.4395533932898,371.2862696842925,Medium,10% Discount
14020,0.5846111190383836,851.3658906096235,497.71796602040206,Medium,Free Delivery
17270,0.623801879304309,818.0014392007799,510.27083504707593,Medium,Control
14969,0.28665492523601405,1327.1455296642994,380.43280258323,Medium,10% Discount
14353,0.6257542160757458,522.7774454107642,327.13019053509373,Medium,Free Delivery
17729,0.3445897500622861,724.3849959765612,249.61564471243332,Medium,Control
17521,0.6775717907549255,847.9359808027575,574.5375009580586,Medium,10% Discount
15446,0.7546429707099743,544.0106205403946,410.53379078238,Medium,Free Delivery
13155,0.6380977219885464,649.1696257068566,414.2336593477025,Medium,Control
14168,0.598555206914288,653.9298393382124,391.41311029251085,Medium,10% Discount
17845,0.6206785334610765,706.2279748427031,438.340543714555,Medium,Free Delivery
13399,0.5983263295795935,473.0423016968655,283.0336641101683,Medium,Control
18078,0.6327987117141279,585.5491373491185,370.53473975984116,Medium,10% Discount
14563,0.5825697848990485,759.7571238942515,442.6115442425939,Medium,Free Delivery
15730,0.7058119829994265,891.9723034384159,629.5647402704345,Medium,Control
15562,0.6667441124357625,807.8567118414726,538.6337063120162,Medium,10% Discount
15021,0.7694268723628856,756.5588337480209,582.1166972092522,Medium,Free Delivery
16037,0.5314360023266813,857.8907496444662,455.9140304240949,Medium,Control
16880,0.4113146605173164,667.717849615068,274.6421406357742,Medium,10% Discount
13233,0.6782461691788151,849.5672367172346,576.215723763296,Medium,Free Delivery
12411,0.5483814422913529,874.3749057282091,479.49097190660103,Medium,Control
16885,0.5506979971662749,471.614215903243,259.71700413305905,Medium,10% Discount
12728,0.5518561219053373,668.9574607420807,369.16827000476655,Medium,Free Delivery
17607,0.5771120731244863,689.4445224914119,397.8867576793403,Medium,Control
12855,0.7384607255422798,754.2889357297307,557.012754747491,Medium,10% Discount
12825,0.5080805566349142,747.6112882833401,379.8467594975448,Medium,Free Delivery
12459,0.3656337032978954,945.15437758985,345.5802952663942,Medium,Control
17256,0.5928427669313571,429.33056784035443,254.52552176668644,Medium,10% Discount
17341,0.5478717879256086,737.9071594755025,404.27851478495074,Medium,Free Delivery
14220,0.4798596513136816,1198.502050932109,575.112776259014,Medium,Control
16286,0.5257942312178749,535.9679423301066,281.8088521948847,Medium,10% Discount
15634,0.5379648900524856,648.9217043405745,349.0970933282487,Medium,Free Delivery
14405,0.47218761899787665,547.4905087831132,258.51823976623433,Medium,Control
17687,0.5323894786565394,808.3537883814728,430.35905196645086,Medium,10% Discount
14455,0.7800783557212628,778.3685206812977,607.1884357582585,Medium,Free Delivery
13275,0.6449088552112665,394.03932055321667,254.11944712620024,Medium,Control
17643,0.415575383569245,620.689860452021,257.94342683488975,Medium,10% Discount
15605,0.5766976869472527,663.1642217307157,382.44527273827873,Medium,Free Delivery
15396,0.31298976966849396,1053.2249414898135,329.6486318460098,Medium,Control
16769,0.6670384440453935,904.0081554593211,603.0081934219317,Medium,10% Discount
18221,0.5562823203422721,770.5965926673632,428.6692606168495,Medium,Free Delivery
16418,0.6626853078778894,589.0451032882477,390.35153562653556,Medium,Control
15289,0.6457007152019049,922.9476575313564,595.9479625619196,Medium,10% Discount
14771,0.4701688317204108,722.2211580963851,339.5658781459395,Medium,Free Delivery
15708,0.690283178344566,915.509444985163,631.9607694888279,Medium,Control
18262,0.6767510343371872,691.9141405442595,468.2536102858535,Medium,10% Discount
15799,0.5775529483155221,900.6694415350498,520.1842914162628,Medium,Free Delivery
14216,0.4993793943053387,635.7180786436588,317.464509062024,Medium,Control
12973,0.44275911153579656,839.3911490043386,371.64807936417236,Medium,10% Discount
14630,0.42535696121849126,634.7243116368745,269.98440440935957,Medium,Free Delivery
13204,0.2723986946333239,1147.362777825656,312.5401229505731,Medium,Control
12403,0.4210371350474377,1507.2496309049989,634.6080663975487,Medium,10% Discount
15138,0.5835583082181951,922.6968930866815,538.4474379278487,Medium,Free Delivery
16518,0.6321917389679957,727.3283141748644,459.8109517388683,Medium,Control
13773,0.6315183180121675,529.4582728932525,334.36259795517395,Medium,10% Discount
17989,0.5629811519610227,453.9258856218351,255.55171799230817,Medium,Free Delivery
13309,0.5607243509130377,534.0735123069848,299.4680235281803,Medium,Control
17852,0.7530613557467751,729.914692782119,549.6705481259934,Medium,10% Discount
13406,0.6225628015662924,988.6303912393532,615.4845060835515,Medium,Free Delivery
15917,0.571766234660509,438.9686078507384,250.98742804498227,Medium,Control
14048,0.6685236250658168,521.7241490959101,348.7849194379765,Medium,10% Discount
12434,0.5718437894847604,794.1556058895992,454.13295111247436,Medium,Free Delivery
17034,0.6590758976661728,817.7711595012023,538.9732610337619,Medium,Control
17708,0.6784619083466861,900.3714727992508,610.867747656296,Medium,10% Discount
15800,0.7680236410184973,629.3093451724675,483.32445460632476,Medium,Free Delivery
14322,0.708613146721731,755.6789588187821,535.4840449199786,Medium,Control
12475,0.5772030574249926,1033.2848902728642,596.4151978565452,Medium,10% Discount
13550,0.5973934407943043,659.159992228991,393.77785579162384,Medium,Free Delivery
17212,0.6339275026659168,846.3112583969626,536.4999825136359,Medium,Control
18112,0.6328011092143154,643.4476794997618,407.1744053088266,Medium,10% Discount
14809,0.42365713521120746,892.5619394279324,378.1402342565971,Medium,Free Delivery
17376,0.6192870412943049,432.162551933472,267.63266814507625,Medium,Control
17433,0.5407776246376409,523.8105287714588,283.26501350921615,Medium,10% Discount
14690,0.661024053034325,640.5884383184431,423.4443658241859,Medium,Free Delivery
12900,0.4938850961021548,709.0800628621176,350.20407499077896,Medium,Control
16920,0.4988957060693318,688.9280460414541,343.7032439608164,Medium,10% Discount
17233,0.5911907728888217,567.3979625388077,335.44044000886043,Medium,Free Delivery
14573,0.6292005216192118,592.345415588113,372.7040444667895,Medium,Control
14643,0.5501091741287213,1111.7997899536379,611.6112642478815,Medium,10% Discount
17482,0.5966051594718864,975.9773966220065,582.2731503526287,Medium,Free Delivery
13936,0.6950839049974412,862.019648713455,599.1759836122708,Medium,Control
18187,0.34595207173251774,989.3786224688326,342.2775841709572,Medium,10% Discount
16385,0.6656382563387295,508.19519114969,338.274160916607,Medium,Free Delivery
14920,0.41387797795648923,948.8442862949454,392.70575460732016,Medium,Control
14777,0.5300743645300736,650.8224452564275,344.98429409120945,Medium,10% Discount
18031,0.603804513775847,808.791310807695,488.35184416837023,Medium,Free Delivery
14513,0.6458087460220603,614.9818652083827,397.1606671965333,Medium,Control
15962,0.49695145490103443,533.1760092814201,264.9625935307291,Medium,10% Discount
15109,0.4367710300485408,697.934547286958,304.83759112498666,Medium,Free Delivery
17492,0.5982897751704394,1047.0569661237419,626.4434768528158,Medium,Control
13388,0.36644231098012175,786.5504252706916,288.2253555385898,Medium,10% Discount
15573,0.5435994039492941,623.0613838739131,338.6957968976815,Medium,Free Delivery
12837,0.3866572988397218,750.9866135173413,290.3744554474053,Medium,Control
16034,0.734695396826574,711.6478043861364,522.8443660442326,Medium,10% Discount
16977,0.7499117376564558,725.6477937279126,544.1717979210723,Medium,Free Delivery
15584,0.6748352097642115,721.781070153961,487.0832798811853,Medium,Control
15893,0.41355582725309886,790.2087352739779,326.79542721885497,Medium,10% Discount
16868,0.7037693723702253,552.3865239607593,388.752717273634,Medium,Free Delivery
18090,0.5445267373069163,592.5257730920656,322.64612599208067,Medium,Control
13194,0.5190861126292531,902.4731493338505,468.46127883998787,Medium,10% Discount
17649,0.6210021799546982,935.98854939619,581.2509295876697,Medium,Free Delivery
16737,0.32471018253598194,952.5159587839388,309.29163084516864,Medium,Control
12892,0.5193810058977741,563.1346859656373,292.4814596527599,Medium,10% Discount
12499,0.41661189925531794,854.9429402204113,356.1794020801513,Medium,Free Delivery
14986,0.7172455943402428,767.6326553783459,550.5811401418205,Medium,Control
12897,0.6269797615307435,573.7497947997322,359.72950952184914,Medium,10% Discount
17456,0.53197029452011,1149.0792890668067,611.2760478318278,Medium,Free Delivery
13515,0.572731904326347,614.085224267932,351.7061999136445,Medium,Control
17604,0.7833407416444247,749.6382847606138,587.2222099494337,Medium,10% Discount
13677,0.6786610923262851,721.8098330646268,489.86424975949313,Medium,Free Delivery
12366,0.3146307316633641,1244.7159227669383,391.6258814932012,Medium,Control
12651,0.7338329123396822,577.3834577491044,423.7029843367811,Medium,10% Discount
16211,0.6432058726190877,905.6968433048156,582.5495284262271,Medium,Free Delivery
15092,0.4400879434301017,619.0838431487449,272.4513353421348,Medium,Control
14358,0.6715592604111449,674.1135664055085,452.7072080884025,Medium,10% Discount
14953,0.7709754236981361,790.1465863756607,609.1835992146109,Medium,Free Delivery
14552,0.6751776483947186,505.48307845050863,341.29087621153747,Medium,Control
17536,0.6019275882413289,523.4015269918849,315.04981882405406,Medium,10% Discount
18173,0.35394514421531414,981.5472358557541,347.41387794910787,Medium,Free Delivery
15748,0.5944049612783655,746.5555204828748,443.7563052447732,Medium,Control
17258,0.6601755620495597,627.7179936227819,414.404079248542,Medium,10% Discount
14053,0.6183345797614703,665.3286949021268,411.3957389655541,Medium,Free Delivery
13526,0.39825467674171766,1259.8706279117207,501.74936965536716,Medium,Control
17209,0.508936283191887,694.1563564300805,353.28135599554787,Medium,10% Discount
13402,0.5819081998976928,827.0297832158014,481.25541241288613,Medium,Free Delivery
13624,0.614466940020857,914.130513895786,561.7029796532371,Medium,Control
12698,0.3375069075666888,770.1091158742759,259.91714618764365,Medium,10% Discount
15447,0.6064958895484192,487.6788009090548,295.7751881712436,Medium,Free Delivery
17051,0.7037263084429548,585.3780752072452,411.945951909037,Medium,Control
12907,0.6545140404593007,802.800755553791,525.4443662012911,Medium,10% Discount
15929,0.24894499195778788,1195.5542003326207,297.6272307869038,Medium,Free Delivery
16392,0.6873344348981496,716.1288944772626,492.22004899976594,Medium,Control
13413,0.6212501005738228,517.1261929566053,321.26469938364914,Medium,10% Discount
13242,0.6973727535649915,673.8110367822244,469.8974581033016,Medium,Free Delivery
13980,0.7447686754045247,739.1364111996952,550.4856459124511,Medium,Control
16141,0.5142592472158654,672.6206690217522,345.90139891295803,Medium,10% Discount
12983,0.38233545984049505,782.4520745735281,299.15917373521916,Medium,Free Delivery
13046,0.4817015662191349,627.0488552682817,302.05041567864697,Medium,Control
17688,0.5218430000362746,630.6184560906476,329.08382700458725,Medium,10% Discount
12370,0.5376659230288381,1114.698839430284,599.3355804014582,Medium,Free Delivery
16227,0.5847279776423162,996.2913982994118,582.5594544700504,Medium,Control
16122,0.6268125752885624,429.1149437144625,268.9746429644687,Medium,10% Discount
12914,0.5278419701843985,537.5084602670702,283.7195246581528,Medium,Free Delivery
13346,0.7199289489883778,555.1725180202454,399.6847674055465,Medium,Control
12346,0.7630837949976447,529.6065189038529,404.13415230064396,Medium,10% Discount
16947,0.7216480952562718,744.6184214909762,537.3524655616948,Medium,Free Delivery
14281,0.4467578218031276,571.4547553333142,255.30188175175067,Medium,Control
13840,0.5787830318849735,1096.592352554391,634.6890465533062,Medium,10% Discount
12400,0.49589629800325075,602.7743780824712,298.91358262230926,Medium,Free Delivery
12915,0.6068590012596898,850.7986398239918,516.3148128366903,Medium,Control
17407,0.574328545085942,1026.2721728522636,589.4174038964289,Medium,10% Discount
15070,0.46972634281294395,819.8967607945942,385.12710693222385,Medium,Free Delivery
18264,0.4685635681297514,969.4868475866493,454.2662165600649,Medium,Control
12355,0.4133855347498241,1042.2908068750748,430.86794256487843,Medium,10% Discount
13583,0.29997297266240236,899.6299404712885,269.8646675392725,Medium,Free Delivery
14355,0.6564597957162592,901.1638561218797,591.5778408966455,Medium,Control
17298,0.7628840248297997,679.3879494296954,518.2942132817903,Medium,10% Discount
14055,0.510155278278969,1029.5676152432077,525.2393532614132,Medium,Free Delivery
14008,0.5445723422088704,902.5895963707632,491.52533054898544,Medium,Control
14998,0.5974083635578287,503.89040746828033,301.0283437381128,Medium,10% Discount
16872,0.7017203667198506,874.467986160643,613.6319959334156,Medium,Free Delivery
12792,0.42569834264288176,946.3111041914373,402.8430686788502,Medium,Control
14738,0.4691207894879246,701.5557543988882,329.114389373403,Medium,10% Discount
17041,0.7483723601387792,795.0619172861333,595.0023634958864,Medium,Free Delivery
13686,0.6732430887544961,581.341171709455,391.3839260618314,Medium,Control
14672,0.5229103611844247,502.0837946475816,262.5448184040134,Medium,10% Discount
13474,0.6171139789308834,587.0522539069186,362.27815224884176,Medium,Free Delivery
18118,0.776449844773342,732.8434511192245,569.0161838646821,Medium,Control
13683,0.44908877788997165,566.8673727420124,254.5737756504094,Medium,10% Discount
12595,0.4579989147531179,737.4346451480731,337.74426717916805,Medium,Free Delivery
15908,0.5757497114595167,984.4261240141345,566.7830568543484,Medium,Control
12703,0.5494138478642229,1019.8627178587203,560.3267001120238,Medium,10% Discount
16639,0.5574093755384241,889.4766429206528,495.8026200864149,Medium,Free Delivery
15097,0.48155416114609245,815.2374078805047,392.58096608681126,Medium,Control
17709,0.707826474936639,717.5166080321743,507.877251371908,Medium,10% Discount
14294,0.5357449132307678,734.0427125266473,393.2596493302661,Medium,Free Delivery
15406,0.6260880970449326,634.8153436968174,397.45033051006527,Medium,Control
18191,0.43362682153495485,686.7279614973683,297.78366320328263,Medium,10% Discount
18101,0.7373703375834951,564.2696247332144,416.0756836776424,Medium,Free Delivery
14614,0.546454429646692,623.6681450819392,340.80622050956146,Medium,Control
13161,0.4001904151170811,641.5156166158005,256.72840091756746,Medium,10% Discount
12889,0.7508537542545105,593.4882028837807,445.62284524104933,Medium,Free Delivery
12771,0.4388966249426015,720.6086566930604,316.27270732700606,Medium,Control
18203,0.6893682574209159,516.0005020301052,355.7143669128114,Medium,10% Discount
13479,0.6443854387063626,799.8650671796144,515.42140222043,Medium,Free Delivery
13776,0.4369309536535405,1163.1240796302884,508.2049133302585,Medium,Control
12677,0.4905432525491593,779.3444044974203,382.30213903815223,Medium,10% Discount
13374,0.6142222575290261,697.8954234264459,428.6629024961672,Medium,Free Delivery
17717,0.5436381877825872,725.8181581997462,394.58246818340524,Medium,Control
16373,0.6390398677883495,526.659829287405,336.55662767725806,Medium,10% Discount
14403,0.41216441742870175,689.4292642949134,284.1582110764114,Medium,Free Delivery
15695,0.4696809349842803,880.0451732121131,413.3404397826682,Medium,Control
16939,0.6338027226823548,588.8802085577834,373.23387951767603,Medium,10% Discount
17418,0.5310839161811054,488.72089866687975,259.55180878355566,Medium,Free Delivery
15772,0.48646441477669633,589.4602985497002,286.75145916807656,Medium,Control
17963,0.7357413905918448,734.4201203885002,540.3432806532652,Medium,10% Discount
16870,0.49041274324735296,801.1370234065713,392.88780536583545,Medium,Free Delivery
14310,0.5240442664026254,910.5788887273595,477.18364574484696,Medium,Control
15174,0.5371640148891816,686.241565523327,368.62427452034774,Medium,10% Discount
16018,0.6545771538508665,498.36844483705136,326.22059819051964,Medium,Free Delivery
17355,0.5603104498598636,562.0907822293083,314.9453390529863,Medium,Control
12859,0.5085210255993468,1026.2321764960896,521.8606388948413,Medium,10% Discount
17680,0.5977744388619115,588.5439057901436,351.8165030293008,Medium,Free Delivery
16844,0.4984855947789317,819.2897705932522,408.40414859047183,Medium,Control
17776,0.6818845334730438,495.65554690402183,337.9798513639753,Medium,10% Discount
17796,0.7531025196711445,682.3626383986993,513.8890223075106,Medium,Free Delivery
17753,0.6896029087109086,495.5374493001371,341.72406641255895,Medium,Control
17309,0.6340075369493032,430.3627279216554,272.85321312439186,Medium,10% Discount
12788,0.7162138810925656,826.4337828435735,591.9033470764062,Medium,Free Delivery
13292,0.6931049175848943,620.9250241519713,430.3661876912506,Medium,Control
17689,0.657487036133766,567.9962440603775,373.45016704236883,Medium,10% Discount
12351,0.6017380475458942,810.4849469453767,487.6996295402486,Medium,Free Delivery
14303,0.6263360314424689,486.7518935226981,304.8702492861139,Medium,Control
13660,0.5337300090994621,582.8631725994302,311.0915664152352,Medium,10% Discount
15126,0.5140157943996821,646.5632602090363,332.3437278259962,Medium,Free Delivery
17226,0.6407209896305608,741.8356852465909,475.3096943944609,Medium,Control
16948,0.7430214319375049,683.9925004058573,508.2210870860745,Medium,10% Discount
17269,0.6156518086987864,786.4137786931059,484.1570652380578,Medium,Free Delivery
15958,0.6946093855097741,519.8181074639486,361.07053620238713,Medium,Control
17474,0.3433511375775255,1729.0474852840005,593.6704209978213,Medium,10% Discount
18098,0.5887868296906724,847.4113213268845,498.94462532804005,Medium,Free Delivery
13158,0.5509118991749109,637.5367869289547,351.22660208090093,Medium,Control
17189,0.5905281885204389,668.7836816343311,394.9356160275514,Medium,10% Discount
12580,0.42424214954615164,1232.0168510470733,522.6734771652913,Medium,Free Delivery
12352,0.685814088885905,771.3746278413514,529.0195875827204,Medium,Control
13444,0.7132406388561139,886.0092353332712,631.9377930415193,Medium,10% Discount
16824,0.514489585731151,515.2407734575735,265.0860120879848,Medium,Free Delivery
18243,0.5474936605932645,941.6815298453453,515.5646678880936,Medium,Control
13057,0.6284245076653863,880.772638341207,553.4991116147163,Medium,10% Discount
17251,0.6886527007298827,804.0247416838876,553.6938098142555,Medium,Free Delivery
15458,0.4859120774703041,520.4760631708708,252.90560512892307,Medium,Control
17598,0.5387172627363628,879.2789416655019,473.6827446357652,Medium,10% Discount
17282,0.6568232966505367,769.9059783732922,505.6921828261026,Medium,Free Delivery
14192,0.5436881754612611,643.5602638921222,349.8961056748756,Medium,Control
16704,0.46631309603519533,781.4288034193232,364.39048465354267,Medium,10% Discount
13988,0.7062162225088199,863.4174116485427,609.7593829027766,Medium,Free Delivery
18284,0.5543305721336902,851.4794407753731,472.0010855650871,Medium,Control
13138,0.5238723910785612,631.8563052515797,331.01207345021027,Medium,10% Discount
15488,0.6723851847045896,576.926465126335,387.9168078149367,Medium,Free Delivery
12504,0.6478085916720969,730.9116604426555,473.49085338807055,Medium,Control
15469,0.48092078351005757,662.9005794442701,318.8026660556095,Medium,10% Discount
13733,0.6616580415660993,755.9908592899322,500.2074313996491,Medium,Free Delivery
13500,0.5380535144136848,622.481984725318,334.92861954066296,Medium,Control
15884,0.5755239694389758,446.42113859094604,256.9260657233284,Medium,10% Discount
15996,0.5683434737211397,655.0808741717037,372.3109395950269,Medium,Free Delivery
12460,0.49739244999800564,822.8752457479965,409.29193452530694,Medium,Control
17106,0.5718832211774316,833.0007388633709,476.3791457843651,Medium,10% Discount
16348,0.5319792843361842,635.2330885437854,337.9308438301869,Medium,Free Delivery
16601,0.674388879497912,670.4706810049123,452.1579712991048,Medium,Control
17934,0.5227315603137591,692.6083147947687,362.0482250789527,Medium,10% Discount
15726,0.5334824540788053,649.2917237756368,346.3857422128845,Medium,Free Delivery
16955,0.5201701529476089,837.3124552005444,435.54494788660514,Medium,Control
14319,0.5489407272185906,908.7257614309277,498.8365803221609,Medium,10% Discount
15766,0.5807504419567324,811.6164566093253,471.34661587522277,Medium,Free Delivery
14890,0.47821918461469687,814.5136472795435,389.5160522595661,Medium,Control
12608,0.555237966974021,843.072790796986,468.10602237323263,Medium,10% Discount
13286,0.3736301311385894,1028.3705092023733,384.2302082123407,Medium,Free Delivery
12777,0.5257794279691621,927.5322456158908,487.6773735228754,Medium,Control
16377,0.3692325297568814,1177.7670719091623,434.86991542537487,Medium,10% Discount
13785,0.7262118035276321,759.2472982976478,551.3743498202169,Medium,Free Delivery
12958,0.6445658517907356,684.0895278297513,440.94074920670573,Medium,Control
15989,0.6827374444393501,536.8864269000087,366.5524670558859,Medium,10% Discount
17805,0.31756767535429586,935.9112081078996,297.2151466968563,Medium,Free Delivery
17601,0.5747635386859553,551.4548976624319,316.9561684061607,Medium,Control
16604,0.4513158798107194,674.6874005669791,304.49713778409347,Medium,10% Discount
12396,0.36451719634650004,1468.0958803779413,535.1461942832138,Medium,Free Delivery
17000,0.6653169044012355,661.5145126506447,440.1167877732189,Medium,Control
15631,0.34171973217117896,861.6385251815713,294.4388860534162,Medium,10% Discount
15387,0.466747530001845,848.5730744814447,396.06938654028596,Medium,Free Delivery
13002,0.5936613322223088,524.1860436108274,311.188984982345,Medium,Control
13453,0.5489919119127908,818.4419462328974,449.3180088520239,Medium,10% Discount
15651,0.6644578832267178,911.3111033686171,605.5278467053159,Medium,Free Delivery
13220,0.37054143988501037,810.2190428462228,300.21973075849434,Medium,Control
17792,0.5724929147993817,534.1707584729415,305.8089745187708,Medium,10% Discount
13712,0.3750054663024888,866.5492648167398,324.9607111266804,Medium,Free Delivery
16500,0.7372655817480177,711.597086577889,524.6360400060419,Medium,Control
16468,0.6182593304412108,960.1857802913032,593.6438176220727,Medium,10% Discount
17671,0.5802861353476237,860.1904967066519,499.1566189966559,Medium,Free Delivery
14254,0.5371736751205739,1073.5657947241205,576.6912834356954,Medium,Control
15677,0.6644854291238268,938.4620013455,623.5943256804699,Medium,10% Discount
17135,0.7500222661047443,748.6337052160861,561.4919480685601,Medium,Free Delivery
15864,0.5302264158525773,653.4774319999788,346.4909966098951,Medium,Control
16765,0.5986970465916915,757.139657004382,453.2972765059698,Medium,10% Discount
16606,0.6208841423441422,616.8613028140027,382.99940094296227,Medium,Free Delivery
17299,0.6199136171154058,502.484917175307,311.4972425520797,Medium,Control
13383,0.3481414471710806,752.6972120938606,262.0450966999944,Medium,10% Discount
16862,0.6608682116383423,808.7580293413754,534.4824724989847,Medium,Free Delivery
17988,0.7558747759454725,378.86646982576735,286.375607992804,Medium,Control
14742,0.5521104307438804,999.5601776375133,551.8676002298771,Medium,10% Discount
13998,0.677751065779193,780.1484647288136,528.7464534359545,Medium,Free Delivery
12796,0.30699090857472644,908.1014821276717,278.77889907642964,Medium,Control
12542,0.6332227243217641,874.1029897671251,553.501876518138,Medium,10% Discount
16226,0.6821053153193918,707.5881183610227,482.6496165909005,Medium,Free Delivery
12844,0.5795496450065749,486.7817816776223,282.11420876693404,Medium,Control
14169,0.6435247958128985,845.6417557262001,544.1914381845639,Medium,10% Discount
17476,0.6645829048536988,760.2114041294245,505.2235032592421,Medium,Free Delivery
15613,0.3667035339783868,709.4728711682876,260.1662091192038,Medium,Control
14749,0.4703934127488291,616.1277304658188,289.8224258230072,Medium,10% Discount
14024,0.5167159993960196,657.1767542658577,339.57374336031506,Medium,Free Delivery
13277,0.6946706066638632,513.0338319544697,356.3895232828979,Medium,Control
17664,0.6121717574425258,804.6367185627489,492.57587410534506,Medium,10% Discount
14891,0.6550515283186965,830.087403274767,543.7500221532342,Medium,Free Delivery
16148,0.475144410403256,687.3682034611511,326.59915976349396,Medium,Control
16132,0.5103127985785642,951.5511357957586,485.5887230985449,Medium,10% Discount
16974,0.445695346126157,640.2929725412672,285.37559801892604,Medium,Free Delivery
12554,0.5389357184296476,1080.0570449269449,582.0813194527052,Medium,Control
14328,0.3070622903385264,1027.4213574233966,315.4823551531459,Medium,10% Discount
15287,0.7440574018584203,644.4196666455919,479.4852228707884,Medium,Free Delivery
15855,0.4558415307234005,675.5938185213136,307.9637203820228,Medium,Control
16602,0.5007871518882606,540.9455447116318,270.8985786627818,Medium,10% Discount
17615,0.7281802521460243,592.0707861849745,431.13425437246957,Medium,Free Delivery
13540,0.655783629128004,853.8742138014526,559.9567307455378,Medium,Control
14231,0.478924280922357,618.5305124065245,296.22928088283174,Medium,10% Discount
13775,0.42027039512242254,1358.4129182464821,570.9007338908522,Medium,Free Delivery
13927,0.5076565660022626,705.6249217602219,358.2151246664095,Medium,Control
14810,0.610941257480663,433.757371081728,265.00027373017747,Medium,10% Discount
17996,0.7730843575638723,671.242134361743,518.9267942128505,Medium,Free Delivery
17430,0.6637116474236369,608.311783608921,403.74361604628785,Medium,Control
16390,0.5477730686034611,659.4137273493698,361.2090809094103,Medium,10% Discount
16739,0.40691417676275493,785.8237304711203,319.7628163652929,Medium,Free Delivery
13368,0.6484763782695051,787.0107962272815,510.357910796467,Medium,Control
17350,0.7586043178165484,801.5747447485315,608.0780624189337,Medium,10% Discount
17745,0.5737714232000429,847.376468765264,486.20040246967227,Medium,Free Delivery
16863,0.5341370431137383,669.6727010590226,357.6969963976568,Medium,Control
17255,0.7035379023221208,666.512643247344,468.9169069014085,Medium,10% Discount
18128,0.4091486289005443,652.4738751958018,266.9587914297872,Medium,Free Delivery
15995,0.6007078315660975,1030.666584014512,619.1294887509946,Medium,Control
13604,0.298218304112547,1052.5563519351938,313.8915702570027,Medium,10% Discount
13480,0.6725566397131069,893.8214000827298,601.1455173433053,Medium,Free Delivery
14583,0.7749390368568959,789.9508635703446,612.163761379476,Medium,Control
15393,0.5590944681201224,809.9888017921436,452.8602583212338,Medium,10% Discount
14835,0.4438400936026872,621.3602921820659,275.7846102430812,Medium,Free Delivery
16330,0.7379714198759114,497.89819277388796,367.43463627499636,Medium,Control
15257,0.4297789887425509,820.1150473279301,352.46821569314704,Medium,10% Discount
17326,0.6372302821217865,453.5473580623939,289.0141109336902,Medium,Free Delivery
15646,0.6755688954847275,554.8189936529704,374.8184547360853,Medium,Control
16111,0.5549159441386314,872.4918343316167,484.1596300013755,Medium,10% Discount
16415,0.4930398993318751,594.7547803144653,293.23783701339545,Medium,Free Delivery
13948,0.6979088728141121,689.1965328011133,480.9963753546192,Medium,Control
13789,0.5464608102520458,528.8882174642538,289.01668384827633,Medium,10% Discount
13070,0.653974429332851,812.4789638075922,531.3404667010162,Medium,Free Delivery
18058,0.5089993790863928,906.0534431618751,461.1806399884827,Medium,Control
17420,0.7045273467220189,583.7512384719317,411.2687111863226,Medium,10% Discount
12807,0.571348076938299,888.9485422245584,507.8990400971058,Medium,Free Delivery
14611,0.6581880472831656,862.4561643932602,567.6583387093289,Medium,Control
18244,0.6705758736216966,900.185814727417,603.6428891326964,Medium,10% Discount
14767,0.4400173707700959,722.0361933744472,317.7084674094728,Medium,Free Delivery
15128,0.509813304510361,627.7543180387557,320.0375032999862,Medium,Control
17524,0.6218803617637834,603.7402952492703,375.4542332209896,Medium,10% Discount
15356,0.7628258147203749,643.8976624549783,491.1817589587638,Medium,Free Delivery
13977,0.5499277121800932,1033.3832376283922,568.2860796742393,Medium,Control
17480,0.5034108691743329,704.7578842580763,354.78277907182206,Medium,10% Discount
16428,0.7617195404932324,764.3089932077432,582.1890951010473,Medium,Free Delivery
16332,0.7441957609452624,585.3220038029045,435.5941540181083,Medium,Control
13005,0.6348082852748217,743.5591092344818,472.0174831336152,Medium,10% Discount
16887,0.6767412605077037,662.7029398582129,448.4784228618079,Medium,Free Delivery
13727,0.6496828160861249,785.0911674403918,510.06024054701714,Medium,Control
14087,0.7107041989834122,802.3368357469699,570.2241581644358,Medium,10% Discount
16522,0.6070195067218876,711.1304144717901,431.67003340759754,Medium,Free Delivery
14904,0.6983013568238156,834.0830827011198,582.4413483539827,Medium,Control
17264,0.5293898179705366,481.39092485226274,254.84345408020766,Medium,10% Discount
15495,0.5493255561389716,536.5378061568313,294.7339287566851,Medium,Free Delivery
15198,0.6952102516929993,600.5865417956898,417.5339208852095,Medium,Control
16890,0.6197174599257024,460.66021614821614,285.47917904019755,Medium,10% Discount
17210,0.5590553985544432,491.4135256047543,274.72738441201,Medium,Free Delivery
15888,0.5917692661368418,447.46430930022694,264.79562593702406,Medium,Control
14794,0.7005995854049769,904.7052071587084,633.8360930491149,Medium,10% Discount
16632,0.5623936739891994,627.0724091615386,352.6615560456162,Medium,Free Delivery
13441,0.5332148626920231,797.5353679055511,425.25771168979054,Medium,Control
15404,0.5704979023448863,577.1389980751906,329.25658776332557,Medium,10% Discount
13262,0.6462491139162673,583.516852268335,377.0972487336209,Medium,Free Delivery
15169,0.7073619255547874,809.4805552766898,572.5957242796778,Medium,Control
16100,0.5294120875349064,975.6119240368237,516.5007453282814,Medium,10% Discount
17681,0.6307050230560877,945.5007000364388,596.3320408160292,Medium,Free Delivery
15957,0.6606641935337212,658.1365658324619,434.8072635007562,Medium,Control
14296,0.6455610730821831,712.0868669052513,459.69556192708376,Medium,10% Discount
17935,0.7857000018948322,751.217714934487,590.231760047458,Medium,Free Delivery
16888,0.7086367835344262,615.7854363522207,436.3682109639808,Medium,Control
15068,0.6937291315155361,794.2927818918255,551.0240417508752,Medium,10% Discount
17631,0.7819748538099439,703.6050710363468,550.2014725635825,Medium,Free Delivery
13101,0.6511090572380454,759.0073908939104,494.1965867216426,Medium,Control
14170,0.7699810514285653,705.7237496132533,543.3939147453224,Medium,10% Discount
13717,0.571872135696145,522.5500293749343,298.831801306727,Medium,Free Delivery
15134,0.6256908947391798,414.3237011450426,259.23856728109024,Medium,Control
14338,0.40012338322295404,628.468302404696,251.46486340655355,Medium,10% Discount
16356,0.6801694454893417,371.32926375416884,252.5668194216385,Medium,Free Delivery
15717,0.7177867168113969,715.8526441225857,513.8295191455081,Medium,Control
14569,0.6470635272920257,565.5973711995396,365.97743003547123,Medium,10% Discount
14011,0.6108818702117244,676.7640890045633,413.4229123832415,Medium,Free Delivery
15626,0.5510618803044172,735.5050865659015,405.3088159764688,Medium,Control
14320,0.6186450078800011,991.7687447223673,613.5527828939076,Medium,10% Discount
14531,0.4707068927650717,680.6424355862018,320.3830859388315,Medium,Free Delivery
16194,0.5346532955375178,714.7798664973523,382.1594112066764,Medium,Control
17397,0.5792468718683296,896.7077742926086,519.4151732390056,Medium,10% Discount
12655,0.49699040883273676,700.9864531138427,348.3835439192587,Medium,Free Delivery
13190,0.5789462611929872,786.4056327268971,455.2866008483426,Medium,Control
17292,0.5299322440203712,471.0677181704523,249.63397297562358,Medium,10% Discount
16943,0.31213472851447593,860.3683717225018,268.5508481300448,Medium,Free Delivery
16095,0.5042725983230578,797.6043538986153,402.2100199742385,Medium,Control
13780,0.5372008783067875,692.1618805000708,371.82997013511573,Medium,10% Discount
14736,0.5611232197466451,506.39331977400883,284.1490500497843,Medium,Free Delivery
15016,0.7683969878116426,590.2183833585185,453.52202792374294,Medium,Control
17691,0.6378766257572422,581.6512345802684,371.0217268815957,Medium,10% Discount
15715,0.6668772392103529,789.4091978846076,526.4390264925463,Medium,Free Delivery
18207,0.4714885496145807,909.3145796055504,428.73141228161313,Medium,Control
17081,0.7970774823505448,775.7756643324201,618.3533133949068,Medium,10% Discount
13179,0.3508165201693314,856.2439510558407,300.3845233254494,Medium,Free Delivery
15504,0.5633320916262716,481.68335399190096,271.3476913058154,Medium,Control
18134,0.4192240871893201,597.4304458502186,250.4572333206664,Medium,10% Discount
18179,0.5620201152561516,1049.104233642292,589.6176823073575,Medium,Free Delivery
17221,0.5663073062626774,724.7599873735238,410.4368761364724,Medium,Control
14793,0.4095636352481073,693.2785003464234,283.94166284123736,Medium,10% Discount
12519,0.49278803131925564,913.3297450988149,450.0779670325626,Medium,Free Delivery
12887,0.5097777329552947,509.321065903137,259.64053832247544,Medium,Control
16805,0.6075566919558011,654.4743211724261,397.63025354153774,Medium,10% Discount
16345,0.5082896303000083,927.896870430057,471.64035722742835,Medium,Free Delivery
13103,0.6284668497031383,737.2688824764601,463.34905195413415,Medium,Control
18001,0.753775681105602,645.4510775177923,486.5253255763186,Medium,10% Discount
13207,0.4989078972175471,559.6046961037978,279.1912022062102,Medium,Free Delivery
13067,0.6018433028734284,675.7264084379233,406.681413493079,Medium,Control
13598,0.7004865187240937,745.5848780270793,522.2721556225168,Medium,10% Discount
14417,0.6335919879907391,840.4585224192497,532.5077860433715,Medium,Free Delivery
15650,0.5344161195997922,750.9417715747087,401.3153876103493,Medium,Control
12810,0.5697933268923073,933.7999859470883,532.0730006447812,Medium,10% Discount
13843,0.5446681210998546,670.5658470096679,365.2358399644884,Medium,Free Delivery
15028,0.6733887495377459,537.9192488784889,362.2287703545692,Medium,Control
15461,0.5424775513962841,895.7845440891205,485.9430060561027,Medium,10% Discount
17886,0.7083462394629372,877.3499428290258,621.4675326959634,Medium,Free Delivery
17195,0.3206550285774239,833.2424408219487,267.1833786736844,Medium,Control
18050,0.5464916523703538,699.7474855360624,382.406159612603,Medium,10% Discount
14203,0.5058321387902209,698.1075139327907,353.12521687814746,Medium,Free Delivery
13502,0.6323371058069581,811.3481195550967,513.0455217213877,Medium,Control
14058,0.5869504368744104,713.8575349262838,418.998991991072,Medium,10% Discount
15859,0.5097203133474311,822.7296536301733,419.3620168485954,Medium,Free Delivery
13080,0.6421096273881369,408.79582506386134,262.491734909582,Medium,Control
17463,0.5401344543447223,749.6275480058075,404.89966660388893,Medium,10% Discount
14253,0.4990574344363608,602.339707970306,300.6021093188077,Medium,Free Delivery
17659,0.6834842036303183,875.8500323186252,598.629661838884,Medium,Control
12414,0.654443886455402,822.3126203029774,538.1574671124058,Medium,10% Discount
13689,0.4612239502289997,833.8370913002477,384.5856370969593,Medium,Free Delivery
16437,0.6492073083050245,543.2630869534783,352.6903663825461,Medium,Control
14968,0.4760541664204709,613.5069630021562,292.06254586514615,Medium,10% Discount
18003,0.583466461898218,720.891720147732,420.61614136631755,Medium,Free Delivery
13846,0.5710856743749764,843.7319926264202,481.8432540008017,Medium,Control
14932,0.5717435457634864,833.6362306250343,476.6261343744646,Medium,10% Discount
16048,0.6718701173356324,857.3089277757475,576.0002498975767,Medium,Free Delivery
17499,0.4183457360563119,1095.3687576615023,458.2428491769891,Medium,Control
14458,0.5776778506391395,460.08309146849723,265.7798113949321,Medium,10% Discount
15223,0.486489308890942,864.982616060337,420.80479508987236,Medium,Free Delivery
18160,0.5662589237933967,722.2515501465936,408.98138549412255,Medium,Control
14263,0.5018632676974735,664.8879160570709,333.6828222049651,Medium,10% Discount
16476,0.5065089263663847,676.4893027066255,342.6478704122771,Medium,Free Delivery
13285,0.48039366777819714,799.1335683584073,383.8987059483739,Medium,Control
14272,0.5130719441716042,662.9400528732762,340.13594179691785,Medium,10% Discount
17473,0.6669201768545525,889.7073158648353,593.3637604453652,Medium,Free Delivery
16367,0.6310175271791053,891.41476693581,562.4983419227733,Medium,Control
16310,0.647439365429717,722.0785896372898,467.502103865152,Medium,10% Discount
16071,0.6432421279174712,892.8652405500183,574.3285372749385,Medium,Free Delivery
13626,0.5748054258177664,864.672351132679,497.0183589856687,Medium,Control
13700,0.7215909866453878,521.0962972070383,376.01839123888504,Medium,10% Discount
15102,0.5371203522197086,773.8352030201619,415.64263680619905,Medium,Free Delivery
13096,0.39041605270569935,1034.8796450187388,404.03362603369135,Medium,Control
13942,0.4010043009290709,805.7259794319566,323.09958312250274,Medium,10% Discount
16545,0.5514770949122294,842.7527581104621,464.7588427720264,Medium,Free Delivery
15968,0.5889821220517902,699.8892747276045,412.22227023035293,Medium,Control
15966,0.5086068632913057,780.4012859400208,396.9174501504553,Medium,10% Discount
17869,0.6014009990487281,574.2531352591009,345.3564092516877,Medium,Free Delivery
15969,0.5928508993000986,750.2076936719646,444.76130585527716,Medium,Control
16857,0.4766791468286313,735.1826186761351,350.44622343377904,Medium,10% Discount
16899,0.6906506543201082,657.9590994786903,454.4198825708266,Medium,Free Delivery
13106,0.5382276250345236,1020.8331270820755,549.4405895459515,Medium,Control
17156,0.4944500644975979,958.5062281340017,473.9334663222064,Medium,10% Discount
14115,0.5847629240353589,895.2018898869987,523.4808747323008,Medium,Free Delivery
15157,0.5451848240278909,946.108751069982,515.8041329633357,Medium,Control
16916,0.6544365504940501,513.8658503220165,336.29259450143235,Medium,10% Discount
14139,0.6700748818023464,886.0645751356726,593.7296154532821,Medium,Free Delivery
17423,0.5697276300927288,853.0113282794442,485.9841225028984,Medium,Control
15025,0.4147733376218997,867.3304007232083,359.74552512890483,Medium,10% Discount
13836,0.6748055451706142,926.4297170305464,625.1599102630557,Medium,Free Delivery
15224,0.6130919796233206,765.300266930286,469.19945565854476,Medium,Control
13605,0.7029835129607983,766.368669115121,538.7445392376394,Medium,10% Discount
13243,0.7555379654482817,720.5633894306841,544.4129972269769,Medium,Free Delivery
15645,0.6161103959060995,731.301220795023,450.5622846706355,Medium,Control
16935,0.7524208531123366,727.9438299402767,547.7201175415247,Medium,10% Discount
12413,0.4826546473434347,672.1888922545845,324.4350927393105,Medium,Free Delivery
17627,0.4779212763688513,639.4553364844834,305.6093105935376,Medium,Control
13168,0.41799937146896093,832.3483094977538,347.92107021331327,Medium,10% Discount
12996,0.5528010430533652,717.4142646248624,396.5873537859869,Medium,Free Delivery
18266,0.4700270024890827,540.1382310634324,253.87955367650065,Medium,Control
12946,0.4865780919006138,642.6930136218477,312.7203402459739,Medium,10% Discount
17995,0.653117779288005,676.6827878111599,441.953559657641,Medium,Free Delivery
17360,0.7629116946628028,793.3879473070748,605.2849434050829,Medium,Control
16535,0.6793788685863176,605.4446769982851,411.32631965070345,Medium,10% Discount
13320,0.6609650181235203,952.6241698242197,629.6512516727688,Medium,Free Delivery
14859,0.35867503444382043,698.5359260961364,250.54739735277775,Medium,Control
16193,0.5163203309517725,646.1352233058087,333.6127523368526,Medium,10% Discount
12890,0.5712390583237291,603.1523042652137,344.54415431424803,Medium,Free Delivery
13656,0.5900424497992375,922.3585907942752,544.2307225056265,Medium,Control
14549,0.7253894233790272,784.9845850427783,569.419515505606,Medium,10% Discount
13512,0.7292005907078701,725.9996235940807,529.399354378495,Medium,Free Delivery
12775,0.6663117110659038,708.1734873229992,471.86428806969576,Medium,Control
18016,0.6484093782463612,697.2196901254241,452.0837857753469,Medium,10% Discount
14570,0.5265645188924448,712.9431687330344,375.4105766415654,Medium,Free Delivery
15936,0.6503084769806002,520.3333339033181,338.3771778929049,Medium,Control
18083,0.5749626866256095,843.2107881110674,484.8147401240368,Medium,10% Discount
18190,0.5165236367887505,604.4837677552101,312.2301541006875,Medium,Free Delivery
15418,0.649886927679922,631.6636161003273,410.5099267946314,Medium,Control
12819,0.510226146040367,988.287021899562,504.24987836552526,Medium,10% Discount
16534,0.3068208679862317,899.4026577506452,275.9555041201766,Medium,Free Delivery
18275,0.4961380450796245,988.7137869144551,490.5385253830102,Medium,Control
17924,0.4309181233946514,747.9541183703732,322.30698507346216,Medium,10% Discount
13108,0.5387444990641201,758.8249911883092,408.81278975508104,Medium,Free Delivery
15183,0.5914410097180887,794.0781985908031,469.65041156966555,Medium,Control
17300,0.6891617288165615,625.963502896187,431.39008983200694,Medium,10% Discount
14126,0.5308221432542358,846.0388312612391,449.0961456863997,Medium,Free Delivery
17773,0.5572589829822583,748.599334353884,417.1637037232409,Medium,Control
15262,0.628979527730027,457.1485040670693,287.53705019059356,Medium,10% Discount
17872,0.5368629604559675,532.5033348358503,285.8813167926499,Medium,Free Delivery
15847,0.6799323141448548,654.9714446882467,445.33625008567833,Medium,Control
14958,0.4892491293631148,585.6580293487524,286.5326809633947,Medium,10% Discount
15426,0.7725232382960006,821.8087964467954,634.8663926912171,Medium,Free Delivery
17968,0.7198271783822613,492.8856639463275,354.79249674355236,Medium,Control
12923,0.665406589059228,899.7731855197367,598.7150063036439,Medium,10% Discount
14026,0.6285650518685603,947.7740032041744,595.7376154837049,Medium,Free Delivery
15691,0.690747257146992,732.3192924260428,505.84754259911506,Medium,Control
15160,0.7294209880972211,707.2147675956654,515.8572945765769,Medium,10% Discount
16579,0.48090667659257585,620.9352880782119,298.6119257687466,Medium,Free Delivery
15184,0.6521767750875223,509.6516671948485,332.38298072911545,Medium,Control
13523,0.5689128706669939,1021.3903361577281,581.082108215019,Medium,10% Discount
16707,0.7863690218356502,700.5009786415283,550.8522693692543,Medium,Free Delivery
16962,0.5040545099734899,547.7725579037246,276.10722825108707,Medium,Control
17759,0.6744481137858419,673.1347428432562,453.9944576343519,Medium,10% Discount
17572,0.8091095730303566,698.2027156519671,564.9225011497986,Medium,Free Delivery
13738,0.5856677126112972,718.534150472342,420.8222523402382,Medium,Control
16224,0.5790912337560119,674.881950880437,390.8182215750165,Medium,10% Discount
16658,0.7719405275113456,742.5479615260609,573.2028651229018,Medium,Free Delivery
16898,0.661080127284096,543.001506703814,358.9675051672133,Medium,Control
17868,0.5072478544111615,497.2101952857427,252.2088047500476,Medium,10% Discount
17857,0.29852091393891766,962.8587397546241,287.43347098562487,Medium,Free Delivery
16212,0.44666461266680896,745.7300875274316,333.0912406994258,Medium,Control
17817,0.7545825854092579,546.8840813555701,412.669204028453,Medium,10% Discount
16936,0.5687582997901822,512.9911373557827,291.7679670899068,Medium,Free Delivery
16538,0.5757804303503766,528.4612549241317,304.27764878371664,Medium,Control
15137,0.5876240418016826,1062.516385484415,624.3601729188665,Medium,10% Discount
13833,0.5115080040327306,660.2209019511143,337.7082757777036,Medium,Free Delivery
14269,0.46889250475961053,606.5293001407134,284.3970427530727,Medium,Control
14452,0.6613154932788579,584.2773733892903,386.39167939461396,Medium,10% Discount
16447,0.41936808016681293,627.2703239338965,263.057151493773,Medium,Free Delivery
15181,0.5935454873848198,949.1892849745442,563.3870167706644,Medium,Control
15176,0.3334591801362199,1243.0309399772282,414.5000781287613,Medium,10% Discount
14718,0.5023363355036391,521.9051299839728,262.17191047669934,Medium,Free Delivery
15542,0.681243976426602,840.3149115021708,572.459471762307,Medium,Control
14268,0.4506117560731553,678.2691308089294,305.63604412402435,Medium,10% Discount
14826,0.42111363135090507,602.0044437822827,253.51227741053884,Medium,Free Delivery
14252,0.5283704302171464,770.4048981802378,407.05916749288906,Medium,Control
17471,0.4439147209832358,623.2190523352626,276.65611172884473,Medium,10% Discount
13607,0.5421918568804792,773.0606120107526,419.14716870726966,Medium,Free Delivery
17373,0.7165299412377594,746.3212163193213,534.7614972737764,Medium,Control
13627,0.5954674271104986,829.2868831789783,493.8133266630708,Medium,10% Discount
13020,0.5053779738081097,788.7964913550735,398.64037254797313,Medium,Free Delivery
17194,0.434718861919822,893.6611047760753,388.4913384102662,Medium,Control
14522,0.6039626826599536,925.0401251575266,558.689715558239,Medium,10% Discount
12780,0.3634109807458909,754.0697890540985,274.037241590997,Medium,Free Delivery
17325,0.6721204486496346,776.9133328241504,522.1793378196509,Medium,Control
18218,0.4623494632403068,692.5838145546472,320.21575490826535,Medium,10% Discount
17168,0.4401233514494716,730.5607364767832,321.5368397755561,Medium,Free Delivery
12905,0.5375910015480199,1153.7433568527263,620.2420467398316,Medium,Control
13310,0.6703789384951893,679.9983620510184,455.8565801302291,Medium,10% Discount
14550,0.7012711083163994,851.3494016751926,597.0267384772658,Medium,Free Delivery
17111,0.5095230127644031,491.293222293841,250.3252027738895,Medium,Control
16544,0.6052753216865537,595.2262919545813,360.2757853391037,Medium,10% Discount
15845,0.5956257207567534,863.5804701955511,514.3707399916811,Medium,Free Delivery
17464,0.5561618167896896,846.1681827285506,470.60643381594076,Medium,Control
15341,0.4696795755531344,822.874984285321,386.4875733524217,Medium,10% Discount
17159,0.5840728568380523,805.4677964462325,470.4518769614018,Medium,Free Delivery
14901,0.7159695098654285,710.4363883284365,508.6507927420759,Medium,Control
17286,0.6461495459314462,393.38785445517976,254.18738353116026,Medium,10% Discount
13258,0.629856825752159,678.6274023290641,427.4381014994176,Medium,Free Delivery
16060,0.7201473059742023,810.0176615602059,583.3320367641054,Medium,Control
16014,0.6705709179738037,592.0274643712664,396.9964002491435,Medium,10% Discount
15200,0.45859753259788816,914.6738934117146,419.46719065031607,Medium,Free Delivery
16846,0.49950041091346714,798.5572839831784,398.8796914875399,Medium,Control
14201,0.6984171526209891,702.7277771450196,490.79713318130155,Medium,10% Discount
13574,0.5744488093597087,675.0120706752907,387.75988030285225,Medium,Free Delivery
16489,0.5721045203861534,620.2996058322412,354.8762084903744,Medium,Control
15080,0.6450248050983514,809.2754027329391,522.0027089187039,Medium,10% Discount
16451,0.5320323185184037,899.6855925243706,478.6618117283447,Medium,Free Delivery
17038,0.591238681924145,1071.6509317589232,633.6014843759276,Medium,Control
13432,0.49112175589683965,523.5265446410375,257.11527586271154,Medium,10% Discount
17276,0.5658359713257977,859.3898937030456,486.2737152510368,Medium,Free Delivery
16492,0.3968685121443899,678.8473521640922,269.4131386265219,Medium,Control
16110,0.43299422521090847,682.2781127311691,295.4224828003934,Medium,10% Discount
16089,0.6380991596067274,432.23470427704376,275.80860155204397,Medium,Free Delivery
13094,0.5168784125426358,691.4866941071753,357.4145447444719,Medium,Control
12977,0.6033418079964749,608.7524365378254,367.28579568299085,Medium,10% Discount
14283,0.7407637711752686,822.3368115235791,609.1573176804525,Medium,Free Delivery
16203,0.6629353113867107,573.8973728990384,380.4568336068392,Medium,Control
13582,0.6035792387678505,471.5097471627979,284.5934942641432,Medium,10% Discount
14834,0.5315830114268455,920.6181706560675,489.3849795316259,Medium,Free Delivery
13035,0.5215222322835221,873.5347278103031,455.5677812248082,Medium,Control
15870,0.7266895899269467,677.3437459785034,492.2186490047006,Medium,10% Discount
13166,0.5553043711499366,854.762761758562,474.65349790072133,Medium,Free Delivery
15599,0.5334020102041097,868.3743633605412,463.1926310262267,Medium,Control
16158,0.778551402562527,806.4367204719878,627.8524398013906,Medium,10% Discount
15055,0.6675981030038195,666.784967066003,445.14437912472783,Medium,Free Delivery
13964,0.6649205487471674,720.6848787238654,479.1981850348584,Medium,Control
18006,0.7339426484235045,751.8882370310865,551.8428440050753,Medium,10% Discount
17864,0.6745495291187595,527.223547648446,355.6383958065811,Medium,Free Delivery
14494,0.5972610576450053,500.35072976275154,298.8400060515512,Medium,Control
15914,0.6253561666526064,406.8974483557442,254.45582852447507,Medium,10% Discount
13684,0.7364263694886999,712.9594032511739,525.0421049290919,Medium,Free Delivery
15759,0.6639245719530905,884.3859624901934,587.1655715876236,Medium,Control
17919,0.5553676643835253,1022.4043205100774,567.8102995373068,Medium,10% Discount
14556,0.5784675170046603,779.2729253550744,450.78407419910786,Medium,Free Delivery
12527,0.5756162075304171,810.2595506827786,466.3985296793208,Medium,Control
17981,0.5211216842338938,522.6596325477117,272.3692679943316,Medium,10% Discount
15960,0.7766027996519325,640.4099681932462,497.34417422388003,Medium,Free Delivery
17335,0.6774948468507103,761.7369456377509,516.0728553253758,Medium,Control
17561,0.7534403203726999,659.11097908007,496.6007872392519,Medium,10% Discount
17608,0.6203519309854735,421.1041241100595,261.23275653762187,Medium,Free Delivery
13585,0.6610024971045285,887.6292944034415,586.7251801038055,Medium,Control
15462,0.5280789059615697,890.2330651554328,470.11330309809574,Medium,10% Discount
15794,0.31287895414962763,926.5837549524128,289.9085561815458,Medium,Free Delivery
17731,0.4158075725456726,610.9330568466767,254.03059135532402,Medium,Control
16931,0.688082365590175,701.5643750515324,482.7340747992511,Medium,10% Discount
15107,0.7200438388418657,758.8209408776736,546.3843432631566,Medium,Free Delivery
13601,0.7003053569891029,659.5109332355979,461.8590395377718,Medium,Control
17122,0.7267640720537573,690.4893675261789,501.8228644531491,Medium,10% Discount
15143,0.49039282405640167,623.6374942434484,305.8273519895026,Medium,Free Delivery
18163,0.4015203820526203,1084.3737261835142,435.3981528250281,Medium,Control
15735,0.5143955725190263,663.2657760949519,341.1809786266391,Medium,10% Discount
15970,0.36379712435137856,1154.0598003865514,419.84363671015336,Medium,Free Delivery
14315,0.5070762700124618,932.7855700620773,472.99342758852606,Medium,Control
17555,0.7396129978879379,669.5711361610626,495.22351531531615,Medium,10% Discount
17437,0.4283144081944487,603.170899504568,258.34678686141234,Medium,Free Delivery
14627,0.5926453167377749,876.5800002249352,519.5010318793055,Medium,Control
14927,0.5391675417060486,638.301612671233,344.1515113709551,Medium,10% Discount
15235,0.7898771965523361,751.8524748603918,593.871125063662,Medium,Free Delivery
14656,0.7187222522077379,626.9868677125133,450.6294136670126,Medium,Control
14675,0.6084205119470948,683.8405082376828,416.06259211213245,Medium,10% Discount
18154,0.7421464095742256,812.8605296660835,603.2615235762871,Medium,Free Delivery
13699,0.37767859699004097,768.7743581724623,290.34962099649476,Medium,Control
17201,0.6801095210130442,899.7908302932219,611.9563106026525,Medium,10% Discount
15322,0.5316561158232369,1131.3681373445106,601.4987894667529,Medium,Free Delivery
12808,0.6089706195582248,636.4529038711127,387.5811191900228,Medium,Control
16069,0.5222036157450501,846.9661897299253,442.2888066907752,Medium,10% Discount
17436,0.6381177297022774,608.5725601085838,388.3409404155923,Medium,Free Delivery
13367,0.5282005531230131,951.1235550512187,502.38398786638027,Medium,Control
14696,0.5306231434837633,755.846166742558,401.06946898708884,Medium,10% Discount
14577,0.7314258318590584,698.7932553992663,511.1154381279078,Medium,Free Delivery
16884,0.502142683484396,809.088436365505,406.2778386127686,Medium,Control
18280,0.5315785130200132,635.1530829448837,337.63373137191843,Medium,10% Discount
15900,0.742221767114167,718.3105757956445,533.145744903838,Medium,Free Delivery
14447,0.5863969883662028,972.6443739499477,570.3557316355801,Medium,Control
12507,0.4090199935605455,1090.5532710156601,446.05809188825714,Medium,10% Discount
15264,0.4099366087931075,752.4366852320852,308.4513430755679,Medium,Free Delivery
16864,0.6168671906478638,677.2213532053837,417.7556335985497,Medium,Control
16074,0.4828131876995433,519.3502177325926,250.74913415592488,Medium,10% Discount
18002,0.7379761621591572,371.67836358323405,274.2897723147509,Medium,Free Delivery
17158,0.537132279907979,905.6402163417829,486.44859418001715,Medium,Control
18108,0.4437735884193252,742.3938697586067,329.454791603286,Medium,10% Discount
17740,0.7973025968266023,773.6912332146301,616.866029384001,Medium,Free Delivery
18217,0.5015894521371105,574.8244531772733,288.3258825442026,Medium,Control
15346,0.5925371814147941,569.8780458779419,337.67393105468636,Medium,10% Discount
16261,0.6518334251018413,502.06108020030314,327.2601935172938,Medium,Free Delivery
16922,0.41524124534265905,803.0707622812985,333.4681034279649,Medium,Control
14788,0.356866630093453,761.9610318698705,271.9184657059308,Medium,10% Discount
13164,0.4188370505902388,610.9749448013973,255.8989438651512,Medium,Free Delivery
12804,0.6246423332706755,600.7907745108173,375.27935119793324,Medium,Control
13140,0.6767566775268761,861.0600664960868,582.7281497529627,Medium,10% Discount
15728,0.6501607188330969,939.728306578556,610.9744313129229,Medium,Free Delivery
16121,0.760782820342762,732.660490530508,557.3955143395114,Medium,Control
13832,0.5740563777446925,932.9261735621619,535.552219898311,Medium,10% Discount
16643,0.542500897879596,808.955770103015,438.85923162576563,Medium,Free Delivery
15714,0.6459360248414451,701.4379269460684,453.08402620456735,Medium,Control
12348,0.5329509119336875,605.6382116067858,322.7754371777241,Medium,10% Discount
17867,0.8458551238300284,583.8677635613716,493.86753944756566,Medium,Free Delivery
16204,0.7111269933669773,791.7725513380129,563.0508338635018,Medium,Control
15826,0.4592267969960733,1310.7176023011039,601.916646271109,Medium,10% Discount
12741,0.5313547534378268,797.8031176258842,423.9164788580312,Medium,Free Delivery
18049,0.6592661517580122,670.2485731912057,441.8721975690645,Medium,Control
16344,0.6683839720157565,912.6314954283606,609.9882639010874,Medium,10% Discount
14193,0.5484887417173089,714.4168294032612,391.84958782106406,Medium,Free Delivery
18089,0.4558704625981152,872.6516531335175,397.81611280098656,Medium,Control
13981,0.5287034399716927,662.586185291628,350.3115954414051,Medium,10% Discount
15473,0.4275004639284744,673.6848912232343,288.0006035395365,Medium,Free Delivery
13010,0.6668802671903495,630.7876557260657,420.65984039097293,Medium,Control
12563,0.5205772192369469,701.899453337905,365.3928656025798,Medium,10% Discount
15530,0.44251745163938705,565.5827605792562,250.28024190270202,Medium,Free Delivery
16952,0.7034761984700696,788.4615620791146,554.6639423311883,Medium,Control
12421,0.63650731314408,650.2826148273332,413.90963994805253,Medium,10% Discount
13569,0.6828619498980019,555.9244297216837,379.61964007568366,Medium,Free Delivery
17176,0.54998476091461,830.8937703605097,456.97891163716383,Medium,Control
17033,0.5111096197184063,659.7691939552404,337.2143818243824,Medium,10% Discount
14284,0.32162209931715663,987.0803252624659,317.46684640557606,Medium,Free Delivery
16647,0.5949974946294952,561.8625141950209,334.30678827226666,Medium,Control
17638,0.39062065702947296,1307.9544189435635,510.9140144923373,Medium,10% Discount
13862,0.5592452283334822,706.7883537936486,395.26801430077506,Medium,Free Delivery
16802,0.38835171914393435,668.9436865107529,259.785430666932,Medium,Control
12898,0.5754772996509161,477.8512571856238,274.9925511199782,Medium,10% Discount
13961,0.5685768373003826,1029.8325299193755,585.5389228106101,Medium,Free Delivery
13546,0.6843286745284871,695.5783006609403,476.00417652207875,Medium,Control
17121,0.5022780622405838,677.5266912710742,340.3067936079094,Medium,10% Discount
17062,0.6604171426109702,548.8468569122738,362.46787297301586,Medium,Free Delivery
16117,0.6550269198985723,631.0525902352981,413.3564344758432,Medium,Control
15368,0.5061547689070008,690.4965982605638,349.4981461236459,Medium,10% Discount
13181,0.5558681431082465,737.5398074004428,409.9748832080979,Medium,Free Delivery
17358,0.757356827537699,660.0556947236331,499.89768695408264,Medium,Control
12426,0.34482816773558894,1288.52015146344,444.3180429195216,Medium,10% Discount
15254,0.5519451349835287,963.4519271682071,531.7726039909969,Medium,Free Delivery
16355,0.5857869527791407,754.8089936577957,442.1572603250899,Medium,Control
14219,0.6634292257185685,814.7118213745937,540.5036328383114,Medium,10% Discount
13698,0.4445431823946215,602.2573567796874,267.7294020034152,Medium,Free Delivery
13424,0.5513959535294359,965.976983697127,532.6358000131657,Medium,Control
16413,0.551431016932314,529.4889180868141,291.97661255500265,Medium,10% Discount
17076,0.7151737015803242,633.8268425736999,453.29628916440237,Medium,Free Delivery
16421,0.728130366511526,754.4406572641785,549.3311522849629,Medium,Control
15196,0.5949140842652453,494.9754374875007,294.46785912666564,Medium,10% Discount
15242,0.4820649847217433,730.1956434525729,352.00175170484806,Medium,Free Delivery
17699,0.5635607068430819,695.0678391902493,391.7129227579505,Medium,Control
13281,0.4985916372993364,680.662069375035,339.37241561725324,Medium,10% Discount
13045,0.6506946078680513,785.0855242166723,510.8509173230511,Medium,Free Delivery
14681,0.6851838243243623,630.368797199575,431.9185031999532,Medium,Control
17567,0.52784910936887,893.3509254695444,471.55449036295477,Medium,10% Discount
16201,0.48882005285321356,548.0793818400217,267.91219239879604,Medium,Free Delivery
14981,0.48669497500389164,580.7716575810999,282.65864736940216,Medium,Control
17274,0.5726871208661085,807.1795903283409,462.2613556070225,Medium,10% Discount
15303,0.5013019760233068,824.5369152954462,413.34198494176917,Medium,Free Delivery
14575,0.46478034380506966,662.0922498060481,307.7274634955271,Medium,Control
14558,0.4353037553260467,819.7632965085947,356.8460414486508,Medium,10% Discount
13023,0.45147967132734335,1152.2645135243786,520.2240038481476,Medium,Free Delivery
15595,0.4057352479364988,794.9202806239746,322.52717714871955,Medium,Control
13433,0.6678119787356348,862.2308830698069,575.8081121498215,Medium,10% Discount
15278,0.6300567112900236,639.2394616462425,402.7571129316367,Medium,Free Delivery
14078,0.6703054553796881,626.9877739196223,420.2733253146894,Medium,Control
15842,0.6761220359349385,859.8678922052176,581.3756299128759,Medium,10% Discount
15337,0.5312259880710692,736.2309102387367,391.1049927400356,Medium,Free Delivery
12634,0.5518774345964148,912.9371384837276,503.82940593419147,Medium,Control
17045,0.6771773741880212,770.2797846072764,521.6160419304699,Medium,10% Discount
15483,0.8615351500136263,705.2803782362125,607.6238364654025,Medium,Free Delivery
13820,0.7308912833490147,820.1720399626766,599.4565948553001,Medium,Control
13294,0.3529979273252403,1090.0871578857323,384.7985073375255,Medium,10% Discount
15038,0.7356923915129207,595.7192166598163,438.266095174664,Medium,Free Delivery
17182,0.5399387796079806,632.8401972765549,341.6949638043768,Medium,Control
17152,0.43033888958064814,810.8592841347503,348.9442839407077,Medium,10% Discount
15076,0.5776193451158745,796.6682624649095,460.1710000395827,Medium,Free Delivery
17200,0.7719885600324314,564.3906115856485,435.70309553382805,Medium,Control
17099,0.44000092037648103,908.6882133602833,399.8236502137848,Medium,10% Discount
14104,0.7654156035982773,675.4734289995296,517.017902372273,Medium,Free Delivery
17926,0.6819486127788857,931.4496741792098,635.2008131798572,Medium,Control
16044,0.49333852872632217,675.7417727373448,333.36945196115846,Medium,10% Discount
16576,0.6561940182046964,805.71020247239,528.7022152688771,Medium,Free Delivery
16419,0.4781538031610396,665.9539706339353,318.4284237888115,Medium,Control
12760,0.5091197095556977,855.0550855863505,435.32539682784505,Medium,10% Discount
15536,0.5216200455481813,562.4962820725808,293.40933627538226,Medium,Free Delivery
17903,0.5523172192963924,693.1220454503482,382.823240776164,Medium,Control
13167,0.5492667988003078,704.7059249523311,387.07156749417686,Medium,10% Discount
14339,0.5033518000352069,689.5850744217938,347.103888487622,Medium,Free Delivery
15620,0.5590793410810615,742.7650143189097,415.26457478348124,Medium,Control
14255,0.23591053774951634,1860.366280060994,438.8800095402564,Medium,10% Discount
15920,0.7581138891215149,558.7883652788656,423.6252207974145,Medium,Free Delivery
17580,0.6584515462989682,525.0130909755369,345.69568158004313,Medium,Control
15713,0.43217287983802033,626.2099691338806,270.63096574386697,Medium,10% Discount
13768,0.3460777945611354,958.1701886261371,331.60142569396066,Medium,Free Delivery
14807,0.675854691280642,760.5160852364063,513.9983640014138,Medium,Control
16441,0.7298721699812747,826.5655337965616,603.287179783827,Medium,10% Discount
17639,0.8253594468663676,693.1863616380938,572.127912016927,Medium,Free Delivery
14148,0.5147333252034354,657.4228542955959,338.3974518563057,Medium,Control
15363,0.4431103947645301,667.9523180601271,295.97661533950594,Medium,10% Discount
13597,0.6444916341014081,675.3037073578545,435.2275898698027,Medium,Free Delivery
17495,0.5343958756724918,635.5410581630125,339.6305203028451,Medium,Control
15336,0.4889099044231275,526.0324688260744,257.1824840572178,Medium,10% Discount
17882,0.6535830493029906,467.4185860086455,305.4968647444227,Medium,Free Delivery
17408,0.49282643147283367,524.7269856931882,258.5993278566706,Medium,Control
15362,0.6390555201520143,859.8954408621656,549.5209282365169,Medium,10% Discount
15857,0.49656785294408645,611.2537925615512,303.5289833762195,Medium,Free Delivery
13086,0.5751208705091807,783.2529815662259,450.4651365872791,Medium,Control
16524,0.609447505954063,464.1242602545681,282.859372864921,Medium,10% Discount
13073,0.6454280884470507,670.7844254185334,432.9431094579372,Medium,Free Delivery
14657,0.6707004173694046,807.2752040988499,541.4398163210699,Medium,Control
14712,0.4816978804341767,884.9923787514821,426.29895304498905,Medium,10% Discount
15243,0.5550076901819022,1026.4387151311853,569.6813803982386,Medium,Free Delivery
15155,0.5643546456864039,758.781774776345,428.2220196572049,Medium,Control
14871,0.7423205592278329,821.5389685963629,609.8452665959092,Medium,10% Discount
12410,0.43147606082295054,799.6408333599337,345.0258768513256,Medium,Free Delivery
16357,0.5224844534614881,488.2598379969779,255.1081746030457,Medium,Control
15873,0.6725416738629362,593.4036232284122,399.0886660423675,Medium,10% Discount
14474,0.41220357761821513,933.4331577609066,384.7644870965135,Medium,Free Delivery
16234,0.6086653591676862,536.6024227877051,326.6113063963291,Medium,Control
14363,0.5832965068436999,454.4781362448298,265.0955093084443,Medium,10% Discount
14475,0.46691935824403463,547.9735202389113,255.859444404677,Medium,Free Delivery
12616,0.5936523066505237,1046.4545686378615,621.2301684768453,Medium,Control
15659,0.5749288516896677,452.01246564185834,259.875007820889,Medium,10% Discount
14208,0.4087664767931644,716.4282644560453,292.8518575367391,Medium,Free Delivery
15201,0.6460796487305587,912.6155756137681,589.6223505185799,Medium,Control
15915,0.5963117450198506,610.5335798275839,364.06834438020286,Medium,10% Discount
16679,0.6546138648888498,894.7417248316938,585.7103385693907,Medium,Free Delivery
15323,0.5421350583872246,572.2551777596237,310.23959420710526,Medium,Control
16798,0.6072524142165665,831.0228134402973,504.6406097306639,Medium,10% Discount
15872,0.6966820787018412,604.911231709254,421.4308143372942,Medium,Free Delivery
17109,0.639042642621151,669.8048687330026,428.03387335565117,Medium,Control
14663,0.6599403330638058,687.0373524299221,453.4036591898781,Medium,10% Discount
17155,0.7250675001179142,810.4741987709428,587.648501212917,Medium,Free Delivery
13997,0.5785326799892844,509.6883556720221,294.87137036626655,Medium,Control
13622,0.2800926100793477,913.2440240244491,255.79290232837448,Medium,10% Discount
13484,0.6697745002542608,741.8334685573844,496.861140674907,Medium,Free Delivery
17104,0.5145637152733501,896.9726700995125,461.54958962506214,Medium,Control
14183,0.5826209356244104,461.5771545871436,268.9245136684147,Medium,10% Discount
13326,0.47580811198976714,600.7938765727538,285.86260010709515,Medium,Free Delivery
16723,0.6707485211573017,852.5818635377595,571.8680241334886,Medium,Control
13165,0.5361093808421367,943.4844386229204,505.81085822432476,Medium,10% Discount
17497,0.5829266454676547,559.562128561934,326.1836745333487,Medium,Free Delivery
15071,0.657809914767362,744.8755973824808,489.9865532264575,Medium,Control
15008,0.6029905934948588,676.4891579217843,407.91659882809404,Medium,10% Discount
16792,0.7561868484354145,673.2620875154772,509.11193612937694,Medium,Free Delivery
13274,0.5302243251485214,725.3655802474851,384.60647527268844,Medium,Control
16198,0.5278078604197558,1142.3042240133254,602.9171484249227,Medium,10% Discount
14508,0.7601268068514754,703.8511315743523,535.0161131424101,Medium,Free Delivery
12790,0.5322207297927899,727.7825239817772,387.3409460440201,Medium,Control
17413,0.6525410957072537,957.0320775166917,624.5027604897314,Medium,10% Discount
13427,0.644307969110489,639.236532631835,411.86519212124847,Medium,Free Delivery
14624,0.7725857404313997,823.5194376072018,636.2393744634098,Medium,Control
15026,0.7172492157094178,816.2028878781006,585.4208811903295,Medium,10% Discount
13064,0.48131346123456564,786.6387293225073,378.6198095513766,Medium,Free Delivery
16298,0.73455108896062,748.111429904645,549.5260655003435,Medium,Control
16815,0.6140768456949183,564.5544794214768,346.6798339460771,Medium,10% Discount
17825,0.6041116408089414,849.2371780100941,513.0340650436331,Medium,Free Delivery
15639,0.6500561775930038,889.1823316496922,578.0184676954335,Medium,Control
14181,0.6211695330085981,476.1538144743142,295.7722425772724,Medium,10% Discount
16424,0.5226330733362882,711.1058319917236,371.6474264411927,Medium,Free Delivery
15124,0.5469471980320375,459.7537707949807,251.46103672097829,Medium,Control
18047,0.6630213272926077,485.6960768747714,322.0268575503233,Medium,10% Discount
17005,0.6207130205618956,970.1058628920368,602.1573404205203,Medium,Free Delivery
13150,0.6010419208684775,732.4177891564034,440.21379487280825,Medium,Control
18271,0.4487268919405712,893.9626665915139,401.1450888905151,Medium,10% Discount
13861,0.6034478498433596,471.95078842157875,284.79768850488006,Medium,Free Delivery
13752,0.3892784406792592,722.2256290044259,281.1468666774401,Medium,Control
17766,0.6446817981217197,525.7656964193676,338.95157455835607,Medium,10% Discount
14308,0.3310039569935309,1760.4306816764813,582.7095216477343,Medium,Free Delivery
16259,0.6995292358544208,469.0088423245638,328.08539708026865,Medium,Control
15247,0.5844719778159851,986.6452006268714,576.666471813037,Medium,10% Discount
17785,0.5846623609911931,430.197440330847,251.52025115620089,Medium,Free Delivery
18039,0.8219403430904024,672.3325044801969,552.6172094032826,Medium,Control
14429,0.5657917605947663,973.3674575803121,550.7232875300164,Medium,10% Discount
17703,0.531624076470225,601.7488161549553,319.90415865542934,Medium,Free Delivery
16382,0.6367416820330704,545.5372147828417,347.366283752463,Medium,Control
15988,0.5342970038249294,681.020103339313,363.8670007587387,Medium,10% Discount
17196,0.5247873320056288,552.4536012606909,289.92065146249945,Medium,Free Delivery
15959,0.44213649502558694,581.8744685464227,257.26793806799145,Medium,Control
13008,0.6449332791022993,643.4211396605173,414.96370544499587,Medium,10% Discount
13238,0.5799650334369575,552.8231253001483,320.61808234942384,Medium,Free Delivery
14118,0.48817057998059843,885.7355908678642,432.3900571034233,Medium,Control
17889,0.8296449402227261,704.5168298685378,584.4988232021875,Medium,10% Discount
17477,0.46785849054071327,1242.327732454173,581.2335776628764,Medium,Free Delivery
12868,0.6762600836988096,708.6321449209746,479.2196336359253,Medium,Control
15921,0.721223509718977,628.5544250026082,453.3282284497746,Medium,10% Discount
17821,0.5034579503638084,771.2226450171929,388.2781721345109,Medium,Free Delivery
15519,0.6461130853622103,555.2524821461047,358.75589439444536,Medium,Control
17334,0.5391738596313757,670.2684653532112,361.3912354536899,Medium,10% Discount
15091,0.3675357259740073,695.4203923556099,255.59183876154808,Medium,Free Delivery
17807,0.7405608085493108,579.6582530040948,429.27218452699344,Medium,Control
16263,0.5128528285889881,696.1462393562691,357.02056796544935,Medium,10% Discount
13472,0.6083514441486915,868.1509298169696,528.1408718931827,Medium,Free Delivery
16836,0.6736762430768581,806.5382503802958,543.34565841398,Medium,Control
17918,0.6304974677510583,552.2317221644357,348.1807024364827,Medium,10% Discount
15973,0.565189683216674,679.8529680290177,384.24588363423607,Medium,Free Delivery
14425,0.7106910850524407,887.2107033951319,630.5327374660254,Medium,Control
17648,0.6025018138241905,794.8187358695253,478.8797300228392,Medium,10% Discount
16306,0.5240927795935948,892.0651057523663,467.52488085221177,Medium,Free Delivery
17734,0.6260813685407267,894.7525269936227,560.1878866054408,Medium,Control
12665,0.6145024628961353,590.8500927609696,363.07883720402583,Medium,10% Discount
14526,0.5500359973168343,509.29221815146707,280.1290531366449,Medium,Free Delivery
18196,0.6582518217174179,908.146060724029,597.7887988570889,Medium,Control
15540,0.5580208897605696,555.8715918168948,310.18796025828783,Medium,10% Discount
14182,0.7306625189324775,857.5884559006043,626.6077413957495,Medium,Free Delivery
13646,0.6241204062036166,488.82660046030736,305.08665644242006,Medium,Control
13024,0.5813398955774371,803.7972157844854,467.27938948958746,Medium,10% Discount
13359,0.569695335771365,1054.154946377345,600.5471561314868,Medium,Free Delivery
13781,0.4731338762788599,800.8228520123557,378.89642018529764,Medium,Control
17705,0.5828807622148391,461.3557966972449,268.91541843112446,Medium,10% Discount
15711,0.4777624920479542,598.4215793590454,285.9033850498501,Medium,Free Delivery
14197,0.5212029823409139,764.6747956946502,398.5507840369807,Medium,Control
13513,0.6266516745921002,914.0141355392485,572.7684886365209,Medium,10% Discount
13959,0.7398043486463338,650.3172185510941,481.1075062836877,Medium,Free Delivery
18278,0.4810286043986198,523.2878449252655,251.71642174316185,Medium,Control
14802,0.4588351937547394,2408.0501836069216,1104.8981725664178,High,Control
13705,0.7713108465058035,1233.140845621983,951.1349094975741,High,10% Discount
14490,0.7410786104809742,1544.7339554844998,1144.7692932932323,High,Free Delivery
16889,0.7824761986283973,1148.6135585695615,898.7627710025465,High,Control
13652,0.7183621481695741,1398.7076732666142,1004.7786488290717,High,10% Discount
17142,0.7401220566890456,874.1216345642695,646.9567019700975,High,Free Delivery
13919,0.7243569383516945,1632.1156973441957,1182.2343295639823,High,Control
14478,0.8419222557294662,1515.5600620466748,1275.9837461318264,High,10% Discount
15325,0.8936720626719821,1499.7185499219067,1340.2565699361444,High,Free Delivery
14256,0.7180934219104967,1566.0616967557712,1124.5786027463105,High,Control
15822,0.7228369373143704,1188.52473464794,859.1095791152917,High,10% Discount
13434,0.7707469210420281,1620.3617536413708,1248.8888325933478,High,Free Delivery
16287,0.8235821948968245,1259.7198852806678,1037.4828680746284,High,Control
17984,0.8339498400199903,1078.027818252507,899.0211265687773,High,10% Discount
17505,0.6477461924122093,1385.661223036148,897.55678119491,High,Free Delivery
15252,0.7805610686082499,1531.8328641253656,1195.6890973509314,High,Control
14922,0.7085324106719516,1138.79109168912,806.8703974462358,High,10% Discount
15164,0.8726676481523359,1228.124359772744,1071.7443966814737,High,Free Delivery
14460,0.8488154040345883,959.3427649968853,814.3049166784904,High,Control
13803,0.7019378489324886,1328.2086468923,932.3199205331124,High,10% Discount
14326,0.6429451598095431,990.7549037802154,637.0010699430591,High,Free Delivery
17323,0.8281841180421876,787.0400700988165,651.8140863186499,High,Control
12908,0.7743794646318917,1944.597998013963,1505.856756626301,High,10% Discount
17020,0.5925723966676149,1086.1332776128463,643.6125994154962,High,Free Delivery
18181,0.8035236728373522,932.3336372232719,749.1521484914509,High,Control
13922,0.6466969479934962,1018.6473316549988,658.7561204630064,High,10% Discount
16702,0.8096817841368205,1248.5907719581323,1010.9612038958305,High,Free Delivery
16574,0.6966005504486529,1106.1328601796167,770.5327592704638,High,Control
16515,0.8653306695949242,1650.8197422435608,1428.5049529361406,High,10% Discount
17071,0.8336342305368762,1596.0221744128835,1330.4987172864762,High,Free Delivery
16228,0.7787003234044398,1153.4202284241264,898.1687048950902,High,Control
13338,0.6917769926650609,1817.4296801196977,1257.256038493428,High,10% Discount
17262,0.761245728139672,1751.5280995771343,1333.3432835196913,High,Free Delivery
15253,0.781085423356724,1366.3888495323533,1067.2664130068854,High,Control
15824,0.647766712655952,1240.557397074284,803.5917869638334,High,10% Discount
17974,0.8063542762602286,1138.064424015424,917.6831149644712,High,Free Delivery
13465,0.6685473220059316,1247.5614834124567,834.0538887731453,High,Control
12854,0.7179420676200287,1499.296716592299,1076.4081846861952,High,10% Discount
17851,0.868220467348092,1500.7943839837403,1303.0204014557548,High,Free Delivery
16470,0.8934961661352074,1602.247757254308,1431.6022283054588,High,Control
12826,0.8438760961617398,1552.1387147622058,1309.8127593150305,High,10% Discount
14978,0.7963157659261783,1339.0374576348026,1066.2966386803002,High,Free Delivery
17585,0.7597258209515331,1020.5430251370757,775.3328875886259,High,Control
17190,0.868905424000857,1354.1415076387825,1176.6209008520361,High,10% Discount
14994,0.8571234227507205,986.2542503163953,845.3416187336346,High,Free Delivery
12553,0.7377234369048474,1606.5962813867923,1185.2237304232117,High,Control
15484,0.5984374756149464,1237.9143228652013,740.8143224030368,High,10% Discount
12987,0.7307307156276364,1002.2969811465678,732.409190304651,High,Free Delivery
14068,0.5830206615987598,1220.758538518864,711.7274507796031,High,Control
14400,0.7385563130196732,1505.018479077044,1111.5408989336179,High,10% Discount
13074,0.7288110166973357,1596.1753358225014,1163.3101693280084,High,Free Delivery
12419,0.6986241095713455,1026.2471913230895,716.9610302381876,High,Control
14204,0.7570496613073312,949.8905281678111,719.1143026284833,High,10% Discount
14302,0.7103657277463539,1018.1364137984883,723.249214533026,High,Free Delivery
13085,0.6475329816703925,1863.3339746452666,1206.570204449793,High,Control
13713,0.7436193122134428,915.5583029313502,680.8268355171176,High,10% Discount
14006,0.7343441310153689,1380.9278266410242,1014.0762448496449,High,Free Delivery
16551,0.8110176811072581,1554.2575718110536,1260.5303717335985,High,Control
12916,0.7514043609647456,1723.7369414973573,1295.2234549971467,High,10% Discount
14568,0.622923268860969,1822.677930564384,1135.3884945879124,High,Free Delivery
14688,0.8948681586326273,1743.3372089972859,1560.056958091145,High,Control
16223,0.7582382424678838,1324.3910765431353,1004.2039622182156,High,10% Discount
16350,0.849234286313917,1389.7161387801975,1180.1945932959334,High,Free Delivery
15823,0.48042724358706185,2810.0306029098883,1350.0152569512873,High,Control
17380,0.6730974532504612,1071.8117744117324,721.4337757203949,High,10% Discount
16275,0.6866422182539105,1753.6106393790456,1204.1030993768861,High,Free Delivery
13501,0.684806304521124,2247.1982072586416,1538.8954998392853,High,Control
13587,0.7118428236701287,1286.9385754178252,916.0979894154376,High,10% Discount
15197,0.7615041120902712,1135.740473935653,864.8710411693532,High,Free Delivery
14899,0.6621691857595539,1786.6041774192292,1183.0342334363086,High,Control
16784,0.825104140548404,902.712433929979,744.8317669601532,High,10% Discount
15723,0.7483749431634509,905.8700277163838,677.9304305057224,High,Free Delivery
12573,0.8226982350121139,911.1415738851995,749.5945646815132,High,Control
18044,0.8914101461842433,1638.1820849008461,1460.2921317778716,High,10% Discount
15665,0.8056822413744332,1810.6504500957715,1458.8089129787875,High,Free Delivery
17990,0.7635187880943981,1255.4338094117234,958.5473006947726,High,Control
15803,0.7515110223160236,1745.5648935759352,1311.811257690212,High,10% Discount
12577,0.8723237445216127,1389.4022987165235,1212.008615863334,High,Free Delivery
14551,0.8109862380986659,862.4103499481758,699.4029254018251,High,Control
17679,0.7687203755570451,1688.1001281691317,1297.6769645040708,High,10% Discount
17633,0.7525450170012576,1026.7734291187974,772.693227672645,High,Free Delivery
13305,0.8828161435757251,1709.055122771695,1508.7814526436453,High,Control
13110,0.8128706988923734,1543.459486687344,1254.632991655605,High,10% Discount
17400,0.679583316205426,2005.8625440298572,1363.1507195240627,High,Free Delivery
17095,0.8067096031864703,1443.963261652606,1164.8590298236152,High,Control
17610,0.7623115957160789,1413.5605390599123,1077.5735901720425,High,10% Discount
13579,0.7692843687675222,1129.9515565075314,869.2540698857755,High,Free Delivery
14746,0.7565584241472849,979.2820385009138,740.8840758439922,High,Control
15529,0.6577272619657853,1204.6796773953383,792.3506657590615,High,10% Discount
13838,0.8464740558903496,1024.230227384681,866.984314739806,High,Free Delivery
14686,0.8297089257881716,902.4265668322861,748.7513773691237,High,Control
13989,0.7167319205994446,993.8428602391702,712.3189019932659,High,10% Discount
15430,0.6281498160875727,1231.2114504908527,773.3852461907428,High,Free Delivery
17978,0.7595962966187763,1080.6450335828833,820.8539654690313,High,Control
17438,0.7663926379403201,1249.0031172017964,957.2267937879675,High,10% Discount
17478,0.7137558479005832,1634.848012841018,1166.8823295939244,High,Free Delivery
16807,0.7198130129468663,1155.7155194570385,831.8990701698235,High,Control
15789,0.8539460883805988,1693.8317253456428,1446.4409762338726,High,10% Discount
12576,0.7923065541043609,1359.367894806055,1077.0360924938848,High,Free Delivery
16239,0.797577519027041,1602.9744212223268,1278.4963619423104,High,Control
14708,0.6563365274807546,1114.498141677521,731.4858401923782,High,10% Discount
17544,0.7764567919321251,1127.3491890967969,875.3379347533815,High,Free Delivery
14644,0.8232272039818666,1718.9615822150834,1415.0959370791686,High,Control
15489,0.8390224684833263,1536.8609667204753,1289.4608820134843,High,10% Discount
12990,0.7332888317066856,914.6833543019611,670.7270882576374,High,Free Delivery
17871,0.8052586364744129,1116.0170222648833,898.6823456312544,High,Control
13395,0.7412555413937795,1172.0317159971692,868.775004172162,High,10% Discount
13280,0.8488206679901057,1598.782442241931,1357.0795805946484,High,Free Delivery
17236,0.8344099144239955,1234.8615193802443,1030.3806947115547,High,Control
16199,0.8321948604282148,1638.6911388534536,1363.710343583102,High,10% Discount
15704,0.6451729960066872,1572.7294804323403,1014.6825907985735,High,Free Delivery
15506,0.8021069383928524,1258.9998084909384,1009.8524818258542,High,Control
15114,0.7074285959744646,955.7644672646173,676.1351151592904,High,10% Discount
12800,0.6923103651490131,1003.1551190957019,694.4946868022472,High,Free Delivery
14609,0.8758175915847535,1470.6818570955563,1288.0490420688227,High,Control
15288,0.8401064152908932,1599.7714044577715,1343.9782198838961,High,10% Discount
16384,0.6855887219045461,1041.4417120556864,714.0006923063404,High,Free Delivery
16917,0.38467868927636634,1851.5415365312429,712.2485714135879,High,Control
12693,0.7696890333705639,1429.2375269834176,1100.068450600802,High,10% Discount
15889,0.8749059020022739,1069.4270372756018,935.6480266732299,High,Free Delivery
15850,0.8441769554937826,864.5017653126524,729.7924682606355,High,Control
15190,0.5958283343512837,1348.848046081542,803.6818845897487,High,10% Discount
17211,0.8437427331472653,1523.2098211756766,1285.1972176755226,High,Free Delivery
14615,0.8301104542422144,1205.8357041018255,1000.9768240734468,High,Control
13249,0.8235982464479386,1574.6458668104103,1296.8755746815482,High,10% Discount
13900,0.7731780321664276,1127.6998754731667,871.9127705926684,High,Free Delivery
12877,0.8955911414859101,1583.1040709491806,1417.8139819923679,High,Control
17281,0.8205632067641243,1436.4548448036185,1178.7019938239196,High,10% Discount
17321,0.818448406367926,1076.0074462086693,880.6565795895073,High,Free Delivery
16979,0.7806080219503064,1340.2880585219277,1046.2396102064185,High,Control
14693,0.8246138946099631,1218.1361233132109,1004.4919728103891,High,10% Discount
14872,0.692311652680384,1034.3230801642355,716.0739210339672,High,Free Delivery
17362,0.8211721568640967,858.4778331575503,704.9580938740017,High,Control
17167,0.7809416775736646,1087.4748416139253,849.254427129134,High,10% Discount
13591,0.7676701601229571,1184.5076719145493,909.3111941655131,High,Free Delivery
12695,0.638341830296821,1289.5164792850283,823.1523095847176,High,Control
15064,0.8180079355682797,1410.0940531942626,1153.4681254105467,High,10% Discount
15062,0.8214911606248231,1718.1115392843758,1411.413442489623,High,Free Delivery
14217,0.8703953511057364,1503.7206314421733,1308.8314469690501,High,Control
13920,0.829152283857771,1862.3899239137436,1544.2048588467808,High,10% Discount
16054,0.7567566684945869,1553.3068564668004,1175.4753218496153,High,Free Delivery
12347,0.6302126794453203,1346.6471124817297,848.6740850244146,High,Control
15227,0.8121218991016323,1482.1173616609817,1203.6599664436173,High,10% Discount
17594,0.6967312537274095,1806.1895757397538,1258.4287275745364,High,Free Delivery
16588,0.8352426506105691,1569.8853730064848,1311.2352201046983,High,Control
14481,0.8039613779541078,1748.8259249680239,1405.9885004391597,High,10% Discount
13857,0.8671519855844451,1143.0666688598249,991.2125315571944,High,Free Delivery
13042,0.6303850145699109,1301.9065251997433,820.7023638567023,High,Control
13753,0.6054942842084475,1436.5576753471933,869.8274613585002,High,10% Discount
17764,0.7513508041309913,928.6245772775102,697.7228228732591,High,Free Delivery
13414,0.7322088549622205,1401.0460313718283,1025.8583103801298,High,Control
17722,0.6743122151952299,1697.3686881248595,1144.5564400924952,High,10% Discount
13104,0.6979767083254347,1044.1480611622046,728.7910267343802,High,Free Delivery
15792,0.7224161395643839,1222.2594820322458,882.9799765556985,High,Control
14679,0.8007194058333909,1578.0517327123687,1263.5766457918007,High,10% Discount
16774,0.784955115452004,1080.8292596863907,848.4024563210348,High,Free Delivery
16716,0.36273766452078615,2002.8875810288966,726.5227634401087,High,Control
13559,0.5319595686956835,1741.4432248895264,926.3773868202526,High,10% Discount
14988,0.8902014051713127,1738.6865474113383,1547.7812076580317,High,Free Delivery
12967,0.6498696067126732,1955.9378712236426,1271.104575126532,High,Control
12926,0.8309614678414298,1472.3638566017953,1223.4776314784963,High,10% Discount
16795,0.7590719181189721,1637.7978422433166,1243.206349602748,High,Free Delivery
14316,0.8563894312639517,1790.2632817100023,1533.1625536363647,High,Control
13937,0.608712436246845,1196.3388370837595,728.2263280979727,High,10% Discount
17349,0.8184925792137833,869.7286354433597,711.8664340401198,High,Free Delivery
14390,0.8450071695974679,1621.1168648370603,1369.8553735426854,High,Control
14896,0.7989943620597079,1292.223842230647,1032.4795644614205,High,10% Discount
17596,0.8758473791727692,1658.035206978075,1452.185790607927,High,Free Delivery
16086,0.8638502816481091,1794.2826963393616,1549.9916125890861,High,Control
14754,0.7910200478208218,1046.5380618679847,827.8325877451234,High,10% Discount
16788,0.8010064529023511,1304.236480172634,1044.701836728929,High,Free Delivery
13295,0.7908799777259753,1169.6203829437638,925.0293424104107,High,Control
15983,0.841993810155984,1744.3102588838917,1468.6984409718189,High,10% Discount
14935,0.4213553072383186,2035.4656077774362,857.6542365380925,High,Free Delivery
14510,0.802056416890244,1214.6539279233862,974.2209771918917,High,Control
13019,0.8600235609670777,1484.4267842145214,1276.6420089550804,High,10% Discount
12393,0.7453313976482533,1475.1447273758777,1099.4716813885145,High,Free Delivery
15782,0.6122730088951174,2296.100631922433,1405.8404426331285,High,Control
15550,0.9078460309025118,1696.6925075598954,1540.335558650281,High,10% Discount
16358,0.6413729130004647,1451.0033355697128,930.6342361077376,High,Free Delivery
15215,0.8250490017385959,1871.1587591357827,1543.7976663194072,High,Control
13296,0.8088592924529906,905.4012906991741,732.3422473809584,High,10% Discount
15210,0.735186459046705,1172.1968042882295,861.7832178505269,High,Free Delivery
13647,0.7555409995952389,1515.0561066430696,1144.6870052559757,High,Control
16366,0.6126903510478635,1259.8437831908748,771.8941297886855,High,10% Discount
14584,0.7894729125494058,853.7975769890193,674.0500598331465,High,Free Delivery
16276,0.6646621497543457,2345.173318351724,1558.7479393221893,High,Control
17768,0.8392701882248008,1417.7156654130881,1189.8464933604912,High,10% Discount
14820,0.8306774064330318,1048.6274625271571,871.0711408865101,High,Free Delivery
14909,0.765877254010829,1584.2760632723218,1213.361000934092,High,Control
16077,0.3963226731390718,3259.3149995531267,1291.7404332251679,High,10% Discount
13740,0.8039325340612274,1406.0288662799385,1130.3523494316657,High,Free Delivery
17244,0.8287328216276859,1046.30077204918,867.1037910915433,High,Control
18214,0.7302873726177933,1869.485649282043,1365.2617629608526,High,10% Discount
14829,0.7706552615255867,1009.7991782393045,778.2070497943338,High,Free Delivery
17222,0.7950163909066599,1336.0804684347233,1062.2058719758531,High,Control
16958,0.5871384139368692,1183.9698058217625,695.1541539393326,High,10% Discount
14443,0.6245274888924937,1148.4837894537773,717.2596970613029,High,Free Delivery
16861,0.765021761088984,1042.8519038870045,797.804400066636,High,Control
13617,0.8006305747699174,980.9586026352047,785.385449853319,High,10% Discount
15579,0.7937656308558366,1082.2518182972276,859.0542972955751,High,Free Delivery
12543,0.6120662547445171,1925.2331529555518,1178.3702454394827,High,Control
12911,0.5245737261732755,1783.3164854166225,935.4809737012273,High,10% Discount
13782,0.8272160186805981,956.7558386362982,791.4437556861354,High,Free Delivery
12399,0.8102687161764183,1460.8628734706758,1183.6914849968778,High,Control
13263,0.8292819932139437,1310.4603161389994,1086.7411429955241,High,10% Discount
13240,0.7971389041410427,918.7541913946488,732.3747093033202,High,Free Delivery
14875,0.6072058738144636,2053.3046710336953,1246.7786569823345,High,Control
17137,0.8562841808962122,1178.331876647338,1008.9869458188624,High,10% Discount
16555,0.7652359615466978,1746.8992969317771,1336.790163212839,High,Free Delivery
16119,0.8556025709731625,1616.3153679394204,1382.9235843124013,High,Control
16374,0.7933710907226507,1270.0697093935466,1007.6365906353581,High,10% Discount
12997,0.8013837243950013,1168.825308209455,936.6775786600283,High,Free Delivery
14127,0.7922853515279201,1420.3797678242352,1125.3460836537697,High,Control
17888,0.942176533381341,1363.6816040736608,1284.828806362028,High,10% Discount
16718,0.7100897442229678,2109.521366486005,1497.9494875609325,High,Free Delivery
15559,0.45138978862965495,1454.0339718977518,656.3360872352639,High,Control
17047,0.7601502020141203,1352.0422709678373,1027.7552054078315,High,10% Discount
15561,0.8331700099800198,1415.96585214534,1179.7402831633,High,Free Delivery
14306,0.8197971258064427,1554.576395325712,1274.4372607345588,High,Control
13330,0.7617161621506778,1831.4263167441716,1395.027025252122,High,10% Discount
13055,0.6285919084634912,1590.4919686855192,999.7703819918858,High,Free Delivery
15810,0.8336243073743457,1862.133594922562,1552.3198283058211,High,Control
12378,0.5168476725847333,2215.0931424583705,1144.865735238012,High,10% Discount
17227,0.8672514900552485,1225.2898380720903,1062.6344378175745,High,Free Delivery
15795,0.8663270777097104,1502.31157150744,1301.493193553523,High,Control
16794,0.8547627936074053,958.8088231572322,819.5541082173044,High,10% Discount
13537,0.665011629251693,997.5187552859315,663.3615726618182,High,Free Delivery
12791,0.8184330510955303,1254.9772665002542,1027.1148732773315,High,Control
15886,0.7522466175407576,1104.0114855241807,830.488905711712,High,10% Discount
16159,0.687009561355216,1147.460636224952,788.3164283652812,High,Free Delivery
14850,0.8685019751680516,1498.5148949429733,1301.4631460767177,High,Control
12458,0.7070403908081258,1418.042893080775,1002.6136013065164,High,10% Discount
14687,0.6877068371798265,1150.2104822311426,791.0076128262621,High,Free Delivery
13761,0.7146393204233196,1013.8752804433692,724.5551414100519,High,Control
13208,0.730527280884732,885.5231878953589,646.8988466135761,High,10% Discount
17490,0.7026398123656306,960.6920206082301,675.0204611013253,High,Free Delivery
13386,0.6866961076376199,1213.6137541047417,833.3838411192057,High,Control
16036,0.7269118786434622,1998.4676807027095,1452.7098961878494,High,10% Discount
17801,0.7360568102749696,937.8141600841973,690.284499302274,High,Free Delivery
17345,0.8892385698204479,1223.4741620735886,1087.9604140945887,High,Control
15468,0.6656220698027886,1522.99097740828,1013.7364066734714,High,10% Discount
12635,0.7702863921229388,1927.018958068236,1484.3564807628863,High,Free Delivery
13192,0.7377471809198671,1573.4568668661627,1160.8133678295183,High,Control
14715,0.7740459288353359,1124.8324108765778,870.6719482610508,High,10% Discount
14861,0.9079647465426696,1519.6243424678967,1379.7653309489347,High,Free Delivery
16527,0.6105971822050508,1513.6462302491864,924.2281230454507,High,Control
17994,0.9047471453861321,1601.088089253929,1448.579878264229,High,10% Discount
12803,0.683821562983691,2147.876945213445,1468.7645697724938,High,Free Delivery
15173,0.8910633634937641,1697.4065240386333,1512.4967665261233,High,Control
18035,0.6861664493194847,984.6723816962409,675.64915189147,High,10% Discount
14870,0.8198775758355383,1772.2086987908838,1452.9941718393236,High,Free Delivery
15865,0.7339964255185405,1570.927655876314,1153.0552841614344,High,Control
12811,0.702623620928626,1057.127956531498,742.7630726030403,High,10% Discount
16996,0.7571475716137324,957.0320778567101,724.6145137056525,High,Free Delivery
15551,0.8650769423328141,1368.4459838639523,1183.8110674686473,High,Control
15563,0.7243957565900943,1447.6699995236916,1048.686004597746,High,10% Discount
13873,0.8194252414716321,889.0845286461348,728.5383045745513,High,Free Delivery
15221,0.7422569657629818,2058.089833002953,1527.631514712414,High,Control
13748,0.8136731108116202,1499.9035088181238,1220.4311539373073,High,10% Discount
17353,0.627743913990515,2197.7884393489194,1379.6483170399963,High,Free Delivery
13417,0.6658390988000885,1157.4381262434267,770.6675588947863,High,Control
17205,0.6994862342011954,985.6242861911328,689.4306202850768,High,10% Discount
14710,0.9137196235868537,1344.9897452670546,1228.9435237735913,High,Free Delivery
17811,0.9171723071847099,1690.6723861232817,1550.637893074169,High,Control
12960,0.8237493046104017,1559.7942332662153,1284.8794149883597,High,10% Discount
15013,0.8911919398022512,1534.6296684681986,1367.6495911202596,High,Free Delivery
13813,0.7450420618190118,1880.9460628544389,1401.3839328394238,High,Control
14489,0.7519096585277751,1316.2914230280965,989.7322344120952,High,10% Discount
14327,0.8698023274150491,1720.0035997647533,1496.063134237645,High,Free Delivery
15272,0.7839953894330898,1236.1545883566428,969.139497898167,High,Control
17048,0.7847545466653467,1329.2072280312,1043.1014156579265,High,10% Discount
15972,0.8124878366239185,1721.222216729277,1398.4721152193958,High,Free Delivery
17834,0.6998957718107489,944.2394907279453,660.8692271372238,High,Control
14631,0.7881781755609307,1325.3212396954077,1044.5892767352775,High,10% Discount
14004,0.8317293519904645,1863.2928926888271,1549.7553902045163,High,Free Delivery
14206,0.7276339028631548,1187.3184876397331,863.9331851028774,High,Control
15339,0.836850012784777,1324.6050475676188,1108.495750991742,High,10% Discount
12648,0.7390385036957581,1330.369299085045,983.194136158586,High,Free Delivery
12525,0.7090016878681098,1417.585017575246,1005.0701701573935,High,Control
15732,0.8350380277328211,1379.4320385806457,1151.8782088878472,High,10% Discount
16928,0.9213199930424879,1304.9777423249138,1202.3020844793912,High,Free Delivery
14734,0.7802099223419565,1255.5841350626306,979.6192005110076,High,Control
13711,0.8767904240360379,1690.486965029169,1482.2027828953198,High,10% Discount
15259,0.7252210000250809,1293.8689667894437,938.3409459964586,High,Free Delivery
12439,0.45499208303985944,1439.14494245295,654.7995551629464,High,Control
12840,0.7586512046425586,1506.8596243836723,1143.1808692659065,High,10% Discount
17582,0.7810004146828728,1367.714217962828,1068.1853713966298,High,Free Delivery
17539,0.6430262909523983,1060.471620349179,681.9111326934124,High,Control
16848,0.7977806313010708,1368.264216724405,1091.574690605061,High,10% Discount
15596,0.825221459374838,1540.1274768414619,1270.9462440623984,High,Free Delivery
13065,0.7918953822443227,1096.1201043464225,868.0124490170971,High,Control
13554,0.8931849842532005,1642.6866946283349,1467.2230894745512,High,10% Discount
15390,0.7701376734386818,1893.7159024428931,1458.4219592612035,High,Free Delivery
14585,0.8207663392412425,1192.7131972825266,978.9388446982973,High,Control
14902,0.7036505877666045,1023.5098709778099,720.1933222984575,High,10% Discount
17529,0.5287717423888331,1271.823451938946,672.5043026927367,High,Free Delivery
15876,0.7136131092582092,2129.164362580463,1519.3996009028174,High,Control
14285,0.7103920999441814,1527.7538153717962,1085.3042410997055,High,10% Discount
16231,0.8263402673600628,1273.886924780609,1052.6640620096966,High,Free Delivery
15658,0.729368471255485,1298.064708063447,946.7674717109337,High,Control
18136,0.7004252019706433,1138.644829150121,797.5355344303022,High,10% Discount
14467,0.9030438579136171,1699.7186694943334,1534.920504667963,High,Free Delivery
14035,0.8119104528269754,1621.2584152398438,1316.316654066926,High,Control
17814,0.7893656723596557,1841.1542614922778,1453.343971540697,High,10% Discount
15381,0.7480057403634729,1735.118945724467,1297.8789316153186,High,Free Delivery
18149,0.8030762597381206,1156.7431424108843,928.9529562850531,High,Control
14480,0.7672077570991791,1286.8896277578895,987.3117049463278,High,10% Discount
12817,0.6706257519030018,1089.938233200942,730.9406471682111,High,Free Delivery
15791,0.708342501309127,1947.5071939103727,1379.5021170519924,High,Control
18025,0.8800551102214275,1358.4083954004573,1195.4742501398619,High,10% Discount
14202,0.7424695066781387,1159.1882350562726,860.661917029333,High,Free Delivery
16246,0.6474745917856591,997.5270845266975,645.8734418490621,High,Control
14821,0.8646040061840116,1381.6916816345029,1194.6161632523151,High,10% Discount
17629,0.6867340675604511,960.9339064168544,659.9060502104003,High,Free Delivery
13770,0.7800342194581402,986.1739241447129,769.2494071701924,High,Control
12457,0.5631786039134271,1431.4098690434887,806.1394116758134,High,10% Discount
16065,0.9011550055293607,1625.1193658641475,1464.484451131177,High,Free Delivery
16430,0.8286277067262546,1168.5886779388125,968.3249563067039,High,Control
18141,0.7027743252376191,1213.3968652926364,852.7441632514748,High,10% Discount
15269,0.7105500897371675,1174.7200720414053,834.6974526050724,High,Free Delivery
13632,0.7920384331111127,1738.6055618094645,1377.042424973834,High,Control
15661,0.8546687206236967,1236.1629926632759,1056.5098434218821,High,10% Discount
13118,0.8230882837611193,1442.6765454976994,1187.4501618561217,High,Free Delivery
14265,0.666158858049143,1379.610596721808,919.0398196646963,High,Control
16493,0.7386455356470609,985.3711649202469,727.8400119236842,High,10% Discount
16134,0.7893097705711927,1703.6232840067712,1344.6865034391265,High,Free Delivery
14350,0.7090322601798785,999.7610841279758,708.8628611191443,High,Control
13041,0.7390026200493328,1059.9388110349532,783.2975584468052,High,10% Discount
13787,0.7649505082744932,1088.9288512699798,832.976678253731,High,Free Delivery
17597,0.8189788268269854,1615.0183416242946,1322.6658267275284,High,Control
14421,0.7491776303506079,1701.7597102481968,1274.9203071498812,High,10% Discount
14748,0.8288565927822257,1470.7737436203229,1219.0605138906994,High,Free Delivery
17878,0.7281078756635664,1300.786914487938,947.1131969987778,High,Control
16088,0.4900013462966829,2085.8645727993526,1022.0764488642382,High,10% Discount
13719,0.883225883484259,1735.5125475579441,1532.8496031148823,High,Free Delivery
13916,0.7752586486132009,1374.1617552420375,1065.3307853448862,High,Control
13154,0.8037067908465314,1793.945584168034,1441.8062484049967,High,10% Discount
16825,0.7908119800628184,1399.8384199765405,1107.008992669655,High,Free Delivery
14623,0.8557370775328977,1253.61379753758,1072.7638074597264,High,Control
13375,0.5841059481997396,1601.099189633004,935.2115603224205,High,10% Discount
15384,0.7697556287034838,1702.745533050764,1310.6979583155394,High,Free Delivery
14000,0.8119405394280746,1790.1465861281922,1453.4925847962506,High,Control
12778,0.8063680789595623,1527.3518482686218,1231.6077757837054,High,10% Discount
17388,0.8735490205904194,1754.3542101221192,1532.514402020856,High,Free Delivery
14235,0.7603781820742864,1664.3722293235655,1265.5523300279801,High,Control
16650,0.8597091682806995,1602.0940822270231,1377.3349709388247,High,10% Discount
14854,0.8426916307356606,1732.5586246680205,1460.0126527666273,High,Free Delivery
16012,0.7610324036010634,1705.6614184611058,1298.0636090210546,High,Control
18268,0.6926611347134449,1508.7025626362183,1045.0196289806852,High,10% Discount
16833,0.6817483264279374,1604.1385133848914,1093.618746858749,High,Free Delivery
16654,0.7636073099492453,1087.2998194455529,830.2700902351188,High,Control
12801,0.5506572233875774,1946.560647065517,1071.8876810686236,High,10% Discount
14152,0.8629015025668513,1554.3162961434764,1341.2218674063488,High,Free Delivery
16001,0.604809907249164,1065.7051391201342,644.5490263462057,High,Control
15572,0.8157737503951004,1564.7324668399606,1276.4676728390116,High,10% Discount
17560,0.8131819152578046,1419.8797072484722,1154.6204997760035,High,Free Delivery
18066,0.7223603476622722,1515.5757620335464,1094.7918343710658,High,Control
17132,0.6968435053937514,1464.7368181117793,1020.692338812302,High,10% Discount
17343,0.8413388760742991,1308.1178396352939,1100.5703929714984,High,Free Delivery
15777,0.7239544415127626,1068.384554020716,773.4617431269294,High,Control
13589,0.7233452249312895,959.3582116332622,693.9471813835416,High,10% Discount
12402,0.849006000696166,1645.8946585768708,1397.3744416455309,High,Free Delivery
16668,0.8520973385620564,831.9948992256146,708.9406393273525,High,Control
12866,0.6423545865476512,1170.1269132850923,751.6363895915248,High,10% Discount
12963,0.799731679720489,1520.433807229966,1215.9390825598389,High,Free Delivery
17018,0.7946160523903535,1812.2564785126322,1440.0480888745512,High,Control
13778,0.673086651882905,1185.163728438244,797.7178859075581,High,10% Discount
15586,0.6141115304670526,1288.3065463347139,791.1639048803339,High,Free Delivery
17179,0.7651649232755251,1050.3653420530193,803.7027163632691,High,Control
16174,0.7337577681491144,1575.111167282595,1155.7500546920232,High,10% Discount
15751,0.884480311275847,1470.2989857695625,1300.4505046020247,High,Free Delivery
13709,0.8118951731221915,1393.3103776574746,1131.2219702811615,High,Control
12388,0.7000676347997807,1843.3464740047166,1290.4672061729975,High,10% Discount
15807,0.7255629463971346,1255.1019226906271,910.65544905612,High,Free Delivery
17141,0.791994131662094,817.8373246124261,647.7223617472685,High,Control
14723,0.840225224110217,804.4310683633925,675.9032746968528,High,10% Discount
14541,0.8397420629769423,1246.6659193475023,1046.877810955918,High,Free Delivery
14420,0.7908693119200434,1491.1916563143523,1179.3377191702416,High,Control
13892,0.6428371957669549,1063.2701780178254,683.5096195796098,High,10% Discount
16809,0.7762186511818299,965.4510951788025,749.4011468817105,High,Free Delivery
16619,0.8167304362037883,1857.0130853098083,1516.6791072012225,High,Control
15167,0.8353093983851773,1409.401403960156,1177.286238825182,High,10% Discount
17161,0.5772052417780242,1317.0189796742668,760.190258589132,High,Free Delivery
13890,0.8249494632194967,1302.4124908406814,1074.4244852093877,High,Control
14618,0.8078519098759631,1070.9276194272024,865.150922693184,High,10% Discount
14853,0.7150472107978222,1238.6051103550533,885.6611294393095,High,Free Delivery
16359,0.8783719832000887,1193.4376570226202,1048.2822016246262,High,Control
13425,0.6676499508187264,1845.3834870672981,1232.0701943821714,High,10% Discount
17921,0.8799148881846596,1598.6892008340526,1406.7104293939183,High,Free Delivery
16915,0.771721332447335,1318.3941146576815,1017.4328628543504,High,Control
16477,0.8403909276850807,1727.190630536344,1451.5153362854178,High,10% Discount
17862,0.775582847510293,1102.466693328618,855.0542572970666,High,Free Delivery
13477,0.8197355627488706,1486.7930420771536,1218.7771310382207,High,Control
12494,0.6858363857351631,1093.0515114693321,749.654498048484,High,10% Discount
15916,0.8634414115692063,1668.1182405314848,1440.322368268846,High,Free Delivery
13723,0.8358286985367792,1234.4909781661606,1031.8229876360176,High,Control
14692,0.8924222418111643,1360.0152588112142,1213.7078661656944,High,10% Discount
14248,0.6469710268524463,1011.5268880744402,654.4285894663801,High,Free Delivery
15140,0.5648416087785304,1436.4320028347286,811.3565633821346,High,Control
15911,0.7687843971615219,1418.0675710655325,1090.188222755919,High,10% Discount
13650,0.842197907850177,1676.5077953071561,1411.9513577021996,High,Free Delivery
12870,0.8202119177523114,1855.5880763560333,1521.9754546663046,High,Control
16120,0.7411590460252632,1955.1234347555892,1449.0574197650883,High,10% Discount
13760,0.7643884543088505,1306.6114905727777,998.7587376611087,High,Free Delivery
15771,0.5606282376639738,1150.5917987813207,645.0542524213935,High,Control
15441,0.7806874314252237,1531.0933612204933,1195.3053434434391,High,10% Discount
16727,0.8041629290886638,1241.0271406866116,997.9880205330749,High,Free Delivery
18009,0.8003569013064998,1688.515505132758,1351.4150374960336,High,Control
17854,0.7595894420829574,853.8834248191342,648.600834262251,High,10% Discount
14233,0.7211182174076545,1708.1121199084698,1231.7507670408056,High,Free Delivery
17332,0.7479682198786872,904.8516254078963,676.8002595106809,High,Control
15154,0.6314246824397447,1202.5341134765663,759.3097207249008,High,10% Discount
17310,0.6702821550375856,1981.316530197426,1328.0411136723221,High,Free Delivery
16062,0.8545948094103933,1822.6237922339058,1557.604832350983,High,Control
16510,0.8120157150533662,1562.9694944558369,1269.1557916471547,High,10% Discount
16491,0.609664701113277,1291.125501928566,787.153643233009,High,Free Delivery
16634,0.841412796793692,1641.6030313384674,1381.2657978235027,High,Control
13476,0.7408096942010688,1076.5098647002717,797.4889436730422,High,10% Discount
16511,0.7705856969764047,965.8050351235515,744.2355461340029,High,Free Delivery
16756,0.8522850338699824,1286.7442638657176,1096.6728785107987,High,Control
14831,0.5322718555617325,1501.71797210987,799.3222115453226,High,10% Discount
16620,0.8409433740792464,1760.9138034431787,1480.8287953302256,High,Free Delivery
18060,0.7367130338822768,1447.0235762559557,1066.0411289627073,High,Control
12675,0.5880955552567195,1289.8034548915352,758.5276789764727,High,10% Discount
16096,0.7643971709756594,1500.4676397816665,1146.9532189896306,High,Free Delivery
16676,0.6873099477993578,1058.656158215719,727.6249088407145,High,Control
18036,0.8952236131375977,1209.0176840481154,1082.3411794608044,High,10% Discount
14334,0.8252714929211817,1863.7151584162395,1538.0709911660067,High,Free Delivery
15241,0.7814030364778799,1515.9700955645367,1184.5836358837907,High,Control
16797,0.8723837894864038,1644.6761740811955,1434.7888332229538,High,10% Discount
13821,0.8107458886745843,1082.4271066277263,877.573326488355,High,Free Delivery
14021,0.8329198471668962,1304.9878906067781,1086.950314398848,High,Control
17193,0.6860970044224086,1028.3790807206594,705.5678066931148,High,10% Discount
16830,0.7251576737374988,1088.517238911214,789.3466287920212,High,Free Delivery
16205,0.7961600955182373,1239.9187239310832,987.173809679822,High,Control
12745,0.6751252021503157,1203.786888856633,812.7068666852339,High,10% Discount
16777,0.7623493719953849,1217.6200103007586,928.2518501817974,High,Free Delivery
17290,0.871684519353774,1131.8622076118725,986.6267644168566,High,Control
13462,0.803870991898637,1207.4443152955569,970.6294593990099,High,10% Discount
15747,0.8831121485038382,1723.9876536709419,1522.4744408274364,High,Free Delivery
16625,0.8122523842035021,1475.4890742464215,1198.469518422874,High,Control
15402,0.8392604973322132,1442.3628251211483,1210.518141944671,High,10% Discount
14236,0.734269254638832,1372.5290770962197,1007.8059024095652,High,Free Delivery
18247,0.7335219190902864,1129.5986816549514,828.5853927693975,High,Control
17242,0.7439639391483329,2065.7116605150927,1536.8149841014522,High,10% Discount
14014,0.760351808293726,1898.4034338856372,1443.454483825963,High,Free Delivery
13435,0.7270437352111306,943.0138236724129,685.6122927185215,High,Control
16693,0.7569395670353648,845.7550469383169,640.1854590474643,High,10% Discount
12784,0.535408387675493,2051.2425448682707,1098.252463679296,High,Free Delivery
17369,0.5355959760822545,2191.486785994223,1173.7515042159387,High,Control
14484,0.7578380088958234,1012.4139541105276,767.2457751614697,High,10% Discount
17624,0.6623135420127249,977.6457662503946,647.5080302790433,High,Free Delivery
13976,0.6488815403524437,992.4977860306316,644.0134921959464,High,Control
14321,0.6935770280776439,930.0626984157336,645.0701222930585,High,10% Discount
13503,0.8123303431145446,1539.432605788073,1250.5278168615428,High,Free Delivery
16290,0.796052412412761,1938.0894641291338,1542.8207933917522,High,Control
15862,0.9184979838386236,1585.3778892240143,1456.16639487459,High,10% Discount
16646,0.5767920589780581,1170.30980835251,675.0254040018607,High,Free Delivery
16387,0.8009731685489254,967.187719278789,774.6914120923402,High,Control
12937,0.8169291901414093,1661.7274918702212,1357.5136941692551,High,10% Discount
16007,0.8266716560927001,1400.175139190848,1157.4851011347253,High,Free Delivery
17348,0.821846113801753,1277.7879575518298,1050.1450671766506,High,Control
14538,0.5938771606373023,1156.8691318872795,687.0381552741584,High,10% Discount
17756,0.7754922646577317,961.2296648914358,745.4261696828521,High,Free Delivery
12379,0.7017216849532928,1357.3645576252306,952.4921444726577,High,Control
14199,0.7072861713639568,1274.9269864532646,901.7382270171167,High,10% Discount
12761,0.6513326250188017,1383.0779675218437,900.8438031916714,High,Free Delivery
15580,0.9083986734400702,1459.4552852838513,1325.7672450969496,High,Control
16771,0.8261047109254354,1629.8304862814464,1346.410642726996,High,10% Discount
13543,0.46232197973712474,1520.1017842705744,702.7764663059077,High,Free Delivery
15906,0.7632348929662292,1239.196549462907,945.7980457934423,High,Control
14408,0.7539356790449372,1950.8770155865482,1470.8357874794046,High,10% Discount
12730,0.48887464438667855,1535.0917992244683,750.4674574467685,High,Free Delivery
18084,0.6856218146966326,1252.6838633198477,858.8673836105424,High,Control
16049,0.790288702316078,881.4835299030193,696.6264749600529,High,10% Discount
18230,0.7529415261566376,1898.236991621735,1429.2614574786535,High,Free Delivery
18022,0.831673158919041,958.5162285938941,797.1722197098495,High,Control
17421,0.7918579501843662,1343.9360379945624,1064.2064362252727,High,10% Discount
16307,0.775459673239668,1378.0350395101,1068.6106014513152,High,Free Delivery
14198,0.8137413375552143,1129.1430596135936,918.8303836211527,High,Control
12423,0.7366682970958106,1385.9395751902025,1020.9777467330576,High,10% Discount
16329,0.813818232855479,1741.621933095756,1417.3636838943316,High,Free Delivery
14430,0.6633298507208606,1432.8536796817746,950.4546174481474,High,Control
14061,0.6084439044745528,1178.175828084804,716.8539009974576,High,10% Discount
14838,0.6812771782165584,988.9345695282519,673.7385529690143,High,Free Delivery
16496,0.73903835927461,958.3073842267505,708.225916919681,High,Control
15279,0.8295462522438736,1515.9211369760892,1257.5266978757866,High,10% Discount
12376,0.6847334146166929,1112.4858226068754,761.7562160262663,High,Free Delivery
16960,0.8743827996466682,1421.5989867398566,1243.0217020004625,High,Control
14230,0.7099182383208928,1262.6277852960827,896.3624929924056,High,10% Discount
14640,0.8242032707822557,1637.505608653929,1349.6374785768567,High,Free Delivery
17651,0.8190903031290169,1724.6330593511145,1412.6302153702281,High,Control
15351,0.7859546676478418,1669.18706460203,1311.9053646013651,High,10% Discount
15887,0.7615299064251552,1364.8067765009182,1039.341176797162,High,Free Delivery
17342,0.8189867488567678,1561.512173241621,1278.8577780634212,High,Control
16987,0.8135837086287248,1039.016037654542,845.326521239705,High,10% Discount
15266,0.7887402320418467,982.6171071201949,775.0296450782706,High,Free Delivery
14229,0.7826432890403504,1391.458882683944,1089.015956508173,High,Control
17694,0.647969284845535,1649.7558466514715,1068.991116124494,High,10% Discount
17534,0.7899617053000446,1550.6969334176017,1224.9911939261183,High,Free Delivery
14136,0.8597988299119081,1691.3492657604156,1454.2201196731703,High,Control
17897,0.8757280487809738,1615.5402737297024,1414.7739316403927,High,10% Discount
16435,0.6886265335226248,1034.6384937622063,712.479519408538,High,Free Delivery
16586,0.6361815622217099,1396.4408138692495,888.3898985174951,High,Control
13026,0.7307198654814662,995.2316266873466,727.2355203758787,High,10% Discount
16265,0.7966510357910582,1698.2612280576448,1352.9215663759173,High,Free Delivery
16059,0.8811653387014693,1626.8089086410955,1433.4876229852985,High,Control
13293,0.8591532291699665,1423.4297329747606,1222.9442515818087,High,10% Discount
16099,0.7780921900053331,1156.3339260675248,899.7343969113454,High,Free Delivery
18096,0.7497544399678092,885.7868013201171,664.1225871546415,High,Control
12575,0.6510146652030173,1114.32848100823,725.4441829897597,High,10% Discount
16092,0.6614129335301341,987.929444786859,653.429312197273,High,Free Delivery
13729,0.7204381644991977,957.9748318894126,690.1616295228359,High,Control
17714,0.7956110069586592,1423.3134573315176,1132.4038530053392,High,10% Discount
12862,0.7118612717510848,1147.7429704723384,817.0337706038066,High,Free Delivery
14404,0.8236259749164447,1365.359857694204,1124.545843905167,High,Control
13407,0.6773328298335477,2042.2018672834304,1383.2503698584412,High,10% Discount
17306,0.7371503190848474,1963.299053130572,1447.2465234741799,High,Free Delivery
17513,0.6404276318169002,1044.217183113365,668.7455376838068,High,Control
17396,0.8206620692681156,1523.513208187766,1250.2895019886773,High,10% Discount
13610,0.8767427857084078,1097.8169161510814,962.5030612641126,High,Free Delivery
15664,0.7135617264146886,1068.0183666535306,762.0970295518892,High,Control
15764,0.7131599303402012,1467.2915283107652,1046.4135241188726,High,10% Discount
13946,0.8266273643493206,1676.0373402404139,1385.4583291139788,High,Free Delivery
14332,0.7227796320036438,1490.0013633736573,1076.9426371041395,High,Control
18193,0.7458929654714195,1299.6560284677037,969.4042891665831,High,10% Discount
15141,0.853657031593924,1591.3165691994864,1358.4385787890608,High,Free Delivery
15617,0.7635809604538092,1090.7755903800205,832.8954729419468,High,Control
12993,0.7649462919640125,1041.5552315932657,796.733812282987,High,10% Discount
15428,0.7447334449357103,924.7817791318649,688.7159201866489,High,Free Delivery
18219,0.8798053546434434,1530.0929929888239,1346.18400833398,High,Control
16140,0.5631808149836094,1205.9763005505265,679.1827157949638,High,10% Discount
17496,0.6260519362309572,1229.77362065575,769.9021563372869,High,Free Delivery
16354,0.780915390436159,902.1296847545498,704.4869549941483,High,Control
16726,0.717302229792978,950.5017001362529,681.7969889297507,High,10% Discount
14506,0.7017629392502873,1192.3052427673285,836.7156316479278,High,Free Delivery
17797,0.84937629830796,1267.4345885568798,1076.5288991759148,High,Control
14065,0.7760453753992194,1165.8906802761628,904.784070649366,High,10% Discount
16608,0.6904002887688239,1444.512387212997,997.2917692619963,High,Free Delivery
17894,0.9126850640404454,1310.8814106682808,1196.4218842452092,High,Control
14228,0.7063301546611911,965.1446267353025,681.7107534723638,High,10% Discount
16340,0.7129066937917868,1072.851942818916,764.8433314831286,High,Free Delivery
16043,0.814854553317476,1416.1452430409631,1153.9523994508124,High,Control
15370,0.6313517577126542,1995.8132007188308,1260.060172339952,High,10% Discount
15994,0.6856579159232838,985.2335289718433,675.5331681725763,High,Free Delivery
16775,0.8484040618639419,1310.3481615829774,1111.704702742947,High,Control
16638,0.809330382158048,910.9541797196705,737.2628944009921,High,10% Discount
13566,0.7604127104933571,910.6607228265216,692.4779885843551,High,Free Delivery
13795,0.8197248864274358,1182.5293460460446,969.3487338847038,High,Control
16972,0.6950225330508879,1015.1655459061194,705.5629291816585,High,10% Discount
12903,0.5863872432833437,1339.0559711874273,785.205339546696,High,Free Delivery
16386,0.6320557605922273,1246.958546715416,788.1473326711907,High,Control
16660,0.698711800226125,1044.613624792575,729.8838663195579,High,10% Discount
14776,0.8386138808333224,1454.2796789757012,1219.579125402851,High,Free Delivery
17642,0.7683460825140958,1321.9444116111977,1015.710809962865,High,Control
13531,0.7075471735276281,1111.3791217499652,786.3531563118055,High,10% Discount
17954,0.8961793366078215,1450.194427735152,1299.6342802000477,High,Free Delivery
16083,0.734569709543557,1414.268858147684,1038.8790643460425,High,Control
14725,0.7673774174750503,837.2887209687423,642.5164563779814,High,10% Discount
14905,0.8728226714206312,1664.6089106772047,1452.9083962878647,High,Free Delivery
15649,0.6742706367945825,1399.8429995661606,943.8730307299137,High,Control
13049,0.6822265793641181,1241.483886189333,846.9733050106207,High,10% Discount
16595,0.8584504367847505,1357.072343179234,1164.9793457507183,High,Free Delivery
16057,0.7019397355995105,1571.5201974522718,1103.1124718889382,High,Control
14450,0.7865841189038378,930.02673714113,731.5442615911669,High,10% Discount
16569,0.6101311099707241,1432.7249293858956,874.1500514489437,High,Free Delivery
17127,0.7990889707473031,1435.0149875443599,1146.7046494037766,High,Control
13299,0.6909242397994134,1342.9732948747262,927.8928028322337,High,10% Discount
12533,0.5354448008178274,1777.2419001843832,951.6149352493242,High,Free Delivery
13237,0.564920158930764,1156.5535789567964,653.3604316362173,High,Control
17952,0.8189461284609126,957.7989102307463,784.3857093775508,High,10% Discount
14427,0.5923243793002365,1186.459168341423,702.7686904529082,High,Free Delivery
16017,0.8063701871268407,1452.151560832395,1170.9717258449523,High,Control
17075,0.8456065088798224,1458.9046919834557,1233.6593033765225,High,10% Discount
14701,0.8617233932043636,1746.3065044003922,1504.833166546757,High,Free Delivery
14524,0.8092231417501826,1162.429487482311,940.6648419234904,High,Control
17866,0.5940552153078735,1167.9031782987129,693.7989740429916,High,10% Discount
15180,0.6942563406817177,1013.3646103380407,703.5348061496429,High,Free Delivery
16677,0.6975558546587061,1179.4112664704098,822.7052339768736,High,Control
16568,0.6455753585601263,1675.2363132249366,1081.4912835831324,High,10% Discount
17006,0.7997367973761657,1015.8153779749082,812.3849371071123,High,Free Delivery
17228,0.8083516516697448,1020.4712255109594,824.8996006232326,High,Control
18277,0.8014586478345893,1297.0658325192555,1039.5446282833284,High,10% Discount
13288,0.7685740379318219,1374.595513231072,1056.47842412697,High,Free Delivery
15860,0.9151285432896866,1472.4246310841004,1347.457807747847,High,Control
14423,0.6248984510330065,1046.8901047570648,654.2000048644717,High,10% Discount
13800,0.691590230850597,1447.1415890273142,1000.8289856289,High,Free Delivery
13259,0.8859093380588595,1163.5543335339491,1030.8036494165783,High,Control
16770,0.8282676701355853,1125.2842457673817,932.0365604820286,High,10% Discount
16614,0.6436989339970918,1019.55088752475,656.2838194554704,High,Free Delivery
17237,0.7151579298043882,941.4714704721832,673.3007877927797,High,Control
15992,0.7149873702846299,1148.5258420611635,821.1814715192514,High,10% Discount
13278,0.7786101214631256,1147.9363495073826,893.7948605218802,High,Free Delivery
13819,0.538687885560689,1503.718370021004,810.0348692253804,High,Control
14276,0.8021197675168099,1244.2439986893,998.0327069628473,High,10% Discount
14477,0.679631406869622,1154.309953268962,784.5052975037923,High,Free Delivery
13156,0.8135692786846718,1737.1220828725438,1413.26915994983,High,Control
15111,0.6781367830714647,1141.4327012470499,774.0475001162466,High,10% Discount
14745,0.819784457647761,1498.7286108139729,1228.634421377315,High,Free Delivery
18241,0.7849666636885277,1140.9342074415952,895.5953183035435,High,Control
16155,0.8356772657451932,1036.1423500608307,865.8806060216339,High,10% Discount
13649,0.8199154618839614,1264.7497239043605,1036.9878540426564,High,Free Delivery
14612,0.5375502546538395,1562.026692598115,839.6678463822115,High,Control
15084,0.7319396557870714,1370.2473483221877,1002.9383724740894,High,10% Discount
16282,0.6304426546812967,1515.8849554497253,955.678535505164,High,Free Delivery
15798,0.7250972693501329,1601.2999089741252,1161.0981914077545,High,Control
16975,0.750384090140086,1166.2638556028198,875.1458421497906,High,10% Discount
13880,0.806800195761552,1310.3609955189474,1057.199507702989,High,Free Delivery
15600,0.7961057981176108,1383.8769500255162,1101.7124637966285,High,Control
12639,0.6951371681864532,1422.0644634683642,988.5298641139867,High,10% Discount
16906,0.7416429974658416,956.0362446479313,709.0375861666785,High,Free Delivery
17320,0.7469711323976065,1441.956158040805,1077.0996242394422,High,Control
15652,0.8172712362973694,1240.5796382613864,1013.8900546872267,High,10% Discount
15261,0.7952349370184625,1467.4984879041078,1167.0060676031121,High,Free Delivery
16699,0.8785847790066993,1244.390764423969,1093.3027847594103,High,Control
17950,0.7860456772182673,826.5893600460212,649.7369932987889,High,10% Discount
14264,0.8215696061721814,1433.8241231928198,1177.9863202116983,High,Free Delivery
12875,0.7181826881768395,1724.6676564132758,1238.6264536945362,High,Control
13809,0.6853032991219383,1127.5412471302147,772.707736554401,High,10% Discount
17695,0.7794229078106849,1384.5695847133145,1079.165251783484,High,Free Delivery
15100,0.7852920553224784,1829.5171430030296,1436.7052774765577,High,Control
12450,0.7504786766665887,941.0215875118516,706.216635710587,High,10% Discount
12880,0.6954685424158084,953.9841451970733,663.4659629479994,High,Free Delivery
13443,0.8473093380143386,1250.3437361291926,1059.427923350001,High,Control
12368,0.37049675552551875,1727.031131767279,639.8594310113415,High,10% Discount
15882,0.78984108490969,852.3749275699527,673.2407375416698,High,Free Delivery
16946,0.8479269241884301,1406.2839547480735,1192.4260282850753,High,Control
15814,0.6962860432551078,1053.1774475026582,733.3127577671398,High,10% Discount
12503,0.4094667164791367,2670.2307966066323,1093.3706365279872,High,Free Delivery
18071,0.7291867209415512,913.5453417937191,666.1451322139907,High,Control
12998,0.7118542131273687,1075.890664419169,765.8773023311895,High,10% Discount
15660,0.8642562819429261,1288.0481071144645,1113.203668018371,High,Free Delivery
15373,0.7967923270894982,864.5929360737709,688.9010175193617,High,Control
17432,0.8937088739112476,1399.715103886756,1250.9378092911977,High,10% Discount
15177,0.5856976967007734,1576.949422487572,923.6156445645858,High,Free Delivery
16711,0.799217640976478,1752.333399590951,1400.4957658253718,High,Control
14565,0.5218130362855185,1222.7335907494264,638.0383275572527,High,10% Discount
14847,0.7042308076685455,1350.072842353714,950.7628881821248,High,Free Delivery
16520,0.7677719472934229,1148.186495930692,881.5453818367192,High,Control
17115,0.7076014042947955,1795.4892788156685,1270.4907350862165,High,10% Discount
16529,0.7231888355718187,1604.7767814481833,1160.5566519282027,High,Free Delivery
17429,0.7230699958308807,1124.179162479683,812.8602223273474,High,Control
16521,0.7965737091154346,1170.538546322932,932.4202315070469,High,10% Discount
18272,0.6574920526109258,1398.2883398342392,919.3634706995377,High,Free Delivery
13264,0.5547260236544722,1179.911058958251,654.5273700018481,High,Control
14213,0.5651670980606648,2295.795114754736,1297.507862747785,High,10% Discount
14224,0.8321057599085379,963.3971102804647,801.6482845436155,High,Free Delivery
17090,0.8536759176985079,1532.0400416615676,1307.865688516299,High,Control
16130,0.7759895453851856,1170.8246894319086,908.5477184780179,High,10% Discount
13939,0.7919614633253809,1189.3995417232015,941.958601541644,High,Free Delivery
15890,0.76762249680656,853.0866180010348,654.8484797022185,High,Control
18236,0.8430717032227725,1152.8043086257846,971.8966919556909,High,10% Discount
15809,0.6284832297543317,1086.7941904262477,683.0319228773324,High,Free Delivery
17180,0.8820321499745193,1469.4978950386312,1296.1443877439544,High,Control
16221,0.8743798187554314,1298.4367879514803,1135.3269233143997,High,10% Discount
17411,0.693434750207445,959.3954458310747,665.2781413300316,High,Free Delivery
13984,0.8742112837299415,1227.5070916400216,1073.1005503702302,High,Control
14396,0.7939987142957744,1404.922699356401,1115.506816973931,High,10% Discount
13201,0.7525882508402394,1320.9280757346387,994.1149500028951,High,Free Delivery
17147,0.7980935944615081,1661.78275761613,1326.2581742400143,High,Control
15912,0.8455921157093451,972.132730407202,822.0277722553283,High,10% Discount
14437,0.7826726430414126,1075.4491900977443,841.7246600705481,High,Free Delivery
14671,0.5723134901387219,1296.8482004929772,742.2037198042567,High,Control
13029,0.6293567441285679,1182.5249519959368,744.2300536389539,High,10% Discount
13382,0.7991376921466282,1336.4805032037023,1068.031944929171,High,Free Delivery
16391,0.8316357014374959,1055.91683967539,878.1381416231069,High,Control
16108,0.7706276428185395,1529.0712727932334,1178.3445906541933,High,10% Discount
13884,0.848807802567188,1197.5305863982405,1016.4733055476867,High,Free Delivery
14212,0.5778044767464254,1966.8626408259438,1136.462039014527,High,Control
15058,0.8529232990317405,1528.5125350813967,1303.7039540329938,High,10% Discount
14075,0.7658900370557206,1069.133770232679,818.8389029010286,High,Free Delivery
13878,0.6377186897607765,1216.2439412444357,775.6214926398844,High,Control
15379,0.649007669741451,1726.4798487771673,1120.498663510442,High,10% Discount
15326,0.6579941982282594,1311.4770528225388,862.9442918667271,High,Free Delivery
16934,0.8255723201324978,1327.8151568291808,1096.2074397305632,High,Control
13239,0.7988898124030667,1404.5790590823694,1122.10390101559,High,10% Discount
12972,0.814174976170025,1332.8517850276276,1085.174570313044,High,Free Delivery
16817,0.8229755212004752,1220.26826588657,1004.2509121224,High,Control
18188,0.7621593109857997,1485.9916674716505,1132.5623854108328,High,10% Discount
16296,0.619418390131318,1275.5249175171255,790.0835909808401,High,Free Delivery
15439,0.8099705014481668,1494.9560710015826,1210.8703184721332,High,Control
13891,0.7892458720732876,1030.1193456101862,813.0174412656758,High,10% Discount
14161,0.8201593372807803,1818.6822837490715,1491.6092565639344,High,Free Delivery
13855,0.7398215871283333,1380.3160449140876,1021.1876070870442,High,Control
15710,0.6274681630879729,1286.7394087516664,807.3880131823124,High,10% Discount
16163,0.8038770613843069,1711.1504106046361,1375.5545636634051,High,Free Delivery
17324,0.8618717038894299,1300.056682821937,1120.4820683765831,High,Control
17782,0.714453440212075,1024.5339251369485,731.9817874280734,High,10% Discount
16281,0.6968018598019762,1870.0405484148778,1303.0477320405944,High,Free Delivery
15377,0.7921412170793926,1653.4282290052965,1309.7486496776803,High,Control
12970,0.8770800084920509,1119.672367778404,982.0422498393973,High,10% Discount
17683,0.7838581675896295,1098.6871230482104,861.214875026892,High,Free Delivery
17676,0.8072851086361034,1288.4310607563805,1040.1312088528446,High,Control
13012,0.7640638471174716,1521.6299159868672,1162.6224074979607,High,10% Discount
14343,0.8123129840593535,1097.5313118138813,891.5389349981107,High,Free Delivery
16725,0.8788171390442655,1020.7518577165742,897.054227272599,High,Control
16835,0.8163802318148925,1504.0171647384989,1227.8498816027932,High,10% Discount
18252,0.7201694090245162,1152.556989229415,830.0362858004235,High,Free Delivery
13117,0.9134146142102696,1510.248100965709,1379.4826865053853,High,Control
16611,0.8525472965451946,1770.8682814202389,1509.7489658624595,High,10% Discount
15392,0.8089400275725196,1682.0872848841866,1360.7077346135986,High,Free Delivery
16531,0.8328218965371019,1296.9014525757118,1080.0879273558267,High,Control
13397,0.8286110948720093,1828.5077623116392,1515.1218189110152,High,10% Discount
15811,0.6733669172500143,1744.0774087621157,1174.404028183539,High,Free Delivery
16593,0.8137520927734951,971.0429880649082,790.1882637108471,High,Control
13440,0.859086918394821,1503.557290950622,1291.686399712835,High,10% Discount
16755,0.7893010771759825,1385.6981645115866,1093.7330538897772,High,Free Delivery
14673,0.757916623606772,1629.7425681421296,1235.2089845945125,High,Control
17220,0.8771181835311516,1291.8006838196427,1133.0618692761846,High,10% Discount
17998,0.7773255446547691,857.8236334427522,666.8082230836204,High,Free Delivery
17039,0.43601012245858717,2376.8141982755124,1036.3150496514147,High,Control
18151,0.8034590520018746,1389.9449094324293,1116.7638192674112,High,10% Discount
14499,0.8409451920571568,1461.6651008711683,1229.1802389753482,High,Free Delivery
14449,0.8336474431548057,1385.0379121850112,1154.6333141655048,High,Control
14309,0.7382736716924713,1700.2120332605139,1255.2217804509617,High,10% Discount
17322,0.8552367539421135,1056.6579012995035,903.6926735346735,High,Free Delivery
15422,0.8605380433736757,1676.1132355731886,1442.3592042128726,High,Control
14665,0.6776908798704403,1215.533726617428,823.7561207035601,High,10% Discount
16262,0.6346949128105801,1262.705589967166,801.4328143296425,High,Free Delivery
12711,0.5534334944570952,1795.3038781271296,993.5812988842723,High,Control
13602,0.7466265236185996,864.184159744832,645.2228149565444,High,10% Discount
13304,0.7176981261457248,1113.193961357868,798.9372201032782,High,Free Delivery
16407,0.7932350930125343,906.8821935354969,719.370781140541,High,Control
17288,0.8229854782205149,1148.7212226827621,945.3808847916276,High,10% Discount
16859,0.8378503071500527,1418.6249391195856,1188.5953409720696,High,Free Delivery
17707,0.8266461873570203,785.8441678517712,649.615085211417,High,Control
14324,0.6867276676822803,985.2269894781197,676.5826326219436,High,10% Discount
17003,0.8050929843600771,973.326056035064,783.6179792086933,High,Free Delivery
17870,0.5789810250541916,1995.4199760051285,1155.3103031210596,High,Control
12809,0.5672680036193654,1762.7976583972168,999.9787084638812,High,10% Discount
13996,0.7231097470197138,1290.6121742230714,933.2542428030079,High,Free Delivery
17682,0.8267508908564061,1745.627537250536,1443.199121525355,High,Control
15189,0.845701260261413,1723.4526802023727,1457.5261036480565,High,10% Discount
14963,0.903978501896647,1639.7863790070014,1482.3316343252766,High,Free Delivery
14398,0.6852968972412409,968.8868051730427,663.9751213630648,High,Control
17454,0.8103915207165464,1189.630614093144,964.0665624459019,High,10% Discount
14942,0.7705407387973212,1120.9330193589954,863.7245568791923,High,Free Delivery
16661,0.6748222035485074,1028.3875867062795,693.9787773630633,High,Control
12449,0.7106115355988527,1606.3926159082093,1141.5211235651907,High,10% Discount
14379,0.7193560771667207,1177.1388098497828,846.7819565342421,High,Free Delivery
13039,0.6201324526518451,1096.1568452434553,679.762432931933,High,Control
17746,0.6996244263286231,1042.9465442737478,729.6708777289407,High,10% Discount
16993,0.6438967920966286,2414.7907752212955,1554.8760337495232,High,Free Delivery
13772,0.8706222752235674,1767.316746004189,1538.6653264468787,High,Control
13223,0.749385689236947,1323.5835009601954,991.8745341297074,High,10% Discount
17126,0.8350382033145356,1120.6959133133453,935.8239019151184,High,Free Delivery
18276,0.8575545348646116,1509.0348166800254,1294.0796503125437,High,Control
17363,0.7655027824548161,1218.8490636514564,933.0323496176371,High,10% Discount
17021,0.8372768976360391,1433.9297597907903,1200.5962607056235,High,Free Delivery
12785,0.578594327955397,1268.757368959113,734.0958172313556,High,Control
17758,0.8242042093620444,1583.752246057672,1305.3352677873256,High,10% Discount
12694,0.6480998846156502,1946.9846867435508,1261.840550826933,High,Free Delivery
13623,0.870029295440328,1789.6100900118802,1557.0132057259382,High,Control
14813,0.7179159359638816,940.8050690983962,675.4189517413394,High,10% Discount
17025,0.705505261139123,1386.3718918431814,978.0926635907638,High,Free Delivery
15117,0.7482542165504703,1159.3965433736948,867.5233522334074,High,Control
13814,0.47496745128404433,1419.7437016243368,674.332047437086,High,10% Discount
15081,0.8828223521273493,1593.0830963512171,1406.4093662551022,High,Free Delivery
16040,0.7849082427170007,1297.0656943552144,1018.0775548448577,High,Control
14454,0.8460170176358894,1127.9683299867647,954.2804025231375,High,10% Discount
12734,0.6939652758219971,1146.7075308563374,795.7752079378794,High,Free Delivery
18077,0.888490015693206,1681.7840325344232,1494.248321459093,High,Control
17666,0.7135927088566155,1691.687397532584,1207.1757925438749,High,10% Discount
14653,0.7911585777339168,1542.772471310293,1220.5776741688915,High,Free Delivery
15985,0.8370533232342625,1847.3540029024969,1546.3338073196524,High,Control
15590,0.8618177350422072,1664.8907101716472,1434.8323409329407,High,10% Discount
13987,0.7216536099552485,975.9390804941071,704.2899605349783,High,Free Delivery
12909,0.754491852720632,1151.709250926648,868.955246527138,High,Control
14167,0.7121252248201191,907.4514934595037,646.2190987932019,High,10% Discount
17966,0.693859124552313,993.2665300668992,689.1870449993324,High,Free Delivery
14365,0.7106222033469852,900.7405246471753,640.0862162686952,High,Control
13126,0.8557560587671247,1806.7459935032778,1546.133830593658,High,10% Discount
17726,0.8670495959028767,1318.0172607672018,1142.7863333412188,High,Free Delivery
13856,0.8348245251851766,1003.0127670680539,837.3396570222582,High,Control
14304,0.7531602198869247,1663.1332389378736,1252.6057959397021,High,10% Discount
16461,0.5767315247703247,1286.5873342068016,742.0154750072761,High,Free Delivery
13393,0.6585332069273114,1172.5336874135771,772.1523694027687,High,Control
17635,0.7695763995369685,1466.002685349535,1128.2010683028227,High,10% Discount
14553,0.8127548866634955,1040.2724643720312,845.4865288798454,High,Free Delivery
17004,0.7083645439416385,1469.446492600209,1040.9037945773873,High,Control
16241,0.8210895340345322,1388.5091353709593,1140.090318964432,High,10% Discount
15057,0.7556400939216854,2012.037878316531,1520.3764913450923,High,Free Delivery
16692,0.6520978803420828,1325.5754650146491,864.4049509695235,High,Control
15636,0.6407305069058459,1026.9359190027703,657.9891719424658,High,10% Discount
18177,0.602401949796015,1075.4879827413358,647.8760577855636,High,Free Delivery
17525,0.6678313107543142,1175.6132935393252,785.111366764564,High,Control
14414,0.6250138611316153,1604.595228343483,1002.8942592203263,High,10% Discount
15105,0.682629820900271,1057.5852985209262,721.9392629160996,High,Free Delivery
16124,0.7778504163509755,1729.7562982551453,1345.491656783487,High,Control
13211,0.8941646274331313,1708.9582731318615,1528.0900375937183,High,10% Discount
15784,0.6294648085905155,1130.717367288991,711.7467911705363,High,Free Delivery
13361,0.6355696462546265,1786.1874468531712,1135.2465237409244,High,Control
16264,0.6837820325851126,1056.8796165353083,722.6752923922875,High,10% Discount
16501,0.6794322802967582,1576.4585073592239,1071.0967984483011,High,Free Delivery
14947,0.7852112793373145,1002.8199453172474,787.4255322075315,High,Control
17547,0.692681035438292,1109.9485312667414,768.8402979210578,High,10% Discount
14038,0.7433642501741775,1848.1323422996502,1373.835512856226,High,Free Delivery
16894,0.7079165397939595,1229.8661114304314,870.6425620136832,High,Control
14375,0.6768946524304981,1002.3514345570541,678.4863259077082,High,10% Discount
14275,0.8449265887750834,1642.764444385713,1388.0153581558156,High,Free Delivery
13665,0.827461371260242,1861.8098816501922,1540.5757576961369,High,Control
18085,0.6768120653813713,980.4550394323696,663.5838002517959,High,10% Discount
15716,0.8538028435674275,1403.45007304177,1198.2696631679771,High,Free Delivery
17382,0.8256785508759512,1189.7161916130215,982.323141044695,High,Control
13692,0.7373032671800145,2008.4754124566991,1480.8554836550513,High,10% Discount
18135,0.8054344303485418,869.4368629167238,700.2743844073547,High,Free Delivery
15347,0.7713022048639769,1321.7759342208053,1019.48869240065,High,Control
16214,0.6097915756517853,1486.1572151963371,906.2461499208438,High,10% Discount
16787,0.8138224632938131,1142.478717937136,929.7748444923576,High,Free Delivery
13514,0.6933069132257361,996.2723389956196,690.7225000812372,High,Control
17853,0.7879634121890968,1727.7319340512506,1361.389550103091,High,10% Discount
12699,0.6079204001234454,1369.9419086943462,832.8156332793435,High,Free Delivery
16085,0.8945739804981201,1406.1444625224494,1257.9002489940972,High,Control
16129,0.8020366898320015,1548.6475933476163,1242.0721894848177,High,10% Discount
14837,0.8453155489003705,1841.3449788153728,1556.517541482258,High,Free Delivery
12664,0.5761886289782963,2305.5645357118387,1328.4400688527865,High,Control
13897,0.6787008921497181,1135.6060018085084,770.736806558009,High,10% Discount
14080,0.7813176860205375,1214.084871179176,948.5859821822561,High,Free Delivery
17002,0.7724200800862308,1329.9583409476206,1027.2865282261116,High,Control
16369,0.7790216234009973,1351.9895482167904,1053.229092673025,High,10% Discount
16167,0.8494778606247853,1609.8827968948815,1367.5597941629096,High,Free Delivery
12891,0.8218982737558137,964.8597679545144,793.0165776982503,High,Control
17080,0.8199660097234683,988.6072802420834,810.6243667636718,High,10% Discount
17366,0.7026044453637037,1225.3481911074978,860.9350861905011,High,Free Delivery
14682,0.8113196668453431,1575.6022094568523,1278.3170596573198,High,Control
16854,0.7363607480220932,1668.6829009352175,1228.7525891443331,High,10% Discount
14967,0.8017144904869133,1872.0826496464722,1500.8757876107122,High,Free Delivery
13662,0.8949896147215756,1535.521585325088,1374.2758720467634,High,Control
17046,0.7987286463991029,1435.421788587656,1146.5125022103978,High,10% Discount
14885,0.6714899518684431,1257.4627203980301,844.3735815964347,High,Free Delivery
12486,0.625084783821751,2005.0832337748648,1253.3470197287788,High,Control
16256,0.6237165858357511,1258.6837075468914,785.0619047182321,High,10% Discount
16768,0.8680375789572583,1403.9638809156183,1218.6934081334298,High,Free Delivery
13455,0.7662280053167044,1305.57975253756,1000.3717695687311,High,Control
13797,0.7524358838462395,1335.364603252897,1004.7762455055765,High,10% Discount
14301,0.7766741830812435,1707.2085804679816,1325.944829584259,High,Free Delivery
16314,0.795400694388515,1729.810332222197,1375.8923394099634,High,Control
16600,0.8969387354718901,1588.327310249093,1424.6322891702898,High,10% Discount
15637,0.7721009221303287,834.7312279053335,644.4967507966895,High,Free Delivery
16081,0.8047386286018327,1554.1983554229714,1250.7234531183058,High,Control
14479,0.702351926419833,976.1229578355247,685.5818398584063,High,10% Discount
15186,0.6918802292049125,1282.3101861985522,887.2050655388483,High,Free Delivery
12933,0.8516444490339512,1109.7661375485588,945.1261707690785,High,Control
17515,0.8258669514934449,1118.9056691175474,924.0672139628421,High,10% Discount
16860,0.7401939384403229,1862.213457979104,1378.3991136781258,High,Free Delivery
12425,0.6139432271804225,1843.0583521001918,1131.533192570223,High,Control
17259,0.7728291761304675,976.4651426472572,754.6407517121992,High,10% Discount
16175,0.6866143627925927,1023.3023293610945,702.6140768184437,High,Free Delivery
17165,0.8603417143871638,1797.341329673563,1546.3277209102578,High,Control
12932,0.833699967777811,1694.438240169875,1412.6531062311155,High,10% Discount
16254,0.790380603185496,1195.3503708941757,944.781747165345,High,Free Delivery
17101,0.7540930968538291,1200.7914840670646,905.5085688958382,High,Control
15434,0.8793837316790155,1749.3300633235299,1538.3323990237343,High,10% Discount
16232,0.7909321815691711,1966.5549824585446,1555.4116224516597,High,Free Delivery
15133,0.6954811771066264,1243.5075289508495,864.8360799756891,High,Control
13439,0.7365919950582699,911.0429405379068,671.0669371545695,High,10% Discount
13965,0.685755524030073,1275.3242165230956,874.5606264100377,High,Free Delivery
14130,0.8217937457071778,1497.1073198902186,1230.3134321382167,High,Control
14346,0.7852699133796366,1459.73710000649,1146.2876260791384,High,10% Discount
13614,0.6982005132575266,985.1122220234429,687.8058590330304,High,Free Delivery
12492,0.5859235436634607,1107.739141690823,649.0504433542075,High,Control
15466,0.8057411824912319,1292.8859912252115,1041.7314873961504,High,10% Discount
12562,0.7541844668010006,2046.2705179090988,1543.265439479881,High,Free Delivery
12505,0.6275451689965958,1923.9721418141953,1207.3794228795316,High,Control
15331,0.6796062069740763,950.2843010358038,645.8191093739539,High,10% Discount
14758,0.7768519099352936,1622.1944525832603,1260.2048587757438,High,Free Delivery
14544,0.5740218631503224,1356.8712927244874,778.8737875048968,High,Control
16623,0.7561651355476577,1148.5141534664795,868.4663605343839,High,10% Discount
15443,0.8624692468588351,1691.0135799416707,1458.4472087203553,High,Free Delivery
16450,0.5189710380182518,1411.0543167513376,732.2963234645769,High,Control
17908,0.794479078647232,978.8462555037686,777.672871209927,High,10% Discount
14409,0.8071242598787698,1682.684515377012,1358.1354940831372,High,Free Delivery
12767,0.6809975266529427,1980.6338523355946,1348.8067546456296,High,Control
18062,0.7649067153621162,1259.3019668817983,963.2485311366088,High,10% Discount
15608,0.5989917581128976,1147.5377254886844,687.3656396913427,High,Free Delivery
15976,0.8283130473889397,1262.4331855624612,1045.689879058169,High,Control
12537,0.6294922801641112,1545.7281007421077,973.0239066498904,High,10% Discount
17150,0.8663033355474802,1554.6218881201573,1346.7741271936138,High,Free Delivery
18106,0.7804775097342161,1055.5823862625718,823.8583121495135,High,Control
14129,0.815666472394463,1871.3303685199767,1526.38144037532,High,10% Discount
17354,0.7939965066538425,1887.03919150312,1498.3025259723686,High,Free Delivery
16434,0.8057261411897072,1319.756638944186,1063.3624240059967,High,Control
17098,0.709407718231052,954.435461864491,677.0838832000887,High,10% Discount
15471,0.7276249284309748,1103.9165717204285,803.2372164918438,High,Free Delivery
13145,0.6364007212466308,1002.9815655167031,638.2981916919048,High,Control
13764,0.6668766721529795,1296.236668791263,864.4299960061813,High,10% Discount
14189,0.6274877880425739,1397.3651184642024,876.8295472729516,High,Free Delivery
13363,0.5983455374889206,1212.140890442614,725.2790926041846,High,Control
12742,0.45616627882749267,1908.992060144393,870.8178043872969,High,10% Discount
17720,0.8807283004485964,1691.5498472003526,1489.7958220488495,High,Free Delivery
15774,0.8162328635744316,1168.178352365622,953.5055617170531,High,Control
14605,0.822571960056433,1087.3799317283144,894.4482417677899,High,10% Discount
16895,0.7694113109717957,1018.9064262082858,783.9581291465043,High,Free Delivery
14912,0.8272140640278799,1712.1925090205075,1416.3497237849465,High,Control
15752,0.7547088094014757,1423.6972079556954,1074.4768247644479,High,10% Discount
14260,0.7040472111031401,1002.5271532811229,705.8264463227448,High,Free Delivery
12588,0.768408535187583,1325.4455257791153,1018.4836549348657,High,Control
15587,0.7003024292507201,1104.4604490958745,773.4563355131822,High,10% Discount
17728,0.7372609571383534,1610.6280727785238,1187.453194530596,High,Free Delivery
16983,0.8462003301655243,1803.23865001385,1525.9011410089543,High,Control
16300,0.7775988655041202,1353.7351522469407,1052.6629185802685,High,10% Discount
17540,0.804496166841993,1333.5704284452677,1072.852297898052,High,Free Delivery
13613,0.7926892991661022,1206.3587062932977,956.2676374345599,High,Control
15268,0.6814382596585002,1249.2266545554796,851.2708373992965,High,10% Discount
14628,0.757673505000281,1531.8980815778175,1160.6785887722713,High,Free Delivery
14370,0.8048419903676423,1377.4890553697098,1108.6610330334006,High,Control
14372,0.6558592476113496,1153.6460743078414,756.629446305328,High,10% Discount
14917,0.5266291661556038,1332.1039623885645,701.5247989452656,High,Free Delivery
13377,0.7490890557169716,1834.165171316564,1373.9530562104824,High,Control
17422,0.870900909297754,1789.5032272052172,1558.4799877642888,High,10% Discount
15678,0.7506729711014299,1771.9840581007356,1330.1805376388481,High,Free Delivery
17043,0.8284229712709158,1032.5162062445895,855.3601434625166,High,Control
14215,0.7403430940243736,1554.6601310155806,1150.981891552413,High,10% Discount
13466,0.7798108397799803,946.5696462389379,738.1452707438251,High,Free Delivery
16472,0.6502497273068978,1064.0516033526376,691.89926492052,High,Control
16042,0.7944340417064797,1343.338380082826,1067.1937386686348,High,10% Discount
14412,0.5911154336373566,1104.3915217781564,652.8228733013151,High,Free Delivery
15549,0.7876502379034513,844.2847694462062,665.0010995125648,High,Control
13124,0.6472141649234138,1410.016996642651,912.5829730098933,High,10% Discount
13091,0.3963434743291502,1967.116454848177,779.6537701245674,High,Free Delivery
15452,0.8053021931806866,1372.1204759781515,1104.971628613333,High,Control
15207,0.7269607033860062,997.5353377496034,725.1689907828489,High,10% Discount
18057,0.8055253162136837,1316.9904706159182,1060.8691652932957,High,Free Delivery
12696,0.7057900938171416,1449.1628303533328,1022.8047699913933,High,Control
15734,0.6234285753438952,1353.129402467945,843.5795356365271,High,10% Discount
14798,0.8181725498332132,826.1021621334612,675.8941124154644,High,Free Delivery
12632,0.6198123527537146,1341.882807055635,831.7155397609121,High,Control
13198,0.7605635593318567,1840.5313760011613,1399.8410943934032,High,10% Discount
16269,0.5813129560692805,1141.3007424839436,663.452908377406,High,Free Delivery
17815,0.599051351103632,1182.9143728306522,708.6264532841076,High,Control
14966,0.852189020891414,1039.9762304209705,886.2563255527905,High,10% Discount
12670,0.7103310500221286,1470.9381202794816,1044.8530194957002,High,Free Delivery
17470,0.8729424025542845,1712.55663766809,1494.9633057962697,High,Control
12874,0.7552750692084653,1645.8004208177588,1243.032026736454,High,10% Discount
15400,0.6972183656476029,921.9923485670129,642.8299984074877,High,Free Delivery
17289,0.8784188431450463,1221.6171180846134,1073.0914956340714,High,Control
16183,0.7305898470840391,1085.4734490392984,793.0358811474055,High,10% Discount
16471,0.7720284317457732,1248.519471816578,963.8925298306139,High,Free Delivery
17603,0.5850684468179446,1290.1490553863523,754.8255039985315,High,Control
13300,0.6956368122927886,1289.9933611212145,897.3668696092218,High,10% Discount
15696,0.808252654099184,1410.7228128105628,1140.2204576524036,High,Free Delivery
17368,0.8777852925358272,1031.123806623336,905.1053122375206,High,Control
13874,0.7924221334520983,1674.8998127979853,1327.2276829758996,High,10% Discount
15074,0.6807087766325459,1146.8328975919346,780.6592187217636,High,Free Delivery
13970,0.6977608800049855,1381.5473900859204,963.9897226749428,High,Control
12485,0.48834109144574184,1401.7612353721147,684.5376116279499,High,10% Discount
14621,0.733719063622173,1289.4408523436882,946.0873347777875,High,Free Delivery
14894,0.6437851439818888,1185.388325383508,763.1353937314717,High,Control
13134,0.6732948983538999,1039.813080189822,700.1008421334617,High,10% Discount
17905,0.8826813234881401,1463.3076163481255,1291.634303468439,High,Free Delivery
15828,0.652878824269026,1645.5831437919294,1074.3663881558025,High,Control
18116,0.8457763995561621,843.4608110153918,713.3792479073186,High,10% Discount
13888,0.842793894351171,1497.2385525827365,1261.863510503915,High,Free Delivery
12847,0.631773155429002,1321.2095116094877,834.7047021323367,High,Control
16904,0.8598435740929806,1090.346108191568,937.5270946658095,High,10% Discount
13635,0.7830037791044026,1977.9546231578258,1548.745944829602,High,Free Delivery
12673,0.6172630482558186,1391.2788862347152,858.7850462912005,High,Control
17790,0.8643938142682334,983.6706156632268,850.2787954567181,High,10% Discount
13276,0.8017858129029105,1338.954718244695,1073.5548972080103,High,Free Delivery
16292,0.81375262565345,1230.6880704487046,1001.4756486880113,High,Control
13337,0.5178495391588698,1927.4182345846368,998.1126445460566,High,10% Discount
14984,0.7838141636006947,1524.4893320420076,1194.9163307126878,High,Free Delivery
16172,0.7003397446720855,943.2220502165874,660.5758898177658,High,Control
12531,0.4052202592916583,2407.095872084602,975.4040134260027,High,10% Discount
16027,0.8585699463351467,1566.9516180088633,1345.337566583641,High,Free Delivery
17305,0.3772321586761803,2979.3048755140344,1123.8896095446278,High,Control
15101,0.7105046081458773,1268.623876996903,901.3631106101882,High,10% Discount
16233,0.8624024934822113,1592.6164408694965,1373.4763897666185,High,Free Delivery
16565,0.6895330902493766,988.3430289920843,681.4952230073411,High,Control
15607,0.8270876045292112,1569.2199937455796,1297.8824056063752,High,10% Discount
13541,0.6380822761298385,1245.0332652786565,794.4336597663702,High,Free Delivery
17239,0.7409361241079936,1285.5953676126633,952.5440488501179,High,Control
14695,0.6910664874052529,1550.5636844374847,1071.5425989023595,High,10% Discount
13567,0.8072509584176433,1100.816476016533,888.6351553062789,High,Free Delivery
16010,0.8990157417658224,1521.384687171365,1367.7487830485284,High,Control
17622,0.48739894262568956,1383.2337635674983,674.1866737669517,High,10% Discount
15310,0.5965990602522732,2282.285497056931,1361.6093827715572,High,Free Delivery
13641,0.6478884825375483,1061.9870728395351,688.0491930964992,High,Control
17548,0.7560735798397836,969.4556063839694,732.979770814476,High,10% Discount
17268,0.8325282335246341,1267.359033369759,1055.1121772928132,High,Free Delivery
15265,0.5633548343300532,1714.3338237167238,965.7782472463415,High,Control
14180,0.8661623388623326,1652.0812460117234,1430.970556036111,High,10% Discount
15003,0.822743073261672,974.2643696360996,801.5692616437501,High,Free Delivery
17235,0.8589294230515677,1290.0387705410726,1108.0522568949973,High,Control
13360,0.8090247493154831,1714.2668779786734,1386.884331216532,High,10% Discount
13410,0.8101655587895215,1621.034742716928,1313.306518150488,High,Free Delivery
13246,0.8680082862236139,1421.7124079351734,1234.0581507146574,High,Control
17545,0.7710342164226036,907.8641223189911,699.9943021704181,High,10% Discount
16138,0.7896336963174695,1229.074728129257,970.518820623094,High,Free Delivery
18171,0.7507522790904735,1416.8432380987285,1063.6982901165468,High,Control
15410,0.5546540772178532,1450.7971333608273,804.6905452345563,High,10% Discount
14389,0.7445890842998967,1146.0704140776102,853.3515201612512,High,Free Delivery
13415,0.7488728790299997,886.2887122597041,663.7175796017156,High,Control
17028,0.6407130833294207,1511.630559409634,968.5214765743236,High,10% Discount
17143,0.6899684526067467,1087.105550780312,750.0685346920968,High,Free Delivery
14312,0.8662931891175251,1624.4417182255702,1407.2427966171813,High,Control
17977,0.6802505239382348,1773.4323695797075,1206.3782985756213,High,10% Discount
14562,0.9007073151194313,1709.1102490304786,1539.408103647345,High,Free Delivery
14700,0.6799720948302748,1166.9886613294361,793.5197246873547,High,Control
14512,0.841130805118459,1205.5036190084033,1013.9862296297543,High,10% Discount
17609,0.856716660360179,880.638138467025,754.4573649732746,High,Free Delivery
16991,0.628651802867959,1526.0972612558812,959.3837946403643,High,Control
17284,0.7463378707773544,1403.060264553851,1047.1570104194327,High,10% Discount
16465,0.6865941535786525,1021.3458215126436,701.2500698325671,High,Free Delivery
14651,0.8827970495203483,1416.699831389481,1250.6584312066088,High,Control
17172,0.6733897550194289,963.4684596868691,648.7897900374873,High,10% Discount
18242,0.7947769435274916,1572.6823453378233,1249.9316675672424,High,Free Delivery
16903,0.7318502813858371,877.7502528158044,642.381769509736,High,Control
14307,0.7422274737059142,1339.1970845017904,993.9888688240896,High,10% Discount
13655,0.8339104839744587,1589.8311554432523,1325.7768682733554,High,Free Delivery
17941,0.5627543426864692,1623.2098568579963,913.4683960383195,High,Control
13333,0.7696150672796309,1245.0180197757873,958.1846270540954,High,10% Discount
17702,0.7567303040649246,1624.27705571373,1229.1396702559314,High,Free Delivery
13921,0.7700225989716838,962.000820626158,740.7623721114468,High,Control
16891,0.8089655929340386,961.4665388448269,777.7933486828432,High,10% Discount
14669,0.6705883472627965,1538.511742066222,1031.7080463565937,High,Free Delivery
15149,0.6276535112896326,1098.8704424412995,689.7098916506737,High,Control
12591,0.7366247235238712,1565.04200721568,1152.8486358684947,High,10% Discount
14186,0.8485706862791274,1673.5429138198112,1420.1194588976477,High,Free Delivery
13872,0.6378218313958356,1040.311159347797,663.5331688767368,High,Control
17023,0.7497777669251764,1024.7042708529657,768.3004799588277,High,10% Discount
13895,0.6297981897875501,1554.689010154535,979.1403242779243,High,Free Delivery
13573,0.7995557672585085,818.8602889665608,654.7244666221825,High,Control
15990,0.7805435681663462,1246.9444612888522,973.294479119663,High,10% Discount
12440,0.6506045450777956,1536.9793752302307,999.9657672156188,High,Free Delivery
15546,0.43276959327041087,1481.3416811593975,641.0796368498591,High,Control
14226,0.5583535197989746,1278.1361102738902,713.651795953597,High,10% Discount
18286,0.662323688234984,1485.841849857755,984.1082541316797,High,Free Delivery
17987,0.8328797339796166,896.0700662616842,746.3185984151289,High,Control
17113,0.7737330799964991,1947.5114797700667,1506.8540555710333,High,10% Discount
14013,0.697425982767832,927.7054146324161,647.0058605190519,High,Free Delivery
15879,0.8239124939046993,1179.3734021772818,971.7004810327543,High,Control
15861,0.8072332517369599,1201.2782477045648,969.711746135433,High,10% Discount
17351,0.8655293509783804,1702.752990262489,1473.7826905383886,High,Free Delivery
15420,0.8333362113569406,932.9204764141122,777.4364153122483,High,Control
13871,0.8009865083480955,1680.586483822692,1346.127099654141,High,10% Discount
14868,0.8341333864833049,1470.7373655961526,1226.7911393922532,High,Free Delivery
17578,0.7940764352007987,1050.2532613490682,833.9813658300809,High,Control
17713,0.8357401044009366,1443.7010691888229,1206.5588822876107,High,10% Discount
15736,0.7367630652402698,1931.265413733971,1422.8850260151582,High,Free Delivery
13945,0.7107633402328085,1151.5091690645804,818.450503313047,High,Control
15385,0.661010572375442,1082.4499296234956,715.5108475481837,High,10% Discount
16235,0.8243840125801525,1420.6652201832485,1171.1736947477323,High,Free Delivery
13497,0.6922329276704169,979.6328973858458,678.1341485996571,High,Control
14410,0.7792015949213855,1652.6038696179799,1287.7115709795833,High,10% Discount
13539,0.7808976269536072,1150.6495242637566,898.5394829528645,High,Free Delivery
17531,0.5702617955233449,1167.712187280086,665.9016485728342,High,Control
16115,0.8154976728394465,1032.1519424636087,841.7175070957873,High,10% Discount
16218,0.8587690831175108,1154.377745386401,991.343917976739,High,Free Delivery
16926,0.7313889877424319,1072.8597555237113,784.6778105820802,High,Control
15910,0.8953267825901936,1393.3462585865398,1247.5002227343705,High,10% Discount
14839,0.7705567330318108,1124.6994302247388,866.6447185967138,High,Free Delivery
13506,0.77281240853028,1145.9717056989205,885.621153988736,High,Control
17059,0.7795597394772352,1663.9799596657267,1297.1717838523543,High,10% Discount
15834,0.8187216749277643,1681.4746456239761,1376.6597382138307,High,Free Delivery
13196,0.7575580607340149,1414.5535477483968,1071.6064424366962,High,Control
14714,0.7523645008986055,946.6290315582527,712.2100788644551,High,10% Discount
14114,0.8359677222931423,1181.7102483757244,987.8716247451179,High,Free Delivery
16266,0.8434695396896231,1122.0419544852596,946.4082108621269,High,Control
13864,0.5339244864340162,1616.4839772099317,863.0803773606289,High,10% Discount
14597,0.8340462581736084,1618.8584182260508,1350.2028062342843,High,Free Delivery
16016,0.7550255810132575,849.1817949246131,641.1539780988369,High,Control
13863,0.6961835107218053,1127.964145208022,785.2700385792409,High,10% Discount
16372,0.7814743719171136,990.928755330172,774.3854266862533,High,Free Delivery
12842,0.6724849492638727,1253.9488780563993,843.2617476392478,High,Control
18092,0.8964500748823654,5730.797921287865,5137.374225674211,Very High,Control
17961,0.9830732915606923,1897.896358701895,1865.7712203901244,Very High,10% Discount
16104,0.8999520514857362,2284.848240718498,2056.2538615681874,Very High,Free Delivery
16560,0.8839065526729826,2210.5377029075867,1953.9087605306986,Very High,Control
12805,0.8441510502457867,2178.8007346739814,1839.2369284513331,Very High,10% Discount
13929,0.9059143744999228,2926.200039979363,2650.8866788795535,Very High,Free Delivery
17581,0.9670370548431457,5777.193821674378,5586.760498570008,Very High,Control
15819,0.8722768831686839,2000.9885216726182,1745.416030940904,Very High,10% Discount
16754,0.9870861653624199,50502.11901778188,49849.94300393885,Very High,Free Delivery
13495,0.8808849806759137,3011.7464112145526,2653.0021792434836,Very High,Control
13542,0.9542565208863525,3947.3571491825887,3766.791299874848,Very High,10% Discount
14293,0.8619167875166313,2089.974369832258,1801.3839948379157,Very High,Free Delivery
16717,0.9181876102280583,2707.0081506193073,2485.5413446850175,Very High,Control
14548,0.8387093938767155,1904.0353625056916,1596.9323448069808,Very High,10% Discount
16455,0.8652964149065376,2299.1022133198635,1989.4049026893636,Very High,Free Delivery
13941,0.9315496990195065,5156.295633663413,4803.345645594748,Very High,Control
14465,0.8976945102308482,3177.5615332318785,2852.4795443029743,Very High,10% Discount
12600,0.9300880952565703,3565.7860388074323,3316.4951449268756,Very High,Free Delivery
12621,0.9715351694693991,11109.740662423495,10793.503777228685,Very High,Control
13552,0.9144391347348267,3089.3455573276456,2825.0184783395734,Very High,10% Discount
13157,0.8900800410075154,3550.7327225113113,3160.4363272595947,Very High,Free Delivery
12633,0.8694263218535574,4050.8282013001126,3521.8966635170186,Very High,Control
17457,0.9238802520455617,4817.188590543252,4450.505409182104,Very High,10% Discount
16539,0.8616341543946843,2052.580695735982,1768.5736320973253,Very High,Free Delivery
17029,0.8489846792490542,1871.9161564506392,1589.2281376653682,Very High,Control
16004,0.8170810979570814,2147.183348926163,1754.4229282557524,Very High,10% Discount
14459,0.4448504607379319,3581.3030540898735,1593.144313654043,Very High,Free Delivery
15199,0.8652720473842088,2363.71264878895,2045.254483045566,Very High,Control
14422,0.9579818508399943,5149.414685482974,4933.0458111416265,Very High,10% Discount
12653,0.5561143809840731,3229.3178644204936,1795.8701051730116,Very High,Free Delivery
17218,0.9132163015997619,1963.8522219854724,1793.4218630500477,Very High,Control
15034,0.911929670994924,3340.957680209075,3046.7184381210263,Very High,10% Discount
13097,0.96752933728234,5944.239360353707,5751.2259689706225,Very High,Free Delivery
15251,0.944794693309069,8074.117091999403,7628.382981677088,Very High,Control
15372,0.8857477750215009,4357.483073677041,3859.63093720329,Very High,10% Discount
15394,0.9050625685830141,2976.400481105384,2693.8286645609583,Very High,Free Delivery
13141,0.9535499981356539,4454.480777207867,4247.570136801867,Very High,Control
16156,0.9386745890209992,3102.1084639821947,2911.87038752705,Very High,10% Discount
12759,0.9055567881705556,4023.4570972612396,3643.468886337915,Very High,Free Delivery
12472,0.9636853345529659,9238.707728123454,8903.207147813722,Very High,Control
17044,0.9565558476228924,9294.657810531276,8890.859280317482,Very High,10% Discount
14869,0.8602613051330248,2045.389918932761,1759.5698011670288,Very High,Free Delivery
16550,0.9521273258826803,5345.880543940701,5089.958946790508,Very High,Control
13663,0.8449675353171812,2004.7918685661987,1693.9840440063072,Very High,10% Discount
16225,0.9135710489492266,1823.657450476347,1666.0406499557487,Very High,Free Delivery
17739,0.939008026708265,5062.515950641648,4753.74311299113,Very High,Control
14277,0.9531867833790888,12714.802473113683,12119.581670647714,Very High,10% Discount
13131,0.8338131032117975,2227.2946160110732,1857.147435543122,Very High,Free Delivery
12540,0.9707830998446161,9424.958225606133,9149.590162159935,Very High,Control
12876,0.7868725165359854,2751.446506115724,2165.0376363814244,Very High,10% Discount
16143,0.8710815331659778,2234.4531101213743,1946.390840952014,Very High,Free Delivery
16554,0.8676033532132189,2107.5624229255104,1828.528225236349,Very High,Control
16570,0.9354541335340133,3770.696344028831,3527.313481323362,Very High,10% Discount
12836,0.9371692663417872,3516.2331862367378,3295.3056754321283,Very High,Free Delivery
15061,0.9955594320973633,57618.230787199864,57362.37312095951,Very High,Control
14031,0.9821799253743407,16371.387342588256,16079.647998417759,Very High,10% Discount
14987,0.8405454587341339,1936.412198927303,1627.6424800457228,Very High,Free Delivery
15980,0.8198154327936151,3751.6701129953094,3075.6770573841204,Very High,Control
17049,0.9390608859057635,3844.2789489099896,3610.011995432292,Very High,10% Discount
15301,0.8709660361080562,2009.5080316336807,1750.2132448392895,Very High,Free Delivery
14648,0.9548151433625715,3766.011295562103,3595.844615077193,Very High,Control
15093,0.9680783170387676,8270.472214385092,8006.464822417809,Very High,10% Discount
14676,0.9171526646332986,5433.173687709891,4983.049725098652,Very High,Free Delivery
12415,0.9572505664596687,17602.44202066336,16849.947595353475,Very High,Control
15332,0.8100528123487689,4172.886894250811,3380.258764301189,Very High,10% Discount
16919,0.9375896882742369,2354.3213465289805,2207.3874173894887,Very High,Free Delivery
15785,0.9428713448383861,3696.0898794481095,3484.9372352787873,Very High,Control
17133,0.8701025114459773,9221.029915920084,8023.241287960554,Very High,10% Discount
14852,0.9335551804454809,3328.4058961020205,3107.2505669313246,Very High,Free Delivery
15628,0.9093700643355321,2524.6793771857374,2295.8678476579853,Very High,Control
14857,0.8547078722111482,2306.5248534079196,1971.4049496584134,Very High,10% Discount
14769,0.940844781974918,4183.11070653687,3935.6578806686266,Very High,Free Delivery
15255,0.9144027002471112,2766.66782031143,2529.8485255795613,Very High,Control
12497,0.8280701563726766,7323.008304305896,6063.964631664992,Very High,10% Discount
16336,0.8440480938814644,3413.3191191015794,2881.005496286847,Very High,Free Delivery
15971,0.8446423878798022,2616.470274903728,2209.9817008112072,Very High,Control
13883,0.9325137407281675,3541.3338261877907,3302.342453425571,Very High,10% Discount
15240,0.9138127972425418,2762.044980010645,2523.992049293248,Very High,Free Delivery
14292,0.9032763985264253,4120.086891438646,3721.5772489146348,Very High,Control
14740,0.9071675630832299,2600.7229705527157,2359.2915194508855,Very High,10% Discount
13113,0.9506597770886879,5428.360436791091,5160.523922796871,Very High,Free Delivery
15329,0.9042905069571059,2131.818552488429,1927.783279570325,Very High,Control
17716,0.9608931451819541,7958.736853425556,7647.495686763611,Very High,10% Discount
12989,0.953484233095635,7785.352364275452,7423.2107284304675,Very High,Free Delivery
16128,0.8917347735494683,2056.766015695285,1834.0897772502774,Very High,Control
12385,0.7074006894660694,3420.4024657450013,2419.5950625194578,Very High,10% Discount
18172,0.9809327464826513,9105.546110566702,8931.928354462618,Very High,Free Delivery
15480,0.851841300387264,5369.876726314608,4574.28277346314,Very High,Control
12731,0.8913337186406667,7464.247108853381,6653.1351323871295,Very High,10% Discount
12625,0.7130229527023062,3145.97225008545,2243.1504228754457,Very High,Free Delivery
12360,0.8845531436043877,2259.4125010376947,1998.5704304919448,Very High,Control
16200,0.9433081304896594,3841.8687618023064,3624.0660392823565,Very High,10% Discount
15179,0.9318081448769906,4525.746391406453,4217.127349160181,Very High,Free Delivery
12668,0.9338800455084475,7422.349098807882,6931.5837141742895,Very High,Control
15856,0.9817505408836044,12994.08293462968,12756.9479493591,Very High,10% Discount
14146,0.9282818236334808,4359.973131990249,4047.2838099568876,Very High,Free Delivery
16466,0.9112736671161866,2154.6354034618143,1963.4625054110118,Very High,Control
15203,0.9264646356301115,2591.1031522086923,2400.5654377910596,Very High,10% Discount
16335,0.8223351801088213,2192.509787304908,1802.9779308337352,Very High,Free Delivery
15640,0.9637887894675783,8994.437472484,8668.73800354718,Very High,Control
13327,0.9474248582671471,4897.144058067801,4639.676015128688,Very High,10% Discount
17621,0.7827402963002199,2083.031881384493,1630.4729920377024,Very High,Free Delivery
15615,0.9777917665278447,9122.78646277342,8920.18549109153,Very High,Control
14498,0.8657846587268265,1894.219492016672,1639.986176449357,Very High,10% Discount
14107,0.8202546993382823,2210.3701487802805,1813.0665018140833,Very High,Free Delivery
15367,0.9022065818063221,2881.9460944326734,2600.1107348081823,Very High,Control
14655,0.8154411765025857,2237.98181542429,1824.9425245609757,Very High,10% Discount
12474,0.9609139214503297,5641.677288320284,5421.166246677107,Very High,Free Delivery
13013,0.963191116209495,5426.727719320978,5226.97592933778,Very High,Control
12921,0.9873578424044361,15197.67517256589,15005.543767948124,Very High,10% Discount
17364,0.9700420566263372,6066.506309103112,5884.766256619033,Very High,Free Delivery
13313,0.8560550240755345,1898.1359731556722,1624.908836198417,Very High,Control
16945,0.9541845193662585,3878.5790640716086,3700.8801000752005,Very High,10% Discount
13659,0.9245674127217828,3057.9457120302295,2827.276955215459,Very High,Free Delivery
17287,0.9483479743974699,2605.0431378573257,2470.4873830050237,Very High,Control
18051,0.7479128556357862,2127.201209214018,1590.9611308951537,Very High,10% Discount
12678,0.9625871058849905,15888.55447687649,15294.11767059255,Very High,Free Delivery
15719,0.9663122936177548,4447.175859737213,4297.360705144177,Very High,Control
15965,0.9172378453402121,1987.0882132067327,1822.6325111826754,Very High,10% Discount
14227,0.8801613291689666,2706.524528520896,2382.1782264513627,Very High,Free Delivery
13418,0.9535636886600166,4789.930664018227,4567.503952406943,Very High,Control
15727,0.9320499706162304,3490.9368320252597,3253.7275717122598,Very High,10% Discount
17732,0.8949368088653891,1990.5893722863816,1781.4517005953323,Very High,Free Delivery
12662,0.9317858273561445,3699.224146220244,3446.8846316616573,Very High,Control
17414,0.820872289313154,2182.7400556726693,1791.7508264755454,Very High,10% Discount
18287,0.8589718879507271,2449.5479201085027,2104.092801561377,Very High,Free Delivery
17157,0.9370617479915254,4547.394243680562,4261.189198789908,Very High,Control
16607,0.9295653811029058,2436.6706304840764,2265.044663248188,Very High,10% Discount
15358,0.9758097295237532,6777.289835078302,6613.345360871839,Very High,Free Delivery
13555,0.9369875674884939,4146.154862262322,3884.8955588217646,Very High,Control
16710,0.949760689272659,2947.4968121280635,2799.416603915715,Very High,10% Discount
12455,0.8471880292397705,3845.1338932423164,3257.551405179004,Very High,Free Delivery
14532,0.8945968748856407,2564.0463628316684,2293.787863251104,Very High,Control
13722,0.8960790864551141,3115.2971319932612,2791.5526080727586,Very High,10% Discount
17311,0.8549722447443369,2317.5964931443264,1981.480676155208,Very High,Free Delivery
15031,0.9264722195207917,2311.3281412587176,2141.38131307283,Very High,Control
13875,0.9261727056652239,2940.3564277415685,2723.277868301541,Very High,10% Discount
15043,0.8123113389308126,2439.5818056688436,1981.6999629941079,Very High,Free Delivery
15606,0.898744702230276,2540.5663075714156,2283.3205095945436,Very High,Control
12477,0.8766108583988913,7071.738186532294,6199.162482068293,Very High,10% Discount
15601,0.9654233505088264,6434.226229395807,6211.752244315073,Very High,Free Delivery
12806,0.8524992737417937,3700.493570798947,3154.668081592279,Very High,Control
15024,0.8900211592636011,1972.9117621533,1755.9332136764742,Very High,10% Discount
16779,0.986590615819704,16934.750788113004,16707.666208797626,Very High,Free Delivery
14221,0.8913695840034555,3003.8716093519724,2677.559786827858,Very High,Control
16923,0.957769633642834,5093.953402388875,4878.8338839996595,Very High,10% Discount
16103,0.9563494949904446,4638.378489448277,4435.910925958401,Very High,Free Delivery
13297,0.8297406678457528,2517.7907735250983,2089.1133979205897,Very High,Control
14145,0.7521668969602595,4462.435400683606,3356.4961882178,Very High,10% Discount
15306,0.8402577103661747,2207.8843099155724,1855.1918150030606,Very High,Free Delivery
15380,0.8287423560896171,2214.23768365666,1835.0325548960366,Very High,Control
16209,0.8267819090657175,2401.098169931757,1985.1845287903786,Very High,10% Discount
17338,0.9436910453028337,4242.17567193836,4003.303194209762,Very High,Free Delivery
13458,0.7900834421871605,2532.715338125213,2001.0564524261863,Very High,Control
12349,0.8296535747841717,3388.349600999004,2811.156359087345,Very High,10% Discount
13373,0.8443331221378598,3659.2073623118586,3089.589976770614,Very High,Free Delivery
14702,0.9439371097019548,2900.610280686246,2737.993684722751,Very High,Control
14543,0.9721398387119868,9951.96768827849,9674.704263349955,Very High,10% Discount
16905,0.9124853712163943,1868.020963602593,1704.5418024129185,Very High,Free Delivery
16883,0.9241816719374059,1972.693573486338,1823.1272449647797,Very High,Control
17063,0.8792056227069348,2174.6468650877155,1911.9617511871286,Very High,10% Discount
14527,0.9923609767795808,14943.360892517689,14829.208211668642,Very High,Free Delivery
17838,0.877378025799698,2735.9415443616094,2400.454990895366,Very High,Control
18258,0.8470745325269448,2308.8463554063746,1955.764947182395,Very High,10% Discount
13979,0.9009125714335278,2179.33538658116,1963.390647140914,Very High,Free Delivery
14882,0.9327972826101717,3416.399239214966,3186.8079266511786,Very High,Control
13611,0.9074234569114961,2165.183593110874,1964.7383809087235,Very High,10% Discount
16735,0.9316414481060218,3661.848735111725,3411.5300583246917,Very High,Free Delivery
15674,0.9200364264567743,3739.0100374608687,3440.0254333515077,Very High,Control
13736,0.8581724108215636,1825.1255387251124,1566.2723836197347,Very High,10% Discount
13015,0.8824671471737313,2833.4820237040417,2500.454798026157,Very High,Free Delivery
12567,0.8840131986502032,3058.2654417468334,2703.547015479995,Very High,Control
16118,0.46215840502775435,4647.412491865475,2147.8407447466093,Very High,10% Discount
13426,0.9482125201551821,4290.54072551577,4068.3444341697514,Very High,Free Delivery
17416,0.9647343250677429,8050.718772362535,7766.804741165378,Very High,Control
17381,0.9514710748992982,14417.521729787153,13717.854897624571,Very High,10% Discount
12592,0.738417904564966,2939.844189507648,2170.8335861637283,Very High,Free Delivery
13911,0.9309703643099019,1931.4671722802084,1798.1386970303215,Very High,Control
14211,0.9103524073689325,2211.516947029724,2013.2597766657013,Very High,10% Discount
18251,0.9457959773748297,16147.842908428769,15272.5648660726,Very High,Free Delivery
17602,0.8865206768305646,2019.0782708074184,1789.9546352100785,Very High,Control
12409,0.907696570733099,11838.342112392414,10745.622538583826,Very High,10% Discount
14844,0.8878699445631849,3239.230053439901,2876.0150079750874,Very High,Free Delivery
17861,0.9384861621199071,2747.176674915838,2578.187294307092,Very High,Control
13735,0.9451316642010542,5363.924040547044,5069.61445509027,Very High,10% Discount
12957,0.8187914028047154,3417.629315709286,2798.325501676126,Very High,Free Delivery
14466,0.8707158232723493,2097.654595745137,1826.4610482752541,Very High,Control
15903,0.8785529856376427,4303.606790698002,3780.946594978164,Very High,10% Discount
14028,0.7453511421758416,11155.023277896564,8314.409341178305,Very High,Free Delivery
12406,0.8389084119470869,4093.1169955315527,3433.7502786350065,Very High,Control
12727,0.7791341297070866,2442.5085107873697,1903.0417428544695,Very High,10% Discount
13707,0.8110439974956476,2511.214881547176,2036.7057561005809,Very High,Free Delivery
15981,0.9502485516805221,5366.8156546113305,5099.80880293077,Very High,Control
13527,0.8607288004624367,2140.152844733086,1842.0911908533808,Very High,10% Discount
16320,0.8630105558435572,4885.530074287329,4216.264025001123,Very High,Free Delivery
16351,0.9370921367590185,3052.7281677395263,2860.6875616514762,Very High,Control
12980,0.9345934790775007,10073.104663490916,9414.257932563773,Very High,10% Discount
13027,0.9614854782842607,12195.010105671317,11725.32512413278,Very High,Free Delivery
14530,0.9313390479075672,2933.532143039423,2732.113033104581,Very High,Control
13047,0.9468137700751169,4689.985371235791,4440.542730936906,Very High,10% Discount
16255,0.89374314743538,1903.9291797237554,1701.6236575803703,Very High,Free Delivery
13205,0.5350295540097313,5201.585480646736,2783.001959853917,Very High,Control
17449,0.8964374489191264,2199.296828976081,1971.5320387832423,Very High,10% Discount
13777,0.9812171463359759,21740.89011622249,21332.534158643855,Very High,Free Delivery
12924,0.8935866569633287,1861.6295604033537,1663.527335384944,Very High,Control
14796,0.9298090886951692,2141.7117793870475,1991.38307783958,Very High,10% Discount
12609,0.9018207275027297,3038.1596396820282,2739.875336527478,Very High,Free Delivery
16700,0.9459488363829988,3565.71286931743,3372.9819396067064,Very High,Control
15760,0.3618827100499065,17036.936201288532,6165.372643469654,Very High,10% Discount
14032,0.8687267081573866,1844.2532696384267,1602.1520719414875,Very High,Free Delivery
15570,0.9548335539944691,3889.6871137604267,3714.003770758357,Very High,Control
16072,0.8291250462107606,2828.054176334298,2344.8105496397093,Very High,10% Discount
14930,0.7932546807702701,3287.8668412774914,2608.1157615927327,Very High,Free Delivery
12765,0.8426348967254849,1982.718158959837,1670.7075111108657,Very High,Control
13654,0.8982963306402291,3312.042787586938,2975.1958830127824,Very High,10% Discount
15077,0.6463809092252613,2736.907769344766,1769.0849324147516,Very High,Free Delivery
15984,0.9713531266196538,4849.49832775318,4710.575363199834,Very High,Control
15202,0.6093095659364515,7433.40206393562,4529.242985007735,Very High,10% Discount
14205,0.892770191787676,2116.4401583407894,1889.4946860690459,Very High,Free Delivery
13178,0.9482547575387653,6710.794579443016,6363.542886822198,Very High,Control
13643,0.886135169589148,1857.8326148669478,1646.2908192433729,Very High,10% Discount
15867,0.9650755695032875,4278.245778009319,4128.830480687379,Very High,Free Delivery
12599,0.8887238985291765,2022.1729509768245,1797.1534284923728,Very High,Control
15296,0.9118406058836492,5009.59067573278,4567.948196989259,Very High,10% Discount
15521,0.9230242532998378,3723.6756876287077,3437.042971104248,Very High,Free Delivery
14482,0.8932427500147662,2343.3111447341716,2093.145691062601,Very High,Control
12873,0.7342517664551192,2131.5003981467744,1565.057932539059,Very High,10% Discount
17512,0.893894291665841,2586.3954148733574,2311.9640973459987,Very High,Free Delivery
15413,0.678319681354508,5520.220616166079,3744.4742893643606,Very High,Control
14049,0.94757146192622,5529.75101583524,5239.834254162998,Very High,10% Discount
13362,0.8315794331414559,2360.2319448948333,1962.7203428180014,Very High,Free Delivery
12454,0.8999574578418931,17193.468503711985,15473.390206085296,Very High,Control
15808,0.9722648902969706,10015.265556017928,9737.4910671168,Very High,10% Discount
12589,0.897875732690757,4627.1242733382405,4154.58259717476,Very High,Free Delivery
14239,0.8953404038805757,2138.3640004017543,1914.5636877633901,Very High,Control
16242,0.9212173347832299,3236.206137152446,2981.249192476708,Very High,10% Discount
15050,0.7535626085101708,2633.4665174499705,1984.481898313795,Very High,Free Delivery
12578,0.7915328250160409,2846.096848648677,2252.779078880139,Very High,Control
16748,0.9122380397212543,2461.997015895719,2245.9273315802884,Very High,10% Discount
13577,0.8922799520944127,2019.549217486609,1802.00327903126,Very High,Free Delivery
18226,0.9644103352907124,5663.44402002173,5461.883946249336,Very High,Control
13993,0.9301961539094618,3327.9387077997,3095.635786441705,Very High,10% Discount
13069,0.9664057607626416,4045.554672394817,3909.6473408825723,Very High,Free Delivery
12949,0.9665224652185566,8559.162756707648,8272.623087819933,Very High,Control
16592,0.9486904914846972,3572.541621242513,3389.2362665060964,Very High,10% Discount
16053,0.8398043649666072,2125.5471041962737,1785.0437360461624,Very High,Free Delivery
12666,0.6505832581856034,2527.517987829525,1644.3608876448525,Very High,Control
17389,0.9825968893789949,22950.601684293782,22551.18982436339,Very High,10% Discount
12917,0.86694235455863,3792.4128400767663,3287.803317034533,Very High,Free Delivery
16938,0.9075787266172156,3330.5223817825904,3022.7112622283794,Very High,Control
16709,0.9399482732347545,5005.314831274365,4704.737032652646,Very High,10% Discount
16684,0.9891332269165598,54150.26180953049,53561.82320203745,Very High,Free Delivery
15673,0.855655066443778,3148.0036090452186,2693.605237262839,Very High,Control
12422,0.9561192349981689,5363.844257923887,5128.474668535508,Very High,10% Discount
12823,0.9195851724173619,7001.24640610796,6438.242383497224,Very High,Free Delivery
12408,0.8180178965236214,2262.8695083055986,1851.0677552915872,Very High,Control
17819,0.8194191191943542,2493.130101001086,2042.9184713992413,Very High,10% Discount
13510,0.9138619617232617,2681.4795602157387,2450.502171219584,Very High,Free Delivery
17188,0.858366978716383,2123.305872619284,1822.575646770968,Very High,Control
15817,0.8186268936242451,2608.603333294239,2135.4728434325143,Very High,10% Discount
14952,0.9709618712717327,8155.151911945727,7918.341560928072,Very High,Free Delivery
14566,0.8069331925813007,4454.528584136729,3594.5069718421114,Very High,Control
14440,0.9078196567245548,3714.3067702992194,3371.920697182727,Very High,10% Discount
15151,0.7327201009632089,2366.547698307294,1734.0170684379702,Very High,Free Delivery
17672,0.859306592407564,2517.5132602797953,2163.3157410318877,Very High,Control
13599,0.9461577277092875,4391.978396945778,4155.504300202496,Very High,10% Discount
18087,0.9619286837540854,10134.120978156867,9748.301653523098,Very High,Free Delivery
15260,0.9632811122812837,6049.184235453492,5827.064918722046,Very High,Control
14295,0.8129288147878202,2264.5604701734187,1840.9264590334262,Very High,10% Discount
13823,0.8778167673728678,2470.548604265058,2168.688989433504,Very High,Free Delivery
13059,0.9064481213755038,2031.1736497935872,1841.1535390428226,Very High,Control
12433,0.8591884061708341,4115.909275994281,3536.3415307852783,Very High,10% Discount
17931,0.9409407838889047,2728.3885905789252,2567.2520991728775,Very High,Free Delivery
14533,0.8312785980855112,1913.4338059140935,1590.5965717096917,Very High,Control
12615,0.8743489817074017,3919.298923855079,3426.8350230796036,Very High,10% Discount
17428,0.9745142384832649,10643.797342753996,10372.532062044109,Very High,Free Delivery
14209,0.9203071195885311,2886.2815792199135,2656.265486493315,Very High,Control
16147,0.8446148037987266,2059.512701487135,1739.4949162875419,Very High,10% Discount
18093,0.8145973466777693,2747.19487554174,2237.857656423066,Very High,Free Delivery
16499,0.8955222326949945,2265.6008647035255,2028.8959447550114,Very High,Control
16208,0.9128933102149626,2616.401525433786,2388.4954494047265,Very High,10% Discount
17949,0.9938200066862183,54327.09088056992,53991.349822170785,Very High,Free Delivery
16705,0.9817532267344454,19642.34470866483,19283.935298361957,Very High,Control
16393,0.9346141349624796,2128.1792795174324,1989.0264363712581,Very High,10% Discount
16253,0.8824876295695774,3175.0366834879615,2801.9305966077436,Very High,Free Delivery
17757,0.9722426640795301,3394.141272321904,3299.928952864534,Very High,Control
17230,0.8748949304114632,4474.489330551906,3914.7080314800446,Very High,10% Discount
12605,0.8556959332199534,1861.8131451372767,1593.1459367094185,Very High,Free Delivery
14341,0.9157513898138651,2309.1216165021433,2114.5813295610765,Very High,Control
14936,0.889240208677974,4859.185645322099,4320.98325725124,Very High,10% Discount
17412,0.9274353586358078,2856.563177845295,2649.277695310794,Very High,Free Delivery
15754,0.8407611264500306,2384.8921642113196,2005.1246224441604,Very High,Control
14160,0.8308423625886133,6083.399915553689,5054.346358409998,Very High,10% Discount
16176,0.8213634300724849,2204.74338749994,1810.8955911865805,Very High,Free Delivery
16743,0.8707089100755712,2052.870062699987,1787.4522548202751,Very High,Control
16168,0.9826159230280023,6812.505279893119,6694.076163735316,Very High,10% Discount
17685,0.871974845143831,2480.4145041330385,2162.859053133918,Very High,Free Delivery
13077,0.9081642513025192,2013.9514814745337,1828.9987393329193,Very High,Control
16571,0.9102783114336584,2771.8351281462205,2523.14140002144,Very High,10% Discount
15353,0.8785737650095168,1870.4407633317542,1643.3201836676537,Very High,Free Delivery
16458,0.9362264949391048,2473.3518884154223,2315.6175692421866,Very High,Control
17848,0.9521471331718439,2908.379524566669,2769.205226491844,Very High,10% Discount
13491,0.9541469783196274,3341.460890628484,3188.2448119663786,Very High,Free Delivery
18026,0.620545873608917,2627.793362379576,1630.6663277215475,Very High,Control
13615,0.9233780810075062,4594.390608529744,4242.359583503104,Very High,10% Discount
16045,0.8311247867640409,2231.954587412365,1855.0327805301247,Very High,Free Delivery
17675,0.9872019978460311,14559.914863735677,14373.577041947985,Very High,Control
16170,0.9572650657063067,4403.407509699143,4215.228179103794,Very High,10% Discount
13203,0.8912843044584594,1865.6766866556006,1662.8483480102002,Very High,Free Delivery
18094,0.8646441502621277,3453.2712161601553,2985.8507563214616,Very High,Control
13824,0.8844012995745518,1958.7928225857256,1732.3589178921202,Very High,10% Discount
15514,0.9110542421215105,2428.837423170455,2212.8026378029217,Very High,Free Delivery
12918,0.23672312072668175,12976.405161588727,3071.8151256651045,Very High,Control
13174,0.9395900599856195,3951.4093149099767,3712.7049152240006,Very High,10% Discount
12726,0.8534356374267303,2264.0138602228585,1932.1901119422475,Very High,Free Delivery
16126,0.9531113765183824,7064.918249547548,6733.653957816104,Very High,Control
12645,0.8472042821907291,2414.4182155711296,2045.50545123116,Very High,10% Discount
15625,0.8800783113014592,1879.7176257273245,1654.298713773692,Very High,Free Delivery
15633,0.9121622385877216,3903.334272819737,3560.474128251428,Very High,Control
17822,0.863116653280669,2039.975345658758,1760.7366931200631,Very High,10% Discount
14934,0.8351191329955235,2359.216707950462,1970.2270116921432,Very High,Free Delivery
14105,0.8754949224651623,3964.8159489620866,3471.176231825201,Very High,Control
12708,0.9129060136310538,3139.192457398657,2865.7876723044797,Very High,10% Discount
13488,0.9396990140155205,4469.336572767224,4199.831170732867,Very High,Free Delivery
14395,0.9439942481820658,3720.885488147081,3512.4944989549626,Very High,Control
17340,0.9254982295049164,5839.981967042474,5404.892970838449,Very High,10% Discount
17611,0.9481310402919356,3480.88400663945,3300.3341743506226,Very High,Free Delivery
15750,0.9440089731541068,3469.447467437391,3275.189541147688,Very High,Control
17730,0.907205213290299,2585.468466205729,2345.5504713395103,Very High,10% Discount
17019,0.9156693613057679,2137.0699869021755,1956.849509972441,Very High,Free Delivery
18008,0.9597695420427429,14555.254630792628,13969.690071311354,Very High,Control
12853,0.8396762317140034,2068.670786095993,1737.0136903259288,Very High,10% Discount
14560,0.9670400618862252,4569.57081277939,4418.958041583669,Very High,Free Delivery
12484,0.8505491851853815,2228.121438771118,1895.1268742408542,Very High,Control
16094,0.9077235105436001,2717.343883170095,2466.596928985337,Very High,10% Discount
17508,0.9315234450448469,4652.228094764757,4333.6595419696905,Very High,Free Delivery
15482,0.9048554712868427,3721.0948862102737,3367.053066964858,Very High,Control
13694,0.9973559151071182,80606.62495020613,80393.4941909091,Very High,10% Discount
17145,0.8040546736144334,2588.1751542124257,2081.034328877258,Very High,Free Delivery
15123,0.8030660272816199,2555.8132191333693,2052.4867683632833,Very High,Control
15953,0.9150464416928477,2069.072745786817,1893.297653635877,Very High,10% Discount
13225,0.9315786012328003,8549.163607634959,7964.217875310936,Very High,Free Delivery
16308,0.8130165726167304,4202.329939201312,3416.5638841741243,Very High,Control
14634,0.8334193027393955,2092.2544270928875,1743.7252257811676,Very High,10% Discount
15680,0.899084511888514,2575.4339662314605,2315.5327904303126,Very High,Free Delivery
14001,0.8706125825059716,2431.5656560344687,2116.951655332996,Very High,Control
14092,0.9338213799694997,3167.7587922979583,2958.120886834195,Very High,10% Discount
12380,0.9052584851528545,6968.077491436257,6307.911274325288,Very High,Free Delivery
12482,0.969057674532372,24056.312668878643,23311.954412727177,Very High,Control
14045,0.9499894233555934,9872.66910376187,9378.931228863321,Very High,10% Discount
18065,0.9496624553584295,3379.4702836042065,3209.356047338419,Very High,Free Delivery
14739,0.9663096042812201,6903.5077285793695,6670.925821355875,Very High,Control
13658,0.8630325145281331,3246.9370159414875,2802.212217382455,Very High,10% Discount
18257,0.8243057497372704,2114.1956959893064,1742.7436682737755,Very High,Free Delivery
14299,0.9696055196637398,9013.899882607737,8739.927079872798,Very High,Control
13450,0.9075356778570104,2438.324632160518,2212.866597883241,Very High,10% Discount
17293,0.903621775754776,2020.0130565762536,1825.327785231267,Very High,Free Delivery
14970,0.8971310200095252,3340.584549881926,2996.9420246636328,Very High,Control
16003,0.8783769448900693,2831.930963440558,2487.502867806508,Very High,10% Discount
14534,0.9020913442974577,1764.3508392046765,1591.6056203504943,Very High,Free Delivery
14110,0.9635957472786516,6410.56212734006,6177.190403570467,Very High,Control
14855,0.8671848790805853,4566.823251800255,3960.2800693948093,Very High,10% Discount
15030,0.8678350130230269,1922.7949488433326,1668.6687794700638,Very High,Free Delivery
14451,0.9301890842420161,2445.6807877801148,2274.9455723334772,Very High,Control
16186,0.9554565162427046,4484.895515356576,4285.122644815123,Very High,10% Discount
13078,0.9836324837987028,14301.185392430829,14067.110508822463,Very High,Free Delivery
16713,0.96520626728211,5629.811417342012,5433.929263634888,Very High,Control
13593,0.9279165019474757,3132.3122515972477,2906.524227509339,Very High,10% Discount
18041,0.9611914888865126,3520.462631487614,3383.83871832891,Very High,Free Delivery
14290,0.7854482526288765,2439.2162170436773,1915.8781154609746,Very High,Control
17593,0.90182523368939,3624.0309022686665,3268.2425153360114,Very High,10% Discount
15838,0.9754285570239511,36788.55978450537,35884.61178558943,Very High,Free Delivery
14913,0.8707977238477701,2729.6105414033955,2376.9386464449562,Very High,Control
18069,0.907657989567569,2105.8399305188686,1911.3824376858656,Very High,10% Discount
16416,0.8887377018038137,2002.166453787757,1779.400812768023,Very High,Free Delivery
16875,0.8613608524587922,2115.632565519309,1822.3230701252937,Very High,Control
12510,0.8949886215794588,4751.48769694607,4252.527424341521,Very High,10% Discount
17419,0.882498963865386,2049.8689441047773,1809.0072192322987,Very High,Free Delivery
15518,0.9108845557871167,2188.639873298404,1993.598258767388,Very High,Control
14147,0.8848199463150759,2578.396676105587,2281.4168085307156,Very High,10% Discount
15629,0.8104721843755547,2423.686764554064,1964.3307063102532,Very High,Free Delivery
16584,0.7870182856460826,2426.5515306682896,1909.7404256984348,Very High,Control
15858,0.9012177135953169,1987.8735310475115,1791.5068385672876,Very High,10% Discount
15946,0.7288134401483692,2554.205739358971,1861.5394717489207,Very High,Free Delivery
14064,0.9141631758678914,2028.5459198054864,1854.4219804432364,Very High,Control
15967,0.9314711468373783,2321.267384221523,2162.1935924970235,Very High,10% Discount
13052,0.8810999442260709,2512.6717070913173,2213.914900976586,Very High,Free Delivery
13982,0.8064001919419347,2012.6704577358255,1623.0178434340312,Very High,Control
14961,0.9621215745388209,7403.8705962618305,7123.423635757111,Very High,10% Discount
12356,0.859862685094593,4598.73939004437,3954.284399973823,Very High,Free Delivery
15614,0.8348143589461513,3026.7961307811565,2526.8128715787625,Very High,Control
15311,0.9970576941073105,39824.4376502908,39707.2619727193,Very High,10% Discount
16395,0.9234625729068021,1852.5827776150131,1710.79085833919,Very High,Free Delivery
14431,0.822941829212859,2369.602957182598,1950.045392092047,Very High,Control
14713,0.933090689648631,2433.497893374586,2270.674227587383,Very High,10% Discount
15805,0.9533075281140893,4166.468876942514,3971.9261460423536,Very High,Free Delivery
13520,0.8848745406806453,3842.939322405035,3400.5191677767457,Very High,Control
12802,0.8788245851407459,2551.9853000281732,2242.7474225825413,Very High,10% Discount
14195,0.7848218086266525,2314.573641798948,1816.527871756228,Very High,Free Delivery
13090,0.9324373924481969,3984.967154333242,3715.7323823781994,Very High,Control
17873,0.9497728425979899,4540.617917209282,4312.555586379223,Very High,10% Discount
15481,0.7051980612516171,3720.3786571451647,2623.603816140665,Very High,Free Delivery
13590,0.9538240222538863,3837.251005366593,3660.0621883365325,Very High,Control
13092,0.8604867527601358,1880.5303045959374,1618.171415268787,Very High,10% Discount
17426,0.8868938659073357,2764.241094161765,2451.588470301051,Very High,Free Delivery
15532,0.8962491321846815,1957.3645388345874,1754.2862692995682,Very High,Control
13680,0.9125805857128979,5514.5479151441905,5032.469366344126,Very High,10% Discount
12863,0.8576974066485492,2707.2469669649545,2321.998702722992,Very High,Free Delivery
12714,0.9457636339024543,8586.918043820779,8121.194813146494,Very High,Control
14329,0.9353596840503482,4152.555112909242,3884.1326384124463,Very High,10% Discount
15005,0.9807028386107883,6205.2769231769225,6085.532692925627,Very High,Free Delivery
17738,0.9200899774221339,2354.204422547207,2166.0798939885476,Very High,Control
15712,0.8975829949672295,2516.1627634798647,2258.464909069278,Very High,10% Discount
13340,0.900610910673747,9050.51547610804,8150.992985004502,Very High,Free Delivery
13267,0.9612519618765121,4793.866467534383,4608.113546891451,Very High,Control
15638,0.8810186786096446,2774.685292722001,2444.5495701515524,Very High,10% Discount
17315,0.8919503725687047,2927.380795506333,2611.078391202345,Very High,Free Delivery
12431,0.9446973104037057,4721.124928124429,4460.034021679036,Very High,Control
15581,0.9736467724808187,3391.007209274018,3301.6432247688354,Very High,10% Discount
12468,0.7616801855609864,3332.093062125341,2537.989261866105,Very High,Free Delivery
14546,0.9047727546517552,2325.2256266013346,2103.800795366943,Very High,Control
16722,0.9312430679157774,3395.2633863435203,3161.815492280651,Very High,10% Discount
15796,0.9206438961922554,2488.4110833599416,2290.940475112488,Very High,Free Delivery
17929,0.8721003910455952,3136.8335728756147,2735.633785549775,Very High,Control
15425,0.8431143929371244,1957.0944199483433,1650.0544737953812,Very High,10% Discount
15312,0.9098449231675592,2120.0067454613823,1928.8773744390185,Very High,Free Delivery
12798,0.695411996693644,3129.571599421275,2176.34163474927,Very High,Control
13889,0.8591198450071934,1821.76643587842,1565.1156980311753,Very High,10% Discount
13162,0.9555895784164774,6547.036882673172,6256.280214590784,Very High,Free Delivery
13266,0.8989437606516804,2359.243744086183,2120.827443602784,Very High,Control
16636,0.8421187548226943,3630.1260111288584,3056.997196341308,Very High,10% Discount
12557,0.8270351982877163,8273.348668235156,6842.3505563372755,Very High,Free Delivery
16293,0.870320180155667,2119.708672246732,1844.8252335073055,Very High,Control
13107,0.8847558078470341,3433.3573174658645,3037.682827042037,Very High,10% Discount
14047,0.9147693244494799,2690.5436612843814,2461.226807434944,Very High,Free Delivery
13571,0.9473083091855602,2459.955305856567,2330.3361014630323,Very High,Control
12744,0.8482773970081052,4456.053732119586,3779.969660810655,Very High,10% Discount
14298,0.991995602569201,25408.561371714193,25205.181148350148,Very High,Free Delivery
14469,0.8341752723301128,2043.9465940269781,1705.009706700661,Very High,Control
12687,0.7349586035962126,2703.7630480880057,1987.1539142778,Very High,10% Discount
15046,0.9154355196723891,2404.5038272502275,2201.1682106530607,Very High,Free Delivery
16326,0.9120704132282355,1759.1220813331056,1604.4432036403991,Very High,Control
16202,0.8968771855165601,2168.950489995377,1945.282210991818,Very High,10% Discount
17085,0.9747274140077762,5245.178962086908,5112.619725722963,Very High,Free Delivery
16456,0.9198413507768904,3317.309497332721,3051.3984489715376,Very High,Control
15369,0.9134192973263687,5699.65844371095,5206.17801065476,Very High,10% Discount
13481,0.889039921185279,2128.436364305755,1892.26489757027,Very High,Free Delivery
16532,0.6577624043353497,3376.3216523632614,2220.81744786796,Very High,Control
15291,0.9746251434779426,8450.236687615858,8235.81314409018,Very High,10% Discount
18095,0.7736947026256923,2144.276274276715,1659.0151943738504,Very High,Free Delivery
16145,0.9207297084251306,2922.455301370992,2690.7914175167907,Very High,Control
17667,0.8194415513032645,1941.4304535503122,1590.8887826046682,Very High,10% Discount
15249,0.8593055072871555,2406.72100346737,2068.10861278318,Very High,Free Delivery
16546,0.8486640226619704,4501.5753597029,3820.3250530814694,Very High,Control
12598,0.7717291376447994,2075.135900292312,1601.4428388283504,Very High,10% Discount
13931,0.9337196257185094,3568.2396782389637,3331.73541683922,Very High,Free Delivery
15023,0.9316446925722407,3966.9778686048508,3695.8138768372487,Very High,Control
16190,0.8985502904606295,2523.372151585111,2267.3767797470655,Very High,10% Discount
17553,0.7147833526527002,3327.9957319592763,2378.7959469037287,Very High,Free Delivery
12782,0.90279825562453,2975.921990477035,2686.657181877346,Very High,Control
16101,0.7873481221839149,1982.8200355309616,1561.169631603946,Very High,10% Discount
13173,0.8959632909963894,1972.9052029875854,1767.6506384926568,Very High,Free Delivery
15898,0.958619705657762,3282.0575465944594,3146.245039268217,Very High,Control
15885,0.9222868826308048,1817.676717498742,1676.4193934125087,Very High,10% Discount
12770,0.6260091259358556,3753.983333401106,2350.027825320196,Very High,Free Delivery
15125,0.900961142613514,4776.667583259316,4303.591883698246,Very High,Control
15694,0.9175634800574258,3682.433106277757,3378.866136074895,Very High,10% Discount
15194,0.9528935596112236,4266.272457152191,4065.303547967073,Very High,Free Delivery
15073,0.8581757754250794,1831.8515279688202,1572.0506054782588,Very High,Control
14540,0.9177569399667985,2633.3257096784937,2416.7529452504323,Very High,10% Discount
14590,0.9505326374142302,2989.7639939528012,2841.8682544180588,Very High,Free Delivery
16772,0.7939646068043009,3637.786444870014,2888.2736843392363,Very High,Control
14737,0.6596344355379232,3480.872555467871,2296.1034033054975,Very High,10% Discount
16150,0.8251133497454006,1965.213953455185,1621.5242681018094,Very High,Free Delivery
17146,0.9256919982652171,4261.473539547018,3944.8119563776268,Very High,Control
16812,0.8245824851540496,2057.484610923112,1696.5657736411927,Very High,10% Discount
12435,0.8911353368524482,7058.439950329166,6290.025262789359,Very High,Free Delivery
12586,0.8311122747296555,2604.5110957845063,2164.641141376089,Very High,Control
16125,0.9495665867071877,3686.7369958753397,3500.8022652604577,Very High,10% Discount
17623,0.8639681528660664,1843.8532170618591,1593.0304581010887,Very High,Free Delivery
14895,0.973621763667715,10433.438423344985,10158.222718855648,Very High,Control
17552,0.8839941237600153,1994.7937837577904,1763.3859829548933,Very High,10% Discount
17092,0.9027372105346858,3149.8399579736256,2843.477737291803,Very High,Free Delivery
15476,0.8542385740669692,2364.587082025665,2019.9214972067798,Very High,Control
17876,0.8015241583481653,4841.748278676307,3880.778213999705,Very High,10% Discount
18260,0.967805904818917,6360.4781172303965,6155.708279327086,Very High,Free Delivery
12935,0.9124308236094625,2311.113818130913,2108.7314845323986,Very High,Control
13564,0.985906951691293,11058.783241740344,10902.93127527898,Very High,10% Discount
14593,0.9271461485196584,2584.829395555083,2396.514618669292,Very High,Free Delivery
15555,0.9733977891144555,5248.375483375384,5108.75709196011,Very High,Control
12766,0.7996733456237672,2791.7570248850698,2232.4936802584984,Very High,10% Discount
15998,0.9505774778268994,3953.220432875003,3757.842308376084,Very High,Free Delivery
14044,0.893990065443036,1995.038302814188,1783.5444228942195,Very High,Control
16067,0.689827599778477,2935.9126279207444,2025.273561277888,Very High,10% Discount
14286,0.8813572625005117,3393.0995052977464,2990.532891381062,Very High,Free Delivery
15015,0.9089224738168729,2157.348171613637,1960.8622370273745,Very High,Control
12631,0.8598251074619049,3318.095564165096,2852.981875027124,Very High,10% Discount
13758,0.9340131314419062,4822.700638827964,4504.465725678589,Very High,Free Delivery
15079,0.8627830434080411,2570.048596195579,2217.3943495321855,Very High,Control
14399,0.9057303684502741,2112.858840771098,1913.6804163350257,Very High,10% Discount
15544,0.9412373759250028,3934.4597528363774,3703.260573442247,Very High,Free Delivery
13901,0.9353038015148566,2721.0809782041274,2545.037383144085,Very High,Control
13018,0.8943326571144549,2390.872786011432,2138.235611536243,Very High,10% Discount
13021,0.9145511048908264,2378.7798476729163,2175.515737981297,Very High,Free Delivery
15421,0.8996932789249462,2635.342878476247,2371.0002754278007,Very High,Control
13206,0.9619211216805444,6165.971869530451,5931.178576989415,Very High,10% Discount
17243,0.9872218954754671,10053.034527991313,9924.575802003901,Very High,Free Delivery
12429,0.8370174309606788,3210.492825091936,2687.2384565761445,Very High,Control
13319,0.9824697751770266,9014.656914199953,8856.627951792058,Very High,10% Discount
16401,0.938074193356142,2918.8218170565656,2738.0714215856465,Very High,Free Delivery
14249,0.9444924022423307,4567.542268593904,4314.008969607641,Very High,Control
13152,0.8860872655177148,2104.117341093327,1864.431581097791,Very High,10% Discount
18145,0.9160185418258608,2660.58894110069,2437.1488022250655,Very High,Free Delivery
12656,0.8200412907066257,2950.9760043335473,2419.9221714379632,Very High,Control
17191,0.9017214651095361,2104.8524782533555,1897.9906605300537,Very High,10% Discount
18231,0.9666044990803511,4526.39609429152,4375.2348293619125,Very High,Free Delivery
13629,0.908714978129869,6634.3796174236695,6028.760128952398,Very High,Control
16612,0.8700655660601871,2195.4968641968176,1910.22622193077,Very High,10% Discount
12483,0.9354920755711237,3856.911580830505,3608.110220045433,Very High,Free Delivery
14177,0.9138347474560287,1758.8400725925271,1607.2891735531352,Very High,Control
12701,0.7638007796744959,2051.374049903728,1566.8410987204957,Very High,10% Discount
15874,0.9573955824290062,5823.558645947389,5575.449321646275,Very High,Free Delivery
12539,0.8403332274928528,5980.939309107477,5025.982033061159,Very High,Control
12583,0.9564355998947901,7430.508742896951,7106.803087036128,Very High,10% Discount
12712,0.9151567845501217,3024.008214097251,2767.4416336663962,Very High,Free Delivery
13089,0.9966058648028492,40270.95303094241,40134.26797183728,Very High,Control
16331,0.8484398404819088,2282.041519731602,1936.174942974173,Very High,10% Discount
16918,0.9182155216962518,1986.213496577434,1823.772061959985,Very High,Free Delivery
17754,0.9264157403512306,2761.3589827083415,2558.1664263412695,Very High,Control
14051,0.9522092375387686,6127.887435495178,5835.031022676263,Very High,10% Discount
14639,0.804905214755028,2061.0315385451486,1658.9350331495684,Very High,Free Delivery
16782,0.9784005568724098,5804.258728000244,5678.889971706984,Very High,Control
15757,0.858316291343924,2198.1044922789515,1886.6688957992885,Very High,10% Discount
15027,0.8883534508997576,2388.9893975677446,2122.266975492239,Very High,Free Delivery
17082,0.8542291150312312,2810.8784514862655,2401.1342120734703,Very High,Control
13696,0.7640149085814958,2404.2502787421217,1836.883056920198,Very High,10% Discount
13032,0.8930744873803157,1862.5064708935627,1663.3570117357895,Very High,Free Delivery
14258,0.9706399346459367,15506.067639523844,15050.808480242898,Very High,Control
15039,0.990123912305193,15014.237284648712,14865.95536055488,Very High,10% Discount
12391,0.8478122250190361,2597.684561221607,2202.348727746889,Very High,Free Delivery
17841,0.9955145793760094,19253.98661887715,19167.624390202796,Very High,Control
14824,0.8972413585870447,2926.0105446450243,2625.33767631732,Very High,10% Discount
17138,0.9082558639489839,3402.2674848053657,3090.129393797434,Very High,Free Delivery
12867,0.9132173456314748,3194.811323072906,2917.557116250019,Very High,Control
12779,0.9017713053236995,3230.1568945895096,2912.86279923433,Very High,10% Discount
17404,0.9517406702507679,16685.915849119792,15880.664733989182,Very High,Free Delivery
12813,0.7399283632546741,2385.0490848702884,1764.7654656501309,Very High,Control
14817,0.88164597811315,2744.4679960680137,2419.6491707936207,Very High,10% Discount
14291,0.950998125154094,3729.1943390956803,3546.4568248152527,Very High,Free Delivery
16316,0.8868075743466118,2711.514872864149,2404.5919272094175,Very High,Control
18170,0.8812678163102716,2149.732518266359,1894.4900820237754,Very High,10% Discount
14113,0.9487626922792801,5259.223798646792,4989.7553305033925,Very High,Free Delivery
14426,0.9301661743659114,5356.062912809691,4982.02854927133,Very High,Control
12481,0.9218120513607659,7088.2069282592165,6533.994569008222,Very High,10% Discount
12705,0.916224559999843,5219.315702659943,4782.0652331698775,Very High,Free Delivery
13831,0.9332815226554688,4170.33167028426,3892.093491221219,Very High,Control
13183,0.8886356493479916,3395.3226823272475,3017.204776555838,Very High,10% Discount
17850,0.9952002011927843,40870.95616298189,40674.78379634105,Very High,Free Delivery
14918,0.9061184285846737,4151.9731749861,3762.179408844124,Very High,Control
13763,0.7761437387284451,3955.909640536623,3070.354498477994,Very High,10% Discount
13952,0.9588891559044567,7608.341229464195,7295.555899353998,Very High,Free Delivery
13562,0.8634916323923569,3017.453286710941,2605.5456642097133,Very High,Control
13230,0.9604402930486179,2936.221893497103,2820.065815846125,Very High,10% Discount
15493,0.8486538881695648,2008.248204804667,1704.307647417029,Very High,Free Delivery
16497,0.9524396658818532,3520.477512323784,3353.0424255822427,Very High,Control
17448,0.9835097634475979,10281.443501065394,10111.900065632668,Very High,10% Discount
16033,0.8988465740557993,1809.5800720244551,1626.534848218828,Very High,Free Delivery
12476,0.9578641750267829,7376.719544210061,7065.895380618716,Very High,Control
16736,0.8098079975941848,2547.8013461983646,2063.2299064326658,Very High,10% Discount
13815,0.8820647286812282,4046.089183459134,3568.912557827933,Very High,Free Delivery
17588,0.8206520723687482,2048.6716174601174,1681.2466084716807,Very High,Control
16019,0.9722395745758764,10815.453965571465,10515.212362332177,Very High,10% Discount
13001,0.9747161012134556,10634.094791747986,10365.22341534691,Very High,Free Delivery
13451,0.9200919963901102,3351.791357889671,3083.9564019638256,Very High,Control
15527,0.9472200041145197,3103.5460224021,2939.7408761093184,Very High,10% Discount
14878,0.9542653475160435,2723.52897843304,2598.9693270744197,Very High,Free Delivery
17735,0.9174632322333945,3370.7958658154694,3092.5812702500243,Very High,Control
17068,0.9737119712939906,4257.132223674726,4145.220609573487,Very High,10% Discount
13849,0.8103558264115833,1993.862033401722,1615.7377158279326,Very High,Free Delivery
17083,0.871225308993787,2992.883820032066,2607.4761308899424,Very High,Control
12758,0.892744574268232,6992.4379360511575,6242.461028317025,Very High,10% Discount
14101,0.9099212745999375,4676.650327693677,4255.383627033247,Very High,Free Delivery
16279,0.9123605228002754,3662.5453736008185,3341.5618118381726,Very High,Control
17576,0.9710816692651688,4655.554942410201,4520.924064831404,Very High,10% Discount
13253,0.7355960436790311,2315.6219116253624,1703.3623168480915,Very High,Free Delivery
16814,0.957863230672474,4841.905543245523,4637.8832862641175,Very High,Control
15159,0.866949523158675,3325.477241550872,2883.0209088375545,Very High,10% Discount
14030,0.9555680857870412,4064.7114447130703,3884.1085345011475,Very High,Free Delivery
15182,0.9146523545486349,2528.8028382506805,2312.9754701952556,Very High,Control
16467,0.8609344583782695,3300.049880990704,2841.1266569120044,Very High,10% Discount
13668,0.9578560645904514,5573.775373592198,5338.874544260196,Very High,Free Delivery
17863,0.8832723129227212,2278.9120677318283,2012.8999330129932,Very High,Control
16206,0.9182606196793927,2059.428570671117,1891.092155489906,Very High,10% Discount
14667,0.9828528925713604,8905.556481554719,8752.851947853682,Very High,Free Delivery
14057,0.8826203739691161,2136.2585844995724,1885.5053507457471,Very High,Control
12371,0.8206839564705473,2841.5090384098507,2331.9808799890166,Very High,10% Discount
13848,0.8509428985821722,2987.065162085318,2541.8218872787065,Very High,Free Delivery
15786,0.7974254291230438,3358.5828406987534,2678.219362989495,Very High,Control
17940,0.9322171980563896,24103.36493200765,22469.571320646814,Very High,10% Discount
18055,0.86724446031251,3064.2019485613173,2657.4121651686014,Very High,Free Delivery
16503,0.8956918492495182,2172.5427172467453,1945.9288039843104,Very High,Control
16347,0.923793398895159,2458.3502515636555,2271.0077345667587,Very High,10% Discount
12682,0.977454251535707,11102.641533564878,10852.324170259912,Very High,Free Delivery
17231,0.9566478484788681,3353.8796921513685,3208.481791553575,Very High,Control
15095,0.8653011292223456,1924.582431491796,1665.3433512513386,Very High,10% Discount
14790,0.893903203094257,2057.690671681447,1839.3762823932184,Very High,Free Delivery
17365,0.9233890608805579,2978.8231686525255,2750.612728231303,Very High,Control
17314,0.9205869282494408,2452.3062643016638,2257.56109098033,Very High,10% Discount
15150,0.8171129485702697,3044.821363438836,2487.9629621492563,Very High,Free Delivery
13371,0.6710807394658258,2335.395492156035,1567.238933821228,Very High,Control
14933,0.7699908021796792,3590.0225402053175,2764.284335575822,Very High,10% Discount
12978,0.881665827243782,2422.9386195717884,2136.222182385668,Very High,Free Delivery
12480,0.8335598086906972,2936.0876344434714,2447.4046468658216,Very High,Control
16823,0.8861436001318844,1916.8168659605187,1698.5749983957699,Very High,10% Discount
14415,0.948949904413214,4842.898215110869,4595.667798312385,Very High,Free Delivery
12629,0.7714258498897874,2528.1803654737087,1950.3036871102288,Very High,Control
12490,0.9519859040685624,5269.4860156716195,5016.476408605794,Very High,10% Discount
14766,0.9014896222107727,3465.1158363658824,3123.7659662420447,Very High,Free Delivery
16327,0.9474107240806349,5098.139269593336,4830.031816869342,Very High,Control
16732,0.8444382617573386,3337.5628743835387,2818.365792150262,Very High,10% Discount
13999,0.9644698663629558,5209.991237146515,5024.879552242871,Very High,Free Delivery
15270,0.950184934784742,5983.046546722318,5685.000692811422,Very High,Control
13734,0.7487534651084208,5956.584385782293,4460.013199065206,Very High,10% Discount
12374,0.8098919697132252,3130.813063502723,2535.620358804117,Very High,Free Delivery
17238,0.9564149333979557,3167.871628347968,3029.799732439695,Very High,Control
12986,0.9098604410286499,2812.4335372365854,2558.9220185538456,Very High,10% Discount
16656,0.9530293313759762,8859.456386156357,8443.321796053215,Very High,Free Delivery
15538,0.7698204334241178,4144.057014101404,3190.1797667297983,Very High,Control
14607,0.9082700057645967,6266.461407684264,5691.6389388810085,Very High,10% Discount
12647,0.9807291695104953,13444.332450886088,13185.248999180514,Very High,Free Delivery
13031,0.8892249991536008,2754.6011970775185,2449.460247139764,Very High,Control
17550,0.8866999925242706,2036.7724656060925,1806.0061300265625,Very High,10% Discount
14744,0.9023800927386617,2811.934000461091,2537.433264111075,Very High,Free Delivery
17913,0.9385880926223099,2769.307144338824,2599.2387104903128,Very High,Control
16950,0.9045645260160085,2447.316256003896,2213.7554691234363,Very High,10% Discount
17031,0.8491539455515,2889.572539270149,2453.6919226785135,Very High,Free Delivery
13971,0.8694618901271086,1959.333537557338,1703.5658409540374,Very High,Control
16749,0.6181685726518545,3778.916566978555,2336.0074603795797,Very High,10% Discount
12671,0.5020913492235242,3909.4435307927874,1962.8977770889287,Very High,Free Delivery
13969,0.9606736026015279,3591.393544535566,3450.156974788853,Very High,Control
14154,0.9178344240342399,4232.26238726973,3884.51611058149,Very High,10% Discount
16341,0.7896845169522019,2019.8475161655977,1595.0423101203348,Very High,Free Delivery
16984,0.9255127214829023,4248.573691631427,3932.108999762463,Very High,Control
15142,0.8684439225481373,2143.2678349941025,1861.3079256935323,Very High,10% Discount
12951,0.9166882947777157,2278.6388401988156,2088.8015528361243,Very High,Free Delivery
14732,0.9267909837815911,2873.0010392889667,2662.671459608155,Very High,Control
18061,0.9584008005931891,4801.765164430339,4602.015577850523,Very High,10% Discount
14282,0.9349377517248406,3727.569217920333,3485.0451840011583,Very High,Free Delivery
13102,0.951695776615202,4617.904045052262,4394.839776490495,Very High,Control
14825,0.9412833314398038,2560.124676676587,2409.8026845633885,Very High,10% Discount
17460,0.91415433711788,1722.3614471277285,1574.5041869764411,Very High,Free Delivery
17884,0.9537037287435329,2028.515896098851,1934.6031739250034,Very High,Control
15122,0.901167565072873,2707.151834656038,2439.5974271195423,Very High,10% Discount
12739,0.7659884971488983,2640.7634420074064,2022.794420269005,Very High,Free Delivery
13115,0.9087468109856315,2995.895091649214,2722.5101105837293,Very High,Control
16858,0.9177483022905777,3757.204633543157,3448.168173792524,Very High,10% Discount
15950,0.9192801021264314,4490.248979090988,4127.796540071868,Very High,Free Delivery
14210,0.9193864354719893,3290.7056934278667,3025.430177668027,Very High,Control
13048,0.8502330430264075,2215.4328024805163,1883.6341732735314,Very High,10% Discount
14134,0.9665961017911642,9202.686382959964,8895.28078377573,Very High,Free Delivery
13634,0.9408253797355967,3262.680225636702,3069.612362240472,Very High,Control
17930,0.9078619460491394,3048.4480850079003,2767.5700108850447,Very High,10% Discount
13446,0.9300390966023105,3574.9195744657363,3324.81497146203,Very High,Free Delivery
15002,0.8131756827565251,2147.6703273964968,1746.433284816576,Very High,Control
13478,0.8296082391086913,2067.503531153934,1715.2179638316165,Very High,10% Discount
12369,0.8216533508523812,2422.88852086652,1990.7744719117459,Very High,Free Delivery
15602,0.8949587592927183,2117.1980370075958,1894.8049283772966,Very High,Control
14555,0.8447306984741285,2093.72478348344,1768.63359876456,Very High,10% Discount
12643,0.9103233806479243,7168.715183443537,6525.849040694426,Very High,Free Delivery
18109,0.9291609236921359,1688.3765764740467,1568.7735393367914,Very High,Control
17865,0.9823805846253649,12069.011060550349,11856.362141513448,Very High,10% Discount
12820,0.8931976212544784,1866.0811704760883,1666.779262537015,Very High,Free Delivery
13995,0.92459911835405,2542.72766132292,2351.0037538736274,Very High,Control
15129,0.941497501620401,3634.3913725596103,3421.770397175613,Very High,10% Discount
13963,0.9405596540394844,2335.9170339829557,2197.069317347947,Very High,Free Delivery
13687,0.811140924556234,13323.241573968984,10807.026488395255,Very High,Control
17920,0.9881311466994931,14416.268783294025,14245.16420396443,Very High,10% Discount
13136,0.9263656819514123,3376.9519349589104,3128.2923821453523,Very High,Free Delivery
13037,0.9237419739205497,2811.814133557882,2597.390738030458,Very High,Control
12412,0.8150938217704112,2090.7267663849657,1704.1384702904154,Very High,10% Discount
16940,0.8674502343810103,2794.499715812719,2424.08943345941,Very High,Free Delivery
14388,0.9219461687053153,3101.6320212013784,2859.5377586803343,Very High,Control
13798,0.9926009882818793,31626.492673106313,31392.48788321494,Very High,10% Discount
15248,0.8041661914583218,1957.9799115731137,1574.5412484416524,Very High,Free Delivery
14841,0.9295983549793475,3585.9993378387753,3333.539085411955,Very High,Control
15523,0.9703343722949868,14368.02437326703,13941.787911353134,Very High,10% Discount
15366,0.8630341249183805,1941.7774070500473,1675.8201652797195,Very High,Free Delivery
18097,0.8610675377488812,2331.742165591945,2007.7874851915003,Very High,Control
17742,0.8839627676085116,1959.6551248806961,1732.2621677477434,Very High,10% Discount
15513,0.9656070801560943,9322.4253272855,9001.799900253374,Very High,Free Delivery
13771,0.7978254364296031,2708.0222605278054,2160.529041866677,Very High,Control
15793,0.8496454439676144,2064.891197831649,1754.4253985264907,Very High,10% Discount
12644,0.7899890026268063,2012.8842298392872,1590.1564051339656,Very High,Free Delivery
14828,0.9489256422846366,7082.232946623295,6720.512447683925,Very High,Control
16197,0.881896560811096,2146.5031479414247,1892.9937439397336,Very High,10% Discount
17589,0.9686429436784779,7927.31670371626,7678.739387359286,Very High,Free Delivery
12424,0.7620993547238111,2396.760723333967,1826.5698006801908,Very High,Control
17491,0.8995259014915212,2337.882276662209,2102.9856624956233,Very High,10% Discount
14492,0.8701036630733616,2002.7328976128708,1742.5852303704867,Very High,Free Delivery
14649,0.8874408660042897,2028.5015407843955,1800.17516404474,Very High,Control
14564,0.7742159593057135,3366.8909843470774,2606.700733324031,Very High,10% Discount
16485,0.8180769282726224,1936.1384471457477,1583.9101935515182,Very High,Free Delivery
16558,0.9649206774921633,4535.657540238086,4376.549746598973,Very High,Control
16985,0.9484489078778837,5133.939649954388,4869.279454110204,Very High,10% Discount
13082,0.9367672498436823,3901.6004437201996,3654.891517652662,Very High,Free Delivery
13769,0.9187052533287587,2726.6612111977256,2504.9979787751067,Very High,Control
14525,0.913631592462053,3304.2307277271334,3018.8495816353893,Very High,10% Discount
16182,0.8418966160205371,4104.142587356074,3455.26375596085,Very High,Free Delivery
16098,0.8864857653626995,2152.6886040085124,1908.3278047120473,Very High,Control
18168,0.9245439769096419,2222.0516367950677,2054.384457181091,Very High,10% Discount
13975,0.9056004731696417,2414.9367857593675,2186.967895858457,Very High,Free Delivery
14685,0.8401015061535174,3557.086548036596,2988.3137665239606,Very High,Control
15067,0.7600994159467312,2289.313424599353,1740.1057969569792,Very High,10% Discount
16005,0.892771330220322,1770.7709513491593,1580.893537751494,Very High,Free Delivery
14626,0.9041181098834098,2629.9350840637117,2377.771937319749,Very High,Control
14085,0.9636040823116441,4408.797356001863,4248.335130328178,Very High,10% Discount
16229,0.8515893645313085,1922.37948172396,1637.0779212293332,Very High,Free Delivery
17308,0.7952778112471848,6252.285669264445,4972.304062344767,Very High,Control
15738,0.9741165305944663,8127.953784126205,7917.574141025183,Very High,10% Discount
17696,0.9684625160057003,5018.863905596357,4860.581565504043,Very High,Free Delivery
12683,0.8841774243348002,3643.605451360818,3221.593683276445,Very High,Control
17032,0.8507568616992905,2403.541414281842,2044.8293505786944,Very High,10% Discount
17465,0.890217421681447,2455.8998400721593,2186.2848235369156,Very High,Free Delivery
12838,0.9139387660559929,2234.3313842110365,2042.0420682460133,Very High,Control
16791,0.9163194766085365,2076.245993591366,1902.5046421582115,Very High,10% Discount
16553,0.9759607845218387,9228.30791740802,9006.466634882625,Very High,Free Delivery
14493,0.8885211513996631,2444.2299811678686,2171.7500371528517,Very High,Control
12839,0.9486497028207131,3923.8064302694147,3722.3178040010835,Very High,10% Discount
16011,0.9418785220692188,2312.8933688628244,2178.464587968214,Very High,Free Delivery
15944,0.7931266045259394,2276.077666835741,1805.2177515347537,Very High,Control
16422,0.9928863810504772,24890.157294565448,24713.098199978223,Very High,10% Discount
14733,0.8573871840856943,4487.147237303958,3847.222534369943,Very High,Free Delivery
14159,0.9366749768833276,2728.1655197271834,2555.4043751243507,Very High,Control
16283,0.8285489873671524,2404.766252800512,1992.466643612566,Very High,10% Discount
16271,0.8373298567630545,1910.0794098844642,1599.366518684618,Very High,Free Delivery
17402,0.919670684174403,2163.228337343947,1989.4576850305639,Very High,Control
14060,0.9343642674210457,3157.64821963227,2950.393665510075,Very High,10% Discount
17706,0.9635854253109962,7512.753574185993,7239.179848038717,Very High,Free Delivery
15389,0.8322002407104211,3477.335695191649,2893.8396025694296,Very High,Control
13534,0.9194048211255037,2112.1788271593628,1941.94739676953,Very High,10% Discount
13214,0.9104891372784476,2837.353463215396,2583.3795068770014,Very High,Free Delivery
17612,0.9442313134728608,3237.592141559966,3057.035880314579,Very High,Control
15299,0.747882354878255,2668.8502511755214,1995.9860106665715,Very High,10% Discount
14608,0.8694875783532285,2181.516251662465,1896.801282796209,Very High,Free Delivery
15769,0.9782130942634679,31750.971824159424,31059.216393983177,Very High,Control
13316,0.9290371538261332,6543.969098539062,6079.590426032896,Very High,10% Discount
17802,0.9222494685753506,3139.8220950829095,2895.6992586113574,Very High,Free Delivery
16105,0.8279293460776586,2092.613440951083,1732.536077759949,Very High,Control
12530,0.8760647689390834,2820.9203859665545,2471.3089661273393,Very High,10% Discount
18259,0.8238267456828219,1918.2169568429094,1580.2784330695001,Very High,Free Delivery
15032,0.88150991555883,5931.320098704579,5228.517479361465,Very High,Control
17504,0.943291764012175,5447.815530767165,5138.879522030283,Very High,10% Discount
14515,0.8737773292397119,1865.4095983582308,1629.9526167915785,Very High,Free Delivery
16742,0.9106717652610844,2492.0982153459167,2269.483480973064,Very High,Control
14243,0.9255148189795599,3984.4778621802852,3687.6933073438504,Very High,10% Discount
13044,0.9094067842948554,3229.960289309083,2937.347800100654,Very High,Free Delivery
17511,0.9905983967577285,47540.45817699874,47093.5016512628,Very High,Control
14175,0.8762467111454517,3835.0632356947817,3360.4615473123868,Very High,10% Discount
13783,0.7666719940668458,2240.1000006139575,1717.4219343798454,Very High,Free Delivery
14099,0.9286891107055888,2531.5066061831685,2350.98261884157,Very High,Control
12721,0.7746995251016981,2096.902277448324,1624.469198523886,Very High,10% Discount
12849,0.8549842772076975,2159.5861181578543,1846.4121763009705,Very High,Free Delivery
14441,0.9027382108999575,2949.512867333136,2662.637968882719,Very High,Control
12733,0.8315654436428107,2678.13581235586,2227.0451949373996,Very High,10% Discount
13881,0.9836017127914595,21163.813320268022,20816.763031014332,Very High,Free Delivery
14680,0.9897909110865906,21126.331027640113,20910.650435764815,Very High,Control
16365,0.8635424103007021,1810.9557987959404,1563.8371354402798,Very High,10% Discount
14938,0.6497965497655466,2905.9497257798816,1888.2761056039033,Very High,Free Delivery
15722,0.8649591654877639,2883.1954641484326,2493.8463426079343,Very High,Control
15939,0.720167734606209,4102.348173790027,2954.3787908842824,Very High,10% Discount
15755,0.9454706860624514,3330.288277736451,3148.6899427372223,Very High,Free Delivery
18215,0.8096644695251035,2092.0650362895417,1693.8707278193883,Very High,Control
14606,0.995364655320437,13955.134313780074,13890.447456186108,Very High,10% Discount
16631,0.8380844087312997,1996.8038289309698,1673.4901563220071,Very High,Free Delivery
12417,0.9369888516780435,3736.7746388934006,3501.316177876363,Very High,Control
15271,0.9242127127012494,1931.652331582721,1785.2576413677598,Very High,10% Discount
18075,0.9363774309064179,3106.421188212018,2908.7826915312316,Very High,Free Delivery
12516,0.7398025575036989,2174.285624133831,1608.5420654777345,Very High,Control
13269,0.9496501617617972,3248.4890812433587,3084.9281814841875,Very High,10% Discount
15485,0.823148609103713,2483.6697702863994,2044.429316884188,Very High,Free Delivery
12681,0.9832858318939218,15099.404865686702,14847.030874459879,Very High,Control
16180,0.8653522091025769,4864.748159310268,4209.720566386835,Very High,10% Discount
17774,0.8726599103631784,1916.3172044342352,1672.2931998489962,Very High,Free Delivery
13050,0.969846214164769,4985.1672974784315,4834.8456304374695,Very High,Control
17686,0.759181973650983,2563.089855447599,1945.851615103521,Very High,10% Discount
12910,0.8813809633086122,3024.3098927945907,2665.569166655062,Very High,Free Delivery
17669,0.7775504776679225,2769.504536735096,2153.429575441852,Very High,Control
17213,0.8206366814328654,2023.4751863589645,1660.5379618953696,Very High,10% Discount
13842,0.9038640747463057,1976.200843586827,1786.2169470014762,Very High,Free Delivery
12725,0.8139920079167915,2530.555786773709,2059.8521860213873,Very High,Control
16767,0.85098989247186,2531.334175312871,2154.1397976598446,Very High,10% Discount
14756,0.7734235539729071,2232.815132149505,1726.9118148715565,Very High,Free Delivery
13715,0.954487439251877,5687.931972624191,5429.059623188941,Very High,Control
15547,0.9560373327324168,4159.373424503308,3976.516274600241,Very High,10% Discount
17519,0.907662475463514,2792.710802116065,2534.8387999023635,Very High,Free Delivery
16400,0.9190712117569187,2532.3680844837095,2327.42660402099,Very High,Control
13334,0.6709190041871175,2370.405037912196,1590.3497875561768,Very High,10% Discount
15222,0.9121376929645397,2816.943330093339,2569.440190323186,Very High,Free Delivery
14507,0.8733575622764925,1874.8954416213955,1637.45411241777,Very High,Control
15245,0.8574303014855295,2382.7846001058474,2043.0717180438335,Very High,10% Discount
16133,0.9757014487252972,7656.285982259421,7470.249324745702,Very High,Free Delivery
15456,0.8982571112949685,1753.6124833382214,1575.194883614187,Very High,Control
12500,0.8879527904972472,2342.0160518792977,2079.599688655568,Very High,10% Discount
16325,0.9159442163828992,2897.8530534487177,2654.2717442338776,Very High,Free Delivery
13473,0.753431878170359,2131.983353191007,1606.3042220226403,Very High,Control
13081,0.9797064414577564,17748.20578705647,17388.031533897054,Very High,10% Discount
14944,0.914565406189364,3593.04138103572,3286.0713501021264,Very High,Free Delivery
16258,0.9474964183172255,5616.364957556381,5321.485681247048,Very High,Control
15611,0.912240177999702,1860.083130315757,1696.842565893489,Very High,10% Discount
17809,0.9003954703780935,4832.9532656371985,4351.569228928748,Very High,Free Delivery
13767,0.9858648316260628,14963.49174008671,14751.980264878566,Very High,Control
16954,0.9436825047317314,4044.171749636054,3816.41412626186,Very High,10% Discount
18220,0.8473711940817418,2098.6356124132317,1778.3233648330674,Very High,Free Delivery
15051,0.902767127667138,2520.8898478169795,2275.776487078983,Very High,Control
13958,0.9310066819647165,4066.751283189295,3786.172618537819,Very High,10% Discount
16353,0.9494479653877262,3531.9525548927268,3353.4051670888807,Very High,Free Delivery
17829,0.8805501691763348,4447.454214665517,3916.206561127724,Very High,Control
13421,0.8829221055236827,2163.32274017881,1910.0454686859375,Very High,10% Discount
14916,0.8175104315503519,1950.4306066138577,1594.4973669219094,Very High,Free Delivery
15569,0.8713172574724607,2217.8361916331132,1932.438948016931,Very High,Control
12676,0.8645239918864691,2229.4465590758386,1927.410038949797,Very High,10% Discount
14866,0.9037568843903369,6884.669909331729,6222.067827313546,Very High,Free Delivery
13357,0.813074095350582,2550.1067907978377,2073.4257719753277,Very High,Control
13461,0.8126651892860178,3167.541989879806,2574.151110777082,Very High,10% Discount
14867,0.9283868065231224,2521.9301895631397,2341.326714962776,Very High,Free Delivery
12913,0.9152835596045548,4217.5630557394525,3860.2661265138695,Very High,Control
13137,0.9305480622546752,3168.344338296874,2948.296684557727,Very High,10% Discount
12613,0.9049464380086656,4072.09625251678,3685.028998943496,Very High,Free Delivery
14344,0.9363683649212046,2255.276015707885,2111.7691152744014,Very High,Control
12395,0.8210375338306514,2362.2206098526185,1939.471783877331,Very High,10% Discount
15465,0.9506050390530688,4673.120542669836,4442.291935964357,Very High,Free Delivery
17139,0.9603687499626585,6996.737044135809,6719.447608894133,Very High,Control
12835,0.9787234184342595,5881.153423780434,5756.022583258736,Very High,10% Discount
16161,0.9765224610315402,6046.694105611729,5904.732609116873,Very High,Free Delivery
16032,0.8590107010532358,1870.8952210913878,1607.1190154668618,Very High,Control
13014,0.6561623443910585,2405.2129056900403,1578.2101389572067,Very High,10% Discount
13381,0.9150549341914707,4161.837936441494,3808.3103390460374,Very High,Free Delivery
15812,0.8933147669517659,3363.083987091854,3004.2925881681754,Very High,Control
12389,0.7995169434811239,2197.519324743537,1756.953933759656,Very High,10% Discount
17700,0.9402646137352632,3697.708403479268,3476.8243637030705,Very High,Free Delivery
12437,0.9754896308979798,8351.448077541674,8146.751002624771,Very High,Control
12747,0.9502330020668813,4701.768714582044,4467.775800681437,Very High,10% Discount
13324,0.903268099180874,3789.651270901138,3423.0711000252545,Very High,Free Delivery
13538,0.8596321553877199,1870.0845938826942,1607.5848501967491,Very High,Control
18225,0.9608164300153984,6278.376576441753,6032.367368469064,Very High,10% Discount
17377,0.990837301785735,11320.948904615776,11217.218466303668,Very High,Free Delivery
13408,0.9898238287329284,18458.29900552963,18270.464193550542,Very High,Control
16686,0.9233610779465832,1803.7098946084823,1665.475512588606,Very High,10% Discount
12524,0.9437929091615703,7811.569411884768,7372.503820360262,Very High,Free Delivery
13902,0.8896736194226891,27145.03895526195,24150.22505669779,Very High,Control
15502,0.7497898623836675,2645.4435809983966,1983.5267785405445,Very High,10% Discount
13148,0.9564609754942887,4030.4684377676217,3854.9857736861613,Very High,Free Delivery
16556,0.9438772658515735,4106.134082331454,3875.6866108509726,Very High,Control
15768,0.9748024550704969,10175.364261940935,9918.970063776618,Very High,10% Discount
17799,0.9373442799279043,2762.2610181112555,2589.1895649944145,Very High,Free Delivery
15290,0.9098451523515676,2913.478245397612,2650.8140580567683,Very High,Control
16563,0.8773686488392471,3453.4142477641517,3029.917392443039,Very High,10% Discount
17091,0.9329887387400481,3303.841929817954,3082.4473150973395,Very High,Free Delivery
18229,0.8960370452222503,3293.4303337932497,2951.0355849374328,Very High,Control
13431,0.8726442520069215,2133.355955857458,1861.6608123637425,Very High,10% Discount
12865,0.7993773201494563,2559.8171263764634,2046.2597545554993,Very High,Free Delivery
16210,0.9674604334795499,10688.213114251546,10340.42329263561,Very High,Control
12594,0.8809450007513405,2500.6873589340976,2202.9680272950663,Very High,10% Discount
17690,0.8760823653609343,2287.8536663719005,2004.3482516347806,Very High,Free Delivery
17069,0.888322876574864,2708.796080424263,2406.285526217198,Very High,Control
13093,0.9921349054198638,34936.385529420186,34661.6075529432,Very High,10% Discount
12939,0.9540756932116686,14142.547642172436,13493.060945484716,Very High,Free Delivery
16933,0.9065648910975499,2348.906670386236,2129.4363198370065,Very High,Control
12377,0.7975671510462935,2677.892096848745,2135.798770493039,Very High,10% Discount
12549,0.7787339808000855,2084.8645357747037,1623.5548593727572,Very High,Free Delivery
15934,0.7572887813749193,2722.276394604508,2061.5493734357565,Very High,Control
17526,0.9132591307871363,2929.2747657382465,2675.1869263948033,Very High,10% Discount
13854,0.9450287156453885,4274.5424625731075,4039.56537337714,Very High,Free Delivery
17017,0.9325140916268339,3879.1847860766447,3617.394477040896,Very High,Control
18064,0.9060533249447018,3676.0455090613796,3330.693256133102,Very High,10% Discount
14755,0.9549744997791852,4522.274042964441,4318.6563920443605,Very High,Free Delivery
17442,0.9247313005274972,2408.709542755728,2227.409108065497,Very High,Control
16191,0.9552524323151933,9510.170142554758,9084.613160406761,Very High,10% Discount
15059,0.9295358105705928,2070.1571531185964,1924.2852073326053,Very High,Free Delivery
15827,0.9255160076446052,2001.1675330200155,1852.1125857886884,Very High,Control
13728,0.9150829426882726,2096.546551621544,1918.513987940793,Very High,10% Discount
16303,0.8505915093033316,2661.504990817771,2263.8535471580376,Very High,Free Delivery
12843,0.9676195947206335,5051.236583545479,4887.675495808314,Very High,Control
15623,0.8934508464563427,2236.294566929876,1998.019273749218,Very High,10% Discount
18223,0.9537429068545628,6420.061546400631,6123.088161449337,Very High,Free Delivery
13139,0.6871026791028008,3753.3552680645334,2578.940460311752,Very High,Control
17858,0.9660683261439276,6788.528198445722,6558.182073653311,Very High,10% Discount
16383,0.8751085215775578,2077.131351346365,1817.7153459991123,Very High,Free Delivery
14040,0.97503162855785,7317.89426092964,7135.17835884837,Very High,Control
15641,0.92490275838751,3120.8646816570827,2886.496352618794,Very High,10% Discount
13953,0.8458704871756869,4751.334555316681,4019.0136750403967,Very High,Free Delivery
14535,0.9024150669449438,2537.647408069614,2290.0112556358035,Very High,Control
17001,0.9168922965737601,2839.212842433061,2603.2523835601623,Very High,10% Discount
13464,0.8698099039709453,2408.771778671557,2095.17354949423,Very High,Free Delivery
14062,0.9636120510261476,11965.878448621892,11530.464674206118,Very High,Control
12857,0.8176250951581395,2689.7880462834964,2199.23820729777,Very High,10% Discount
18194,0.835607817276422,3607.338154875087,3014.319961773127,Very High,Free Delivery
12359,0.8866576268690842,3097.565748773046,2746.480295878067,Very High,Control
13329,0.9060837166110475,3985.2324390916365,3610.95421997106,Very High,10% Discount
12511,0.7242107304850146,4356.547180530593,3155.058216004492,Very High,Free Delivery
15144,0.9489042288277604,5155.29963542297,4891.8856249270675,Very High,Control
13786,0.8810920610650438,2898.4472261149053,2553.7988403458407,Very High,10% Discount
13213,0.8965622586380231,2336.2116978203235,2094.55923645436,Very High,Free Delivery
12841,0.954480175242461,3009.923853744515,2872.912647388528,Very High,Control
15622,0.9158516474215062,3466.1897569505927,3174.5155991787506,Very High,10% Discount
12471,0.9912407141525613,22156.199029737196,21962.126549142984,Very High,Free Delivery
13762,0.6949311869436162,2278.825880401788,1583.6271739054457,Very High,Control
15078,0.9665754445327919,7393.843582047982,7146.707647123958,Very High,10% Discount
17692,0.908683951705265,2393.1714314048827,2174.636473397134,Very High,Free Delivery
17372,0.9621784568980039,2854.151732048428,2746.2033092951215,Very High,Control
14016,0.93658117357601,6894.053065943694,6456.840311196835,Very High,10% Discount
13468,0.9817266016225742,6585.980340287313,6465.632097823349,Very High,Free Delivery
12418,0.7973225176929122,1984.6558699054654,1582.4108149470424,Very High,Control
12724,0.8245804301231026,1940.598607931596,1600.1796348245296,Very High,10% Discount
17406,0.9006577558756583,2061.9148539315975,1857.0796051487184,Very High,Free Delivery
14088,0.8646780981122755,10500.298655356357,9079.378270924419,Very High,Control
18102,0.9971995998280377,185385.96524293046,184866.81035398477,Very High,10% Discount
16746,0.9792620510311189,9175.198969034234,8984.924161035071,Very High,Free Delivery
14505,0.9478229364359846,4376.691569757064,4148.328655521759,Very High,Control
17640,0.8774741525819008,2776.9418687578404,2436.694713057486,Very High,10% Discount
15365,0.87885257355882,2286.2504397142334,2009.2770827428378,Very High,Free Delivery
12982,0.9025849503483487,2323.009580928815,2096.713487261373,Very High,Control
15498,0.9730996382981203,8724.048789557017,8489.368721613087,Very High,10% Discount
16131,0.9195126244342362,5594.778503509979,5144.469464890709,Very High,Free Delivery
15978,0.7483974743818678,2395.964072337204,1793.1334604468582,Very High,Control
18178,0.91785826181326,3868.0720809857444,3550.341916821975,Very High,10% Discount
14496,0.8628505492400433,2026.6099271596604,1748.661488745037,Very High,Free Delivery
12748,0.9965459211429225,16072.858114699713,16017.341195312922,Very High,Control
17050,0.8561041418239711,1851.0815078526364,1584.7185457264036,Very High,10% Discount
17084,0.7085501198423996,2804.9709601948657,1987.4625100005228,Very High,Free Delivery
13648,0.8994241420176036,1860.9947113640517,1673.82357156791,Very High,Control
17584,0.825521495459098,3677.536620813631,3035.8855308196667,Very High,10% Discount
14709,0.9422456750705347,4085.352013362847,3849.405265731844,Very High,Free Delivery
12451,0.8269102066474303,4031.32161055197,3333.5409860437812,Very High,Control
14898,0.9133405444890819,2122.5717079388305,1938.630799445972,Very High,10% Discount
12931,0.9903565868190906,47295.5852654813,46839.49439513333,Very High,Free Delivery
13935,0.6977098872745797,4819.329573460744,3362.493893438344,Very High,Control
16873,0.9083118732052936,6046.094787847558,5491.739682326578,Very High,10% Discount
13693,0.9166514501990478,2181.9525531012755,2000.089972065799,Very High,Free Delivery
13557,0.9270937142493849,2466.0104673114542,2286.2228035176377,Very High,Control
13448,0.9215219562358634,4154.813500804544,3828.7518650565794,Very High,10% Discount
12928,0.9039109577059552,2433.932983875474,2200.058694446993,Very High,Free Delivery
16087,0.8331668818686709,2487.960352912675,2072.8861694491316,Very High,Control
14514,0.8841704968279999,2898.122459623218,2562.434374993446,Very High,10% Discount
14439,0.863836008917911,7199.785884824715,6219.434303810493,Very High,Free Delivery
13750,0.8774939696045889,2292.8891130134925,2011.9963696413545,Very High,Control
14800,0.8961541490333895,2684.429006572185,2405.6621920252433,Very High,10% Discount
16525,0.976564099367237,10199.356764841596,9960.325653182668,Very High,Free Delivery
13869,0.9199146478152154,3821.481196957159,3515.436529431313,Very High,Control
18144,0.8890443537329533,2338.468163111511,2079.0019167985597,Very High,10% Discount
18052,0.6399197252136171,12282.343788647473,7859.714062210467,Very High,Free Delivery
17663,0.9224050896393823,3164.6646860813316,2919.102813443438,Very High,Control
12971,0.9772727684166077,5430.70161149295,5307.2767983082485,Very High,10% Discount
16013,0.9855302554147891,19294.342571412624,19015.15836246472,Very High,Free Delivery
17646,0.9083298670412833,2784.674079990758,2529.402636831313,Very High,Control
17644,0.9225720050725772,3096.0935094959113,2856.3691969478355,Very High,10% Discount
17096,0.9070333009025915,2572.697173658612,2333.5220096463386,Very High,Free Delivery
15497,0.9222267444449721,6653.613769740525,6136.140565662043,Very High,Control
16523,0.8798934710244664,2561.6328493454516,2253.964019300863,Very High,10% Discount
14091,0.5748851814113702,8550.753075923505,4915.701233256116,Very High,Free Delivery
15571,0.9403704262660569,2704.9366526521917,2543.642433077223,Very High,Control
13985,0.911169361647344,2987.053752674077,2721.711861030342,Very High,10% Discount
17203,0.8571571453973597,2122.799565396155,1819.5728157257238,Very High,Free Delivery
12469,0.717960770911538,3799.2422587997903,2727.70690100759,Very High,Control
17618,0.9212563418564818,2808.7588742375888,2587.586925637051,Very High,10% Discount
13202,0.8782943579588642,1791.324113006526,1573.3098617292987,Very High,Free Delivery
12720,0.8770588416665855,2548.13721645516,2234.86627547168,Very High,Control
12976,0.91223194139381,2485.1122502138905,2266.9987725941573,Very High,10% Discount
15841,0.8640388436024359,1820.7661229331031,1573.212655329609,Very High,Free Delivery
17625,0.8548494978588743,3093.373336591026,2644.3686434748693,Very High,Control
12749,0.8486320506389226,2640.524944985001,2240.8340988258497,Very High,10% Discount
14194,0.9629644521016189,5931.000550532258,5711.342695557695,Very High,Free Delivery
16839,0.9372382962945908,5192.0494086937015,4866.187542081422,Very High,Control
15321,0.9192464761561826,3359.97432611621,3088.64455925757,Very High,10% Discount
13394,0.9470405963311302,3733.026609513636,3535.327746393771,Very High,Free Delivery
14135,0.9377728499174407,4212.805839495397,3950.6549382524345,Very High,Control
14063,0.9321287198772779,18095.12190436364,16866.98281673777,Very High,10% Discount
17346,0.939618033959209,2189.952082412316,2057.718470141136,Very High,Free Delivery
14897,0.8208928340069549,1927.068057584849,1581.9163591151043,Very High,Control
15494,0.7842495576449993,2108.330763377118,1653.4574685478483,Very High,10% Discount
16409,0.9234986576332338,3070.999376569389,2836.0638018543286,Very High,Free Delivery
17969,0.9199478957976099,2134.132797543015,1963.2909764523633,Very High,Control
13291,0.9217712724761736,2740.2939753177893,2525.924264587471,Very High,10% Discount
17469,0.9374658479349375,3057.0235880721284,2865.8552101491427,Very High,Free Delivery
16652,0.9406261711023456,8635.363926214188,8122.6493059901695,Very High,Control
14156,0.9980051745253319,137427.20831616997,137153.06502010836,Very High,10% Discount
12649,0.884915421145161,2347.527743178043,2077.363501504347,Very High,Free Delivery
16549,0.977357264491812,6463.203834291711,6316.859219336337,Very High,Control
14225,0.8199146180753307,2100.9127653233722,1722.5690875896996,Very High,10% Discount
13485,0.9323618906858554,2584.335364033788,2409.535806176861,Very High,Free Delivery
15044,0.9678065887441297,6945.0146834180405,6721.430969536706,Very High,Control
16992,0.9195971110575142,3430.7936197105855,3154.9479013204063,Very High,10% Discount
12623,0.9008543300392072,4028.4611671068315,3629.0566857829876,Very High,Free Delivery
16841,0.8691742675813753,2129.282850256654,1850.7178618454104,Very High,Control
12358,0.8405930844282208,3750.2739899615103,3152.454380672676,Very High,10% Discount
15281,0.935406703427794,4754.592361241697,4447.477566772067,Very High,Free Delivery
16177,0.8699032740955859,2008.791478415822,1747.4542840492359,Very High,Control
13799,0.8674371405435839,2282.2285136648825,1979.6897759604992,Very High,10% Discount
13199,0.9771744560532397,7358.925955513716,7190.954467715183,Very High,Free Delivery
13561,0.9176068978471765,1754.4877360523724,1609.9300487899334,Very High,Control
16655,0.9032799172701221,2315.136044783551,2091.2158950011635,Very High,10% Discount
14442,0.8793839625583181,4365.137279308321,3838.631717789187,Very High,Free Delivery
16153,0.8924027522145892,3078.8116894051086,2747.5400251755677,Very High,Control
14770,0.853520380259444,2478.2732101078095,2115.2566926780105,Very High,10% Discount
14907,0.9146448609825492,2233.609712103294,2042.959644615989,Very High,Free Delivery
14625,0.933083419925016,3348.4033701461058,3124.3396679043776,Very High,Control
17673,0.9151537160200328,2478.7213442452385,2268.411049164201,Very High,10% Discount
13576,0.9337724044117309,4213.317674313297,3934.2797752939696,Very High,Free Delivery
13317,0.9501261042394797,3879.1834514957127,3685.71346039988,Very High,Control
16912,0.8138912162303884,2016.82888257634,1641.4793121686325,Very High,10% Discount
14956,0.6275776701352741,2633.848409432494,1652.944448281142,Very High,Free Delivery
14112,0.8722568496243415,2645.941155657521,2307.9402967252186,Very High,Control
13209,0.7970004150306664,2592.420272675712,2066.160033256456,Very High,10% Discount
15228,0.746825288289629,2327.1688135077416,1737.988520046553,Very High,Free Delivery
14257,0.8680445584213664,2820.971443816746,2448.728911267192,Very High,Control
17160,0.9555966815202213,5717.223669134304,5463.359965733604,Very High,10% Discount
12737,0.4637407521439828,5946.568316209274,2757.666063634466,Very High,Free Delivery
16029,0.9879787957888508,35620.979891263065,35192.77281778895,Very High,Control
15382,0.9305692292326875,6139.990771558071,5713.686479784608,Very High,10% Discount
16008,0.9472547998043463,4898.788200680026,4640.400636319053,Very High,Free Delivery
15955,0.9138228675007158,3384.724232357336,3093.0384037119397,Very High,Control
14572,0.8510548777006514,2429.4078404014767,2067.5593924978825,Very High,10% Discount
17975,0.9243072599606725,2353.3977136818735,2175.262592331004,Very High,Free Delivery
13870,0.9108467217432688,2937.6899556241465,2675.7852655783827,Very High,Control
14081,0.9277036921206603,3098.838086739042,2874.8035343519323,Very High,10% Discount
15298,0.9415533142569361,3863.570919713888,3637.75800432333,Very High,Free Delivery
17204,0.895905669717156,3746.7602144348457,3356.7437191828453,Very High,Control
12582,0.7474141412103587,2156.1183222564246,1611.5133241772048,Very High,10% Discount
17409,0.9202921165152815,6594.524077626403,6068.888520809787,Very High,Free Delivery
17450,0.9346935480662295,32389.402780810055,30274.16580494155,Very High,Control
18245,0.9547599565857549,3414.345117173481,3259.879995841337,Very High,10% Discount
12357,0.8654760818221345,12216.67046349715,10573.236085659713,Very High,Free Delivery
13756,0.9286596249599203,3343.7567562924805,3105.2118952557744,Very High,Control
17769,0.9122812369660398,2767.9314376835255,2525.1319158071155,Very High,10% Discount
15681,0.8989377521424112,2016.0415597746996,1812.2958679695491,Very High,Free Delivery
14025,0.8904353018309428,3793.9393777053074,3378.2575549153244,Very High,Control
12872,0.9317978715768239,2518.0473220511085,2346.311135216944,Very High,10% Discount
13384,0.8597180960535012,2585.285788070285,2222.616975473961,Very High,Free Delivery
16444,0.9442645648447668,2853.418189389901,2694.381684924397,Very High,Control
17241,0.9348671656327286,2728.3216549839935,2550.6183325292814,Very High,10% Discount
17965,0.9601660104437915,3665.190697509177,3519.1915295430836,Very High,Free Delivery
17677,0.980447547760528,13985.222457397149,13711.7770632405,Very High,Control
14461,0.9440761309302365,3667.828492746434,3462.7093323477343,Very High,10% Discount
14849,0.9706569160617627,6495.896131242811,6305.286505809682,Very High,Free Delivery
12523,0.9471681701988197,3388.5311660398406,3209.508864199629,Very High,Control
17107,0.8833623127841966,4302.739731945615,3800.878120919933,Very High,10% Discount
13851,0.8634517196670372,2215.0459524183434,1912.5852367571288,Very High,Free Delivery
15854,0.9178033421400693,2680.445552603501,2460.121886603978,Very High,Control
14915,0.9061848759958042,1766.3185149826436,1600.61112446864,Very High,10% Discount
16843,0.9683648579777555,7924.032602143748,7673.354705386035,Very High,Free Delivery
13004,0.9676640266249069,5177.8802545434,5010.448456493064,Very High,Control
16986,0.9004836152215313,2989.839421506092,2692.3014112096575,Very High,10% Discount
14911,0.9988423656553975,113358.8842853572,113227.65614764266,Very High,Free Delivery
12709,0.9792498168260342,19893.27287499923,19480.48381891331,Very High,Control
13983,0.9312453208676138,3625.8246176134503,3376.532209439131,Very High,10% Discount
15218,0.945726311847339,5230.884416532536,4946.985026947035,Very High,Free Delivery
12755,0.9116881514982542,2299.6329714175185,2096.548132836075,Very High,Control
16701,0.9461277052856939,4276.4228749215035,4046.042161480732,Very High,10% Discount
13802,0.9755908941933702,15688.399698192003,15305.459890022135,Very High,Free Delivery
16719,0.8989041844662587,1764.283533444394,1585.9218507980822,Very High,Control
14401,0.9100969548152233,2826.0153831371135,2571.9479944540635,Very High,10% Discount
12975,0.8596475944476979,2075.196579554552,1783.9377476201614,Very High,Free Delivery
16670,0.9293659114011042,3550.8782929540953,3300.06524100568,Very High,Control
14735,0.9711793535989758,5856.471288980819,5687.684000803352,Very High,10% Discount
12637,0.8786472651970236,2795.4976127977566,2456.256332349557,Very High,Free Delivery
14646,0.9976664982295398,174672.78253066464,174265.18328337814,Very High,Control
17307,0.9362960728557779,4595.73566575597,4302.969255730549,Very High,10% Discount
